"   ","REFORMAT_JOB","UPDATE_JOB","PART_SUPPLIER_NUMBER","PART_SUPPLIER_COUNTRY_ABBR","PART_SUPPLIER_ABBR","JOB_PARM","FORMAT_PART_SUPPLIER_NUMBER","FORMAT_COUNTRY_ABBR","REVERSE_SUPER_JOB_PARM","PACKAGE_NAME_1","PACKAGE_NAME_2","PRICE_FACTOR","JOB_STATUS_INDICATOR","JOB_STEP_DESCRIPTION","REFORMAT_SHELL_NAME","REFORMAT_JOB_START_DATE","REFORMAT_JOB_END_DATE","UPDATE_SHELL_NAME","UPDATE_JOB_START_DATE","UPDATE_JOB_END_DATE","LAST_UPDATE_DATE","LAST_UPDATE_USER","PRICE_DECIMAL_COUNT","PRICE_ZERO_OK_FLAG","DUPLICATE_PARTS_EXPECTED_FLAG","REFORMAT_BUILDS_RTRANS_FLAG","OBSOLETE_JOB_FLAG","PREPROCESS_SCRIPT_NAME","VALIDATE_SUPERSESSIONS_FLAG","SOURCE_FILE_FREQUENCY","SOURCE_FILE_STATUS","REVERSE_SUPER_OLD_PRICE_IND","REVERSE_SUPER_OLD_SUPER_IND","REVERSE_SUPER_NEW_PRICE_IND","REVERSE_SUPER_BOTH_PRICE_IND","REVERSE_SUPER_NO_PRICE_IND","REVERSE_SUPER_RUN_IND","EFFECTIVE_DATE","REPLACEMENT_RUN_FLAG","RUN_TYPE_INDICATOR","NAGS_TYPE","LOOKUP_FORMAT_FLAG","HIST_SUPER_RECEIVED_FLAG","ASSEMBLY_SUPPLIED_FLAG","COMPONENT_SUPPLIED_FLAG","SUPER_SUPPLIED_FLAG","DISC_SUPPLIED_FLAG","PRICE_SUPPLIED_FLAG","ASSEMBLY_GENERATED_FLAG","ASSEMBLY_PROCESSED_FLAG","ASSEMBLY_NOTES","COMPONENT_GENERATED_FLAG","COMPONENT_PROCESSED_FLAG","COMPONENT_NOTES","SUPER_GENERATED_FLAG","SUPER_PROCESSED_FLAG","SUPER_NOTES","DISC_GENERATED_FLAG","DISC_PROCESSED_FLAG","DISC_NOTES","PRICE_GENERATED_FLAG","PRICE_PROCESSED_FLAG","PRICE_NOTES","DATA_SUPPLIED_BY","EFFECTIVE_DATE_SOURCE_NOTES","FILE_EXPECTED_DELIVERY_NOTES","ORIGINAL_FILE_DELIVERY","FILE_NOTIFICATION_NOTES","AB_REFORMAT_JOB_PATH","AB_UPDATE_JOB_PATH","EFFECTIVE_DATE_PATTERN","IS_ACTIVE_FROM_AUTOMATION_FLAG","PREPROCESSOR_JOB","REFORMAT_JOB_ITERATIONS","UPDATE_JOB_ITERATIONS","AB_PREPROCESSOR_JOB_PATH"
"1","mptr490","mptr491","043","CA","SUB","zmpt491a","043","US","mpt491e","pkg_oem_ref_037","","0","C","mptr491  Supersession Validation Complete","mptr490.ksh","2/16/2026 7:48:32 AM","2/16/2026 8:05:58 AM","mptr491.ksh","2/16/2026 8:33:38 AM","2/16/2026 8:45:01 AM","2/16/2026 8:45:01 AM","RACEJOB","2","Y","N","N","N","","N","6","","R","R","B","D","B","U","2/16/2026","N","O","N/A","N","N","Y","N","Y","Y","Y","Y","Y","","N","N","","N","Y","","N","Y","","N","Y","","Subaru Canada, Inc.","unknown","","EMAIL ATTACHMENT","Email notifications w/zip attachment and piz attachment.  Use zip attachment.  ","/RDO/Jobs/Production/Race/OEM_Reformats_Updates/OEM_CANADA_SUBARU_reformatAndUpdate/oem_canada_subaru_reformat_mptr490","/RDO/Jobs/Production/Race/OEM_Reformats_Updates/OEM_CANADA_SUBARU_reformatAndUpdate/oem_canada_subaru_update_mptr491","1st of next month","Y","","10","10",""
"2","pptr010","pptr011","058","PR","ACU","zppt011a","058","US","","pkg_oem_ref_012","","0","C","pptr011  Supersession Validation Complete","pptr010.ksh","3/7/2024 7:39:03 AM","3/7/2024 7:42:41 AM","pptr011.ksh","3/8/2024 1:28:22 AM","3/8/2024 1:29:26 AM","9/16/2025 11:58:55 PM","RACE","2","N","Y","N","N","","N","1","","","","","","","","3/7/2024","N","O","N/A     ","Y","N","N","N","N","N","Y","N","N","","N","N","","N","N","","N","N","","N","Y","","ABC Infotech ","date of file arrival","week of PR extract","MITCHELL FTP SERVER","Separate email notification for each PR OEM file, and file delivery noted in RACEDataOps FTP Report.","/RDO/Jobs/Production/Race/OEM_Reformats_Updates_PuertoRico/OEM_PR_ACURA_reformatAndUpdate/oem_pr_acura_reformat_pptr010","/RDO/Jobs/Production/Race/OEM_Reformats_Updates_PuertoRico/OEM_PR_ACURA_reformatAndUpdate/oem_pr_acura_update_pptr011","date of file arrival","Y","","10","10",""
"3","pptr040","pptr041","083","PR","DAE","","083","PR","","OBSOLETE","","0","","","pptr040.ksh","","","pptr041.ksh","","","9/16/2025 11:58:55 PM","RACE","2","Y","N","N","Y","","N","999","","","","","","","","","N","O","N/A","N","N","N","N","N","N","N","N","N","","N","N","","N","N","","N","N","","N","N","","","","","","","","","","","","","",""
"4","pptr075","pptr076","056","PR","ISU","zppt076a","056","US","","pkg_oem_ref_012","","0","C","pptr076  Supersession Validation Complete","pptr075.ksh","3/1/2012 1:07:17 PM","3/1/2012 1:08:29 PM","pptr076.ksh","3/2/2012 2:58:52 AM","3/2/2012 3:00:06 AM","9/16/2025 11:58:55 PM","RACE","2","N","Y","N","Y","","N","2","","","","","","","","3/1/2012","N","O","N/A","N","N","N","N","N","N","Y","N","N","","N","N","","N","N","","N","N","","N","Y","","ABC Infotech ","date of file arrival","week of PR extract","MITCHELL FTP SERVER","Separate email notification for each PR OEM file, and file delivery noted in RACEDataOps FTP Report.","/RDO/Jobs/Production/Race/OEM_Reformats_Updates_PuertoRico/OEM_PR_ISUZU_reformatAndUpdate/oem_pr_isuzu_reformat_pptr075","/RDO/Jobs/Production/Race/OEM_Reformats_Updates_PuertoRico/OEM_PR_ISUZU_reformatAndUpdate/oem_pr_isuzu_update_pptr076","date of file arrival","Y","","10","10",""
"5","pptr140","pptr141","059","PR","SUZ","zppt141a","059","US","","pkg_oem_ref_012","","0","C","pptr141  Supersession Validation Complete","pptr140.ksh","6/12/2023 5:39:24 AM","6/12/2023 5:40:30 AM","pptr141.ksh","6/13/2023 12:19:22 AM","6/13/2023 12:20:11 AM","9/16/2025 11:58:55 PM","RACE","0","N","N","N","N","","N","1","","","","","","","","6/8/2023","N","O","N/A     ","N","N","N","N","N","N","Y","N","N","","N","N","","N","N","","N","N","","N","Y","","ABC Infotech ","date of file arrival","week of PR extract","MITCHELL FTP SERVER","Separate email notification for each PR OEM file, and file delivery noted in RACEDataOps FTP Report.","/RDO/Jobs/Production/Race/OEM_Reformats_Updates_PuertoRico/OEM_PR_SUZUKI_reformatAndUpdate/oem_pr_suzuki_reformat_pptr140","/RDO/Jobs/Production/Race/OEM_Reformats_Updates_PuertoRico/OEM_PR_SUZUKI_reformatAndUpdate/oem_pr_suzuki_update_pptr141","date of file arrival","Y","","10","10",""
"6","vptr035","vptr036","030","VE","NIS","","030","VE","","OBSOLETE","","1","","","vptr035.ksh","","","vptr036.ksh","","","9/16/2025 11:58:55 PM","RACE","2","Y","N","N","Y","","N","999","","","","","","","","","N","O","N/A","N","N","N","N","N","N","N","N","N","","N","N","","N","N","","N","N","","N","N","","","","","","","","","","","","","",""
"7","vptr050","vptr051","001","VE","GMC","zvpt051a","001","US","","OBSOLETE","","2.1","V","Step999R Validate Supersessions Job Complete","vptr050.ksh","","","vptr051.ksh","9/11/2007 1:16:32 PM","","9/16/2025 11:58:55 PM","RACE","2","Y","N","Y","Y","","N","999","","","","","","","","","N","O","N/A","N","N","N","N","N","N","N","N","N","","N","N","","N","N","","N","N","","N","N","","","","","","","","","","","","","",""
"8","vptr175","vptr176","079","VE","KIA","","079","VE","","OBSOLETE","","1","","","vptr175.ksh","","","vptr176.ksh","","","9/16/2025 11:58:55 PM","RACE","2","Y","N","N","Y","","N","999","","","","","","","","","N","O","N/A","N","N","N","N","N","N","N","N","N","","N","N","","N","N","","N","N","","N","N","","","","","","","","","","","","","",""
"9","lptr155","lptr156","046","BR","VW","zlpt156a","046","BR","","OBSOLETE","","0","","","lptr155.ksh","","","lptr156.ksh","","","9/16/2025 11:58:55 PM","RACE","2","Y","Y","Y","Y","","N","999","","","","","","","","","N","O","N/A","N","N","N","N","N","N","N","N","N","","N","N","","N","N","","N","N","","N","N","","","","","","","","","","","","","",""
"10","mptr050","mptr051","001","US","GMC","zmpt051a","001","US","","pkg_oem_ref_005_price","pkg_oem_ref_005_super","0","P","Step999R Reformat Job Complete","mptr050.ksh","10/31/2024 4:49:55 PM","10/31/2024 4:50:08 PM","mptr051.ksh","2/22/2024 5:28:05 AM","2/22/2024 5:47:11 AM","9/16/2025 11:58:55 PM","RACE","2","Y","Y","Y","N","","N","1","","","","","","","","10/1/2024","N","O","N/A     ","N","N","Y","N","Y","Y","Y","Y","Y","","N","N","","N","Y","","N","Y","","N","Y","","General Motors Corporation","1st of next month","13th - 16th","EXTERNAL FTP SERVER","No notification from OEM. Login to Sterling (their site Part Pricing) to double-check new files are available.","/RDO/Jobs/Production/Race/OEM_Reformats_Updates/OEM_US_GMC_reformatAndUpdate/oem_us_gmc_reformat_mptr050","/RDO/Jobs/Production/Race/OEM_Reformats_Updates/OEM_US_GMC_reformatAndUpdate/oem_us_gmc_update_mptr051","1st of next month","Y","","10","10",""
"11","vptr155","vptr156","046","VE","VW","zvpt156a","046","US","","OBSOLETE","","1","C","vptr156  Supersession Validation Complete","vptr155.ksh","4/3/2007 2:36:44 PM","4/3/2007 2:59:21 PM","vptr156.ksh","4/3/2007 7:25:20 PM","4/3/2007 7:38:33 PM","9/16/2025 11:58:55 PM","RACE","0","Y","Y","N","Y","","N","999","","","","","","","","","N","O","N/A","N","N","N","N","N","N","N","N","N","","N","N","","N","N","","N","N","","N","N","","","","","","","","","","","","","",""
"12","mptr460","mptr461","232","CA","HON","zmpt461a","032","US","mpt461e","pkg_oem_ref_011","","0","C","mptr461  Supersession Validation Complete","mptr460.ksh","3/15/2024 7:44:09 AM","3/15/2024 7:51:02 AM","mptr461.ksh","3/16/2024 12:48:23 AM","3/16/2024 12:54:42 AM","9/16/2025 11:58:55 PM","RACE","2","Y","N","N","N","","N","1","","R","R","B","D","B","U","4/1/2024","N","O","N/A     ","Y","Y","N","N","Y","Y","Y","N","N","","N","N","","N","Y","","N","Y","","N","Y","","Honda Canada Inc.","1st of next month","2nd week of month (around 11th)","OEM WEBSITE","No notification","/RDO/Jobs/Production/Race/OEM_Reformats_Updates/OEM_CANADA_HONDA_MOTORCYCLE_reformatAndUpdate/oem_canada_honda_motorcycle_reformat_mptr460","/RDO/Jobs/Production/Race/OEM_Reformats_Updates/OEM_CANADA_HONDA_MOTORCYCLE_reformatAndUpdate/oem_canada_honda_motorcycle_update_mptr461","1st of next month","Y","","10","10",""
"13","mptr400","mptr401","058","CA","ACU","zmpt401a","058","US","mpt401e","pkg_oem_ref_011","","0","C","mptr401  Supersession Validation Complete","mptr400.ksh","3/15/2024 7:17:23 AM","3/15/2024 7:23:49 AM","mptr401.ksh","3/16/2024 12:34:22 AM","3/16/2024 12:39:36 AM","9/16/2025 11:58:55 PM","RACE","2","Y","N","N","N","","N","1","","R","R","B","D","B","U","4/1/2024","N","O","N/A     ","Y","Y","N","N","Y","Y","Y","N","N","","N","N","","N","Y","","N","Y","","N","Y","","Honda Canada Inc.","1st of next month","2nd week of month (around 11th)","OEM WEBSITE","No notification","/RDO/Jobs/Production/Race/OEM_Reformats_Updates/OEM_CANADA_ACURA_reformatAndUpdate/oem_canada_acura_reformat_mptr400","/RDO/Jobs/Production/Race/OEM_Reformats_Updates/OEM_CANADA_ACURA_reformatAndUpdate/oem_canada_acura_update_mptr401","1st of next month","Y","","10","10",""
"14","pptr080","pptr081","065","PR","LEX","zppt081a","044","US","","pkg_oem_ref_007","","0","C","pptr081  Supersession Validation Complete","pptr080.ksh","3/12/2024 9:49:54 AM","3/12/2024 9:53:55 AM","pptr081.ksh","3/13/2024 1:21:54 AM","3/13/2024 1:25:40 AM","9/16/2025 11:58:55 PM","RACE","2","N","Y","N","N","","N","1","","","","","","","","3/12/2024","N","O","N/A     ","N","N","N","N","N","N","Y","N","N","","N","N","","N","N","","N","N","","N","Y","","ABC Infotech ","date of file arrival","week of PR extract","MITCHELL FTP SERVER","Separate email notification for each PR OEM file, and file delivery noted in RACEDataOps FTP Report.","/RDO/Jobs/Production/Race/OEM_Reformats_Updates_PuertoRico/OEM_PR_LEXUS_reformatAndUpdate/oem_pr_lexus_reformat_pptr080","/RDO/Jobs/Production/Race/OEM_Reformats_Updates_PuertoRico/OEM_PR_LEXUS_reformatAndUpdate/oem_pr_lexus_update_pptr081","date of file arrival","Y","","10","10",""
"15","pptr060","pptr061","032","PR","HON","zppt061a","032","US","","pkg_oem_ref_012","","0","C","pptr061  Supersession Validation Complete","pptr060.ksh","3/7/2024 8:05:10 AM","3/7/2024 8:10:01 AM","pptr061.ksh","3/8/2024 1:41:07 AM","3/8/2024 1:43:07 AM","9/16/2025 11:58:55 PM","RACE","2","N","Y","N","N","","N","1","","","","","","","","3/7/2024","N","O","N/A     ","Y","N","N","N","N","N","Y","N","N","","N","N","","N","N","","N","N","","N","Y","","ABC Infotech ","date of file arrival","week of PR extract","MITCHELL FTP SERVER","Separate email notification for each PR OEM file, and file delivery noted in RACEDataOps FTP Report.","/RDO/Jobs/Production/Race/OEM_Reformats_Updates_PuertoRico/OEM_PR_HONDA_reformatAndUpdate/oem_pr_honda_reformat_pptr060","/RDO/Jobs/Production/Race/OEM_Reformats_Updates_PuertoRico/OEM_PR_HONDA_reformatAndUpdate/oem_pr_honda_update_pptr061","date of file arrival","Y","","10","10",""
"16","pptr145","pptr146","044","PR","TOY","zppt146a","044","US","","pkg_oem_ref_007","","0","C","pptr146  Supersession Validation Complete","pptr145.ksh","3/12/2024 10:03:34 AM","3/12/2024 10:11:00 AM","pptr146.ksh","3/13/2024 1:29:36 AM","3/13/2024 1:36:55 AM","9/16/2025 11:58:55 PM","RACE","2","N","Y","N","N","","N","2","","","","","","","","3/12/2024","N","O","N/A     ","N","N","N","N","N","N","Y","N","N","","N","N","","N","N","","N","N","","N","Y","","ABC Infotech ","date of file arrival","week of PR extract","MITCHELL FTP SERVER","Separate email notification for each PR OEM file, and file delivery noted in RACEDataOps FTP Report.","/RDO/Jobs/Production/Race/OEM_Reformats_Updates_PuertoRico/OEM_PR_TOYOTA_reformatAndUpdate/oem_pr_toyota_reformat_pptr145","/RDO/Jobs/Production/Race/OEM_Reformats_Updates_PuertoRico/OEM_PR_TOYOTA_reformatAndUpdate/oem_pr_toyota_update_pptr146","date of file arrival","Y","","10","10",""
"17","xptr145","xptr146","044","MX","TOY","zxpt146a","044","US","xpt146e","pkg_oem_ref_007","","21.1473","A","Step280R pkg_oem_ref_actrans_preprocess","xptr145.ksh","6/24/2024 3:27:42 PM","6/24/2024 3:33:20 PM","xptr146.ksh","3/20/2024 1:02:35 AM","3/20/2024 1:11:37 AM","9/16/2025 11:58:55 PM","RACE","2","Y","N","N","N","","N","1","","R","R","B","D","B","U","6/18/2024","N","O","N/A     ","N","Y","Y","Y","Y","N","Y","N","Y","","N","Y","","N","Y","","N","N","","N","Y","","U.S. Toyota Motor Distributors, Inc.","1st of next month","12th-17th","MITCHELL FTP SERVER","Email notification from Andrew.","/RDO/Jobs/Production/Race/OEM_Reformats_Updates/OEM_US_MEXICO_TOYOTA_US_LEXUS_reformatsAndUpdates/OEM_US_MEXICO_TOYOTA_US_LEXUS_reformats_suite/step2_oem_mexico_toyota_reformat_xptr145","/RDO/Jobs/Production/Race/OEM_Reformats_Updates/OEM_US_MEXICO_TOYOTA_US_LEXUS_reformatsAndUpdates/OEM_US_MEXICO_TOYOTA_US_LEXUS_Updates_suite/step2_oem_mexico_toyota_update_xptr146","1st of next month","Y","","10","10",""
"18","xptr050","xptr051","001","MX","GMC","zxpt051a","001","US","xpt051e","OBSOLETE","","0","V","Step999R Validate Supersessions Job Complete","xptr050.ksh","11/1/2007 2:42:27 PM","11/1/2007 2:51:20 PM","xptr051.ksh","12/11/2007 3:49:29 PM","","9/16/2025 11:58:55 PM","RACE","0","Y","Y","N","Y","","N","6","","R","R","B","D","B","U","","N","O","N/A","N","N","N","N","N","N","N","N","N","","N","N","","N","N","","N","N","","N","N","","","","","","","","","","","","","",""
"19","mptr250","mptr251","250","US","HDM","zmpt251a","250","US","mpt251e","pkg_oem_ref_008","","0","C","mptr251  Supersession Validation Complete","mptr250.ksh","8/12/2026 8:41:57 AM","8/12/2026 8:44:03 AM","mptr251.ksh","8/12/2026 9:31:13 AM","8/12/2026 9:41:18 AM","8/12/2026 9:41:18 AM","RACEJOB","0","Y","N","N","N","","N","1","","R","R","B","D","B","U","8/10/2026","N","O","N/A     ","N","Y","N","N","Y","Y","Y","N","N","","N","N","","N","Y","","N","Y","","N","Y","","Harley Davidson","Noted in Email","2nd - 7th","EMAIL ATTACHMENT","Email with zip attachment and effective date. Zip file contains US file.","/RDO/Jobs/Production/Race/OEM_Reformats_Updates/OEM_US_HARLEY_MOTORCYCLE_reformatAndUpdate/oem_us_harley_motorcycle_reformat_mptr250","/RDO/Jobs/Production/Race/OEM_Reformats_Updates/OEM_US_HARLEY_MOTORCYCLE_reformatAndUpdate/oem_us_harley_motorcycle_update_mptr251","Noted in Email","Y","","10","10",""
"20","lptr160","lptr161","039","BR","PEU","zlpt161a","039","BR","","OBSOLETE","","0","","","lptr160.ksh","","","lptr161.ksh","","","9/16/2025 11:58:55 PM","RACE","2","Y","N","Y","Y","","N","999","","","","","","","","","N","O","N/A","N","N","N","N","N","N","N","N","N","","N","N","","N","N","","N","N","","N","N","","","","","","","","","","","","","",""
"21","mptr425","mptr426","002","CA","FOR","zmpt426a","002","US","mpt426e","pkg_oem_ref_010","","0","C","mptr426  Supersession Validation Complete","mptr425.ksh","3/8/2024 6:42:20 AM","3/8/2024 6:53:25 AM","mptr426.ksh","3/9/2024 12:37:02 AM","3/9/2024 12:55:21 AM","9/16/2025 11:58:55 PM","RACE","2","Y","Y","N","N","","N","1","","R","R","B","D","B","U","3/1/2024","N","O","ALL PRTS","N","N","Y","Y","Y","Y","Y","N","Y","SUPER_STATUS = 1 or 3; OSI = 3 or 4.","N","N","Per OEM, SUPER_STATUS = 1 or 3; OSI = 2. None received yet.","N","Y","SUPER_STATUS = 1, 3, or 9. OSI = 1. Supersessions and discontinue records will stay on the file for 2 years.","N","Y","NEW_PART_NUMBER is null. (OSI = 5).","N","Y","","Ford Motor Company of Canada, Ltd.","1st Friday of Month","6th - 9th","MITCHELL FTP SERVER","Schedule the reformat when RACEDataOps FTP Report shows current CANCOMPRICE*.ZIP file -AND- a CANOBS*.ZIP file having same date. (CANOBS* files are placed on our server several times per month; whereas CANCOMPPRICE is placed once. This is usually followed up by an email but not always; therefore FTP Report indicating presence of both files seems to be most reliable.)","/RDO/Jobs/Production/Race/OEM_Reformats_Updates/OEM_CANADA_FORD_MONTHLY_reformatAndUpdate/oem_canada_ford_mthly_reformat_mptr425","/RDO/Jobs/Production/Race/OEM_Reformats_Updates/OEM_CANADA_FORD_MONTHLY_reformatAndUpdate/oem_canada_ford_mthly_update_ mptr426","date of file arrival","Y","","10","10",""
"22","xptr045","xptr046","002","MX","FOR","zxpt046a","002","US","","OBSOLETE","","0","C","xptr046  Supersession Validation Complete","xptr045.ksh","2/15/2007 12:04:20 PM","2/15/2007 12:45:27 PM","xptr046.ksh","2/15/2007 7:21:01 PM","2/15/2007 8:12:29 PM","9/16/2025 11:58:55 PM","RACE","2","Y","Y","N","Y","","N","999","","","","","","","","","N","O","N/A","N","N","N","N","N","N","N","N","N","","N","N","","N","N","","N","N","","N","N","","","","","","","","","","","","","",""
"23","mptr085","mptr086","035","US","MAZ","zmpt086a","035","US","mpt086e","pkg_oem_ref_025","","0","C","mptr086  Supersession Validation Complete","mptr085.ksh","3/27/2024 5:53:16 AM","3/27/2024 5:53:39 AM","mptr086.ksh","3/28/2024 1:36:23 AM","3/28/2024 1:42:24 AM","9/16/2025 11:58:55 PM","RACE","2","Y","Y","N","N","","N","1","","R","R","B","D","B","U","4/1/2024","N","O","N/A     ","N","Y","Y","N","Y","N","Y","N","Y","A-trans is created instead of N-trans when color code suffix of old part does not match color code suffix of new part AND new parts suffix is associated with special application of paint.","N","N","","N","Y","There is special coding in reformat associated to parts having a length of 12 and their suffixes represent paint color codes. See reformat program.","N","N","","N","Y","","Mazda Motor of America, Inc.","1st Monday of the next month","20th - 24th","MITCHELL FTP SERVER","Email notification from priceinquiry@mazdausa.com sent to production.control.oem when ready to dowload from their FTP server and run.  Email has effective date (First Monday of the next month).","/RDO/Jobs/Development/RACE/OEM_Reformats_Updates/OEM_US_MAZDA_reformatAndUpdate/oem_us_mazda_reformat_mptr085","/RDO/Jobs/Development/RACE/OEM_Reformats_Updates/OEM_US_MAZDA_reformatAndUpdate/oem_us_mazda_update_mptr086","1st of next month","Y","","10","10",""
"24","mptr125","mptr126","042","US","SAA","zmpt126a","042","US","mpt126e","pkg_oem_ref_041","","0","C","mptr126  Supersession Validation Complete","mptr125.ksh","2/26/2024 9:37:49 AM","2/26/2024 9:40:01 AM","mptr126.ksh","2/27/2024 5:30:47 AM","2/27/2024 5:33:23 AM","9/16/2025 11:58:55 PM","RACE","2","Y","Y","N","N","","N","1","","R","R","B","D","B","U","3/1/2024","N","O","N/A     ","N","N","Y","N","Y","Y","Y","N","Y","SUPERSEDED_DISCONTINUE_CODE of M indicates Multiple; however superseding parts are not provided.","N","N","","N","Y","SUPERSEDED_DISCONTINUE_CODE of S indicates Singular Supersession.","N","Y","SUPERSEDED_DISCONTINUE_CODE of D indicates Discontinued Part.","N","Y","SUPERSEDED_DISCONTINUE_CODE of blank indicates Active Part.","Orio North America Inc. (Suplr of Saab Orig Parts)","1st of next month","24th - 29th","EMAIL ATTACHMENT","Email notification from Admin Portal <postmaster@protech1inc.com> to production.control.oem.  Zipped file ranamed to PartsPriceUS.zpp.","/RDO/Jobs/Production/Race/OEM_Reformats_Updates/OEM_US_SAAB_reformatAndUpdate/oem_us_saab_reformat_mptr125","/RDO/Jobs/Production/Race/OEM_Reformats_Updates/OEM_US_SAAB_reformatAndUpdate/oem_us_saab_update_mptr126","1st of next month","Y","","10","10",""
"25","mptr407","mptr408","224","CA","BMW","zmpt408a","024","US","mpt408e","pkg_oem_ref_017","","0","P","Step999R Reformat Job Complete","mptr407.ksh","5/27/2025 3:15:37 AM","5/27/2025 3:18:24 AM","mptr408.ksh","3/21/2024 1:07:09 AM","3/21/2024 1:11:24 AM","9/16/2025 11:58:55 PM","RACE","2","Y","N","N","N","","N","1","","R","R","B","D","B","U","7/1/2024","N","O","N/A     ","N","Y","N","N","Y","Y","Y","N","N","","N","N","","N","Y","","N","Y","","N","Y","","BMW Canada, Inc.","1st of next month","18th - 24th","EMAIL ATTACHMENT","Email notification from Message Manager <message.manager@bmwgroup.ca> to production.control.oem with zipped file attached.  Renamed to bmwca.prc.  NO effective date given.","/RDO/Jobs/Development/RACE/OEM_Reformats_Updates/OEM_CANADA_BMW_MOTORCYCLE_reformatAndUpdate/oem_canada_bmw_motorcycle_reformat_mptr407","/RDO/Jobs/Development/RACE/OEM_Reformats_Updates/OEM_CANADA_BMW_MOTORCYCLE_reformatAndUpdate/oem_canada_bmw_motorcycle_update_mptr408","1st of next month","Y","","10","10",""
"26","pptr170","pptr171","004","PR","CHR","zppt171a","004","US","","pkg_oem_ref_012","","0","C","pptr171  Supersession Validation Complete","pptr170.ksh","3/12/2024 9:33:24 AM","3/12/2024 9:45:27 AM","pptr171.ksh","3/13/2024 1:10:39 AM","3/13/2024 1:21:51 AM","9/16/2025 11:58:55 PM","RACE","0","N","Y","N","N","","N","1","","","","","","","","3/12/2024","N","O","N/A     ","N","N","N","N","N","N","Y","N","N","","N","N","","N","N","","N","N","","N","Y","","ABC Infotech ","date of file arrival","week of PR extract","MITCHELL FTP SERVER","Separate email notification for each PR OEM file, and file delivery noted in RACEDataOps FTP Report.","/RDO/Jobs/Production/Race/OEM_Reformats_Updates_PuertoRico/OEM_PR_CHRYSLER_reformatAndUpdate/oem_pr_chrysler_reformat_pptr170","/RDO/Jobs/Production/Race/OEM_Reformats_Updates_PuertoRico/OEM_PR_CHRYSLER_reformatAndUpdate/oem_pr_chrysler_update_pptr171","date of file arrival","Y","","10","10",""
"27","pptr085","pptr086","035","PR","MAZ","zppt086a","035","US","","pkg_oem_ref_012","","0","C","pptr086  Supersession Validation Complete","pptr085.ksh","3/7/2024 8:20:39 AM","3/7/2024 8:22:48 AM","pptr086.ksh","3/8/2024 1:47:13 AM","3/8/2024 1:49:20 AM","9/16/2025 11:58:55 PM","RACE","2","N","Y","N","N","","N","1","","","","","","","","3/7/2024","N","O","N/A     ","N","N","N","N","N","N","Y","N","N","","N","N","","N","N","","N","N","","N","Y","","ABC Infotech ","date of file arrival","week of PR extract","MITCHELL FTP SERVER","Separate email notification for each PR OEM file, and file delivery noted in RACEDataOps FTP Report.","/RDO/Jobs/Production/Race/OEM_Reformats_Updates_PuertoRico/OEM_PR_MAZDA_reformatAndUpdate/oem_pr_mazda_reformat_pptr085","/RDO/Jobs/Production/Race/OEM_Reformats_Updates_PuertoRico/OEM_PR_MAZDA_reformatAndUpdate/oem_pr_mazda_update_pptr086","date of file arrival","Y","","10","10",""
"28","pptr077","pptr078","079","PR","KIA","zppt078a","079","US","","pkg_oem_ref_012","","0","C","pptr078  Supersession Validation Complete","pptr077.ksh","3/7/2024 8:17:59 AM","3/7/2024 8:19:06 AM","pptr078.ksh","3/8/2024 1:46:09 AM","3/8/2024 1:47:10 AM","9/16/2025 11:58:55 PM","RACE","2","N","Y","N","N","","N","1","","","","","","","","3/7/2024","N","O","N/A     ","N","N","N","N","N","N","Y","N","N","","N","N","","N","N","","N","N","","N","Y","","ABC Infotech ","date of file arrival","week of PR extract","MITCHELL FTP SERVER","Separate email notification for each PR OEM file, and file delivery noted in RACEDataOps FTP Report.","/RDO/Jobs/Production/Race/OEM_Reformats_Updates_PuertoRico/OEM_PR_KIA_reformatAndUpdate/oem_pr_kia_reformat_pptr077","/RDO/Jobs/Production/Race/OEM_Reformats_Updates_PuertoRico/OEM_PR_KIA_reformatAndUpdate/oem_pr_kia_update_pptr078","date of file arrival","Y","","10","10",""
"29","mptr295","mptr296","291","US","YAM","zmpt296a","291","US","mpt296e","pkg_oem_ref_020","","0","A","Step010R oem_job_datafile_prep.ksh","mptr295.ksh","9/24/2024 4:01:00 AM","9/24/2024 4:01:01 AM","mptr296.ksh","3/26/2024 1:34:06 AM","3/26/2024 1:42:43 AM","9/16/2025 11:58:55 PM","RACE","2","Y","N","N","N","","N","1","","R","R","B","D","B","U","3/25/2024","N","O","N/A     ","N","Y","N","N","Y","Y","Y","N","N","","N","N","","N","Y","Status of + or S. Use part_number in description as new_part_number. It will change less frequently than final_superseding_part_number (end-of-chain);  thereby reducing creation of reverse supers.","N","Y","Status of >","N","Y","Status of blank (or > to price disc part)","Yamaha Motor Corporation, U.S.A.","Specified in email","Weekly","EMAIL ATTACHMENT","Email Notification from Adam Clay <adam_clay@yamaha-motor.com> sent to production.control.oem with zip file attached (PRICE_BOOK (5).Zip) that is renamed.","/RDO/Jobs/Development/RACE/OEM_Reformats_Updates/OEM_US_YAMAHA_MOTORCYCLES_reformatAndUpdate/oem_us_yamaha_motorcycles_reformat_ mptr295","/RDO/Jobs/Development/RACE/OEM_Reformats_Updates/OEM_US_YAMAHA_MOTORCYCLES_reformatAndUpdate/oem_us_yamaha_motorcycles_update_mptr296","1st of current month","Y","","10","10",""
"30","mptr200","mptr201","000","CA","NAG","zmpt201a","000","US","","pkg_oem_ref_019","","0","C","mptr201  Supersession Validation Complete","mptr200.ksh","1/8/2024 8:18:51 AM","1/8/2024 8:19:39 AM","mptr201.ksh","1/9/2024 12:42:29 AM","1/9/2024 12:43:15 AM","9/16/2025 11:58:55 PM","RACE","2","Y","N","N","N","","N","4","","","","","","","","1/8/2024","N","O","DOM&IMP ","N","N","N","N","N","N","Y","N","N","","N","N","","N","N","","N","N","","N","Y","","National Auto Glass Specifications, Inc.","1st of next month","","EMAIL ATTACHMENT","Email notification from NAGS team with attachment. Email also includes effective date. Files received 3x/year in Dec, Apr, Aug, (Effective Jan, May, Sep)","/RDO/Jobs/Production/Race/OEM_Reformats_Updates/OEM_CANADA_NAGS_reformatAndUpdate/oem_canada_nags_reformat_mptr200","/RDO/Jobs/Production/Race/OEM_Reformats_Updates/OEM_CANADA_NAGS_reformatAndUpdate/oem_canada_nags_update_mptr201","1st of next month","Y","","10","10",""
"31","mptr575","mptr576","079","CA","KIA","zmpt576a","079","US","mpt576e","pkg_oem_ref_022","","0","A","Step300R mptz021 Transaction Split Processing","mptr575.ksh","3/27/2024 6:21:40 AM","3/27/2024 6:24:35 AM","mptr576.ksh","3/12/2024 1:51:23 AM","3/12/2024 1:51:24 AM","9/16/2025 11:58:55 PM","RACE","2","Y","N","N","N","","N","1","","R","R","B","D","B","U","3/1/2024","N","O","N/A     ","N","N","N","N","Y","N","N","N","Y","","N","N","","N","Y","","N","N","","N","Y","","Kia Canada Inc.","1st of current month","1st - 6th","EMAIL ATTACHMENT","Email notification from Kate Baik <kbaik@kia.ca> to production.ccontrol.oem.  Zip file attached (ie. MEFYYYYMMDD.zip) renamed to be kiaca.prc. Effective date Month, Day, Year provided.","/RDO/Jobs/Production/Race/OEM_Reformats_Updates/OEM_CANADA_KIA_reformatAndUpdate/oem_canada_kia_reformat_mptr575A","/RDO/Jobs/Production/Race/OEM_Reformats_Updates/OEM_CANADA_KIA_reformatAndUpdate/oem_canada_kia_update_mptr576","1st of next month","Y","","10","10",""
"32","mptr155","mptr156","046","US","VW","zmpt156a","046","US","","pkg_oem_ref_023","","0","C","mptr156  Supersession Validation Complete","mptr155.ksh","3/31/2025 10:29:32 AM","3/31/2025 10:30:10 AM","mptr156.ksh","3/31/2025 10:46:15 AM","3/31/2025 10:54:54 AM","9/16/2025 11:58:55 PM","RACE","2","Y","N","Y","N","","N","1","","","","","","","","1/1/2025","N","O","N/A     ","N","N","Y","N","Y","Y","Y","N","Y","","N","N","","N","Y","","N","Y","","N","Y","","Volkswagen of America, Inc.","1st of next month","21st - 28th","EXTERNAL FTP SERVER","Email Notification  from Furno, Alex <Alex.Furno@vw.com> sent to production.control.oem that fle is placed on thier FTP server.  Effective Date (Month, Day, Year) are noted in email.","/RDO/Jobs/Production/Race/OEM_Reformats_Updates/OEM_US_VOLKSWAGEN_reformatAndUpdate/oem_us_volkswagen_reformat_mptr155","/RDO/Jobs/Production/Race/OEM_Reformats_Updates/OEM_US_VOLKSWAGEN_reformatAndUpdate/oem_us_volkswagen_update_mptr156","1st of next month","Y","","10","10",""
"33","mptr480","mptr481","040","CA","POR","zmpt481a","040","US","mpt481e","pkg_oem_ref_028","","0","C","mptr481  Supersession Validation Complete","mptr480.ksh","3/28/2024 9:28:11 AM","3/28/2024 9:36:13 AM","mptr481.ksh","3/29/2024 2:44:22 AM","3/29/2024 2:53:26 AM","9/16/2025 11:58:55 PM","RACE","2","Y","N","N","N","","N","1","","R","R","B","D","B","U","4/1/2024","N","O","N/A     ","N","Y","Y","N","Y","Y","Y","N","Y","","N","N","","N","Y","","N","Y","","N","Y","","Porsche Cars North America,Inc.","1st of next month","24th - 29th","EMAIL ATTACHMENT","Email notification from Simms, Anthony (PCL-AP) <anthony.simms@porsche.ca> to production.control oem with month year effective date and zip file named like CADRETAIL*.zip attached and renamed.  NOTE: 2 emails arrive but only need attached file named above.","/RDO/Jobs/Production/Race/OEM_Reformats_Updates/OEM_CANADA_PORSCHE_reformatAndUpdate/oem_canada_porsche_reformat_mptr480","/RDO/Jobs/Production/Race/OEM_Reformats_Updates/OEM_CANADA_PORSCHE_reformatAndUpdate/oem_canada_porsche_update_mptr481","1st of next month","Y","","10","10",""
"34","mptr140","mptr141","059","US","SUZ","zmpt141a","059","US","mpt141e","pkg_oem_ref_031","","0","C","mptr141  Supersession Validation Complete","mptr140.ksh","3/4/2024 7:58:11 AM","3/4/2024 7:59:57 AM","mptr141.ksh","3/5/2024 1:21:07 AM","3/5/2024 1:23:17 AM","9/16/2025 11:58:55 PM","RACE","2","Y","N","N","N","","N","1","","R","R","B","D","B","U","3/1/2024","N","O","N/A     ","N","Y","N","N","Y","Y","Y","N","N","","N","N","","N","Y","","N","Y","","N","Y","","American Suzuki Motor Corp.","1st of current month","1st - 3rd","OEM WEBSITE","No notification, just check site. ","/RDO/Jobs/Production/Race/OEM_Reformats_Updates/OEM_US_SUZUKI_reformatAndUpdate/oem_us_suzuki_reformat_ mptr140","/RDO/Jobs/Production/Race/OEM_Reformats_Updates/OEM_US_SUZUKI_reformatAndUpdate/oem_us_suzuki_update_mptr141","1st of next month","Y","","10","10",""
"35","vptr065","vptr066","060","VE","HYU","zvpt066a","060","US","","OBSOLETE","","1.55","","Converted to PL/SQL","vptr065.ksh","","","vptr066.ksh","","","9/16/2025 11:58:55 PM","RACE","4","Y","Y","Y","Y","","N","999","","","","","","","","","N","O","N/A","N","N","N","N","N","N","N","N","N","","N","N","","N","N","","N","N","","N","N","","","","","","","","","","","","","",""
"36","mptr710","mptr711","042","CA","SAA","zmpt711a","042","CA","","pkg_oem_ref_044_xref","","0","R","Step570 Save files","mptr710.ksh","10/23/2009 2:29:27 PM","10/23/2009 2:34:32 PM","mptr711.ksh","11/6/2009 2:16:38 PM","","9/16/2025 11:58:55 PM","RACE","2","Y","N","Y","Y","oem_ref_mptr710_saa_gmc_xref_drop_recs.ksh","N","1","","","","","","","","11/5/2009","N","S","SUPLMNTL","N","N","N","N","Y","N","N","N","N","","N","N","","N","Y","","N","N","","N","N","","","","","","","","","1st Monday of the next month","","","","",""
"37","mptr149","mptr149","047","US","VOL","","047","US","","Special for Production Control","","0","A","Special Job - PC runs to verify source files are on external FTP Site","mptr149.ksh","","11/17/2020 1:38:51 PM","","","","9/16/2025 11:58:55 PM","RACE","2","Y","N","N","P","","N","999","","","","","","","","","N","O","N/A","N","N","N","N","N","N","N","N","N","","N","N","","N","N","","N","N","","N","N","","Volvo Cars of North America","1st of next month","22nd - 24th","","","","","","","","","",""
"38","vptr095","vptr096","057","VE","MIT","","057","VE","vpt096e","OBSOLETE","","1","","","vptr095.ksh","","","vptr096.ksh","","","9/16/2025 11:58:55 PM","RACE","2","Y","N","N","Y","","N","999","","","","","","","","","N","O","N/A","N","N","N","N","N","N","N","N","N","","N","N","","N","N","","N","N","","N","N","","","","","","","","","","","","","",""
"39","mptr900","mptr900","999","US","REQ","","999","US","","Special for Production Control","","0","","OEM Source File Tracking and Notification Job","","","","","","","9/16/2025 11:58:55 PM","RACE","2","Y","N","N","P","","N","999","","","","","","","","","N","O","N/A","N","N","N","N","N","N","N","N","N","","N","N","","N","N","","N","N","","N","N","","","","","","","","","","","","","",""
"40","mptr260","mptr261","232","US","HON","zmpt261a","032","US","mpt261e","pkg_oem_ref_006","","0","C","mptr261  Supersession Validation Complete","mptr260.ksh","3/21/2024 7:13:43 AM","3/21/2024 7:19:11 AM","mptr261.ksh","3/22/2024 1:07:17 AM","3/22/2024 1:13:10 AM","9/16/2025 11:58:55 PM","RACE","2","Y","N","N","N","","N","1","","R","R","B","D","B","U","4/1/2024","N","O","N/A     ","N","Y","Y","N","Y","Y","Y","N","Y","","N","N","","N","Y","","N","Y","","N","Y","","American Honda Motor Co., Inc.","1st of next month","21st - 23rd","OEM WEBSITE","No notification","/RDO/Jobs/Production/Race/OEM_Reformats_Updates/OEM_US_HONDA_MOTORCYCLES_reformatAndUpdate/oem_us_honda_motorcycles_reformat_mptr260","/RDO/Jobs/Production/Race/OEM_Reformats_Updates/OEM_US_HONDA_MOTORCYCLES_reformatAndUpdate/oem_us_honda_motorcycles_update_mptr261","1st of next month","Y","","10","10",""
"41","mptr580","mptr581","057","CA","MIT","zmpt581a","057","US","mpt581e","pkg_oem_ref_024","","0","C","mptr581  Supersession Validation Complete","mptr580.ksh","8/2/2024 11:44:30 AM","8/2/2024 11:44:46 AM","mptr581.ksh","8/2/2024 11:47:47 AM","8/2/2024 11:50:34 AM","9/16/2025 11:58:55 PM","RACE","2","Y","N","N","N","","N","1","","R","R","B","D","B","U","8/1/2024","N","O","N/A     ","N","Y","Y","N","Y","N","Y","N","Y","","N","N","","N","Y","","N","N","Mitsubishi drops the part from their file once it has become discontinued. Mitchell discontinues any part that has not priced within X-months; where X-months = file frequency + 1.","N","Y","","Mitsubishi Motor Sales of Canada","1st of current month","1st - 8th","EXTERNAL FTP SERVER","Email sent from Thambinayagam Ladis <ladis.thambinayagam@na.mitsubishi-motors.com> to production.control.oem that file is ready to pull","/RDO/Jobs/Production/Race/OEM_Reformats_Updates/OEM_CANADA_MITSUBISHI_reformatAndUpdate/oem_canada_mitsubishi_reformat_mptr580","/RDO/Jobs/Production/Race/OEM_Reformats_Updates/OEM_CANADA_MITSUBISHI_reformatAndUpdate/oem_canada_mitsubishi_update_mptr581","1st of next month","Y","","10","10",""
"42","mptr950","mptr950","999","US","REQ","","999","US","","Special On-Request","","0","","OEM Specfix","","","","","","","9/16/2025 11:58:55 PM","RACE","2","Y","N","N","N","","N","999","","","","","","","","","N","O","N/A","N","N","N","N","N","N","N","N","N","","N","N","","N","N","","N","N","","N","N","","","Not Applicable. Fix Job.","","SPEC FIX SETUP","","","","","","","","",""
"43","mptr610","mptr611","412","CA","MERC","zmpt611a","412","US","mpt611e","pkg_oem_ref_046","","0","C","mptr611  Supersession Validation Complete","mptr610.ksh","11/22/2013 8:23:48 AM","11/22/2013 8:28:50 AM","mptr611.ksh","11/22/2013 11:51:41 PM","11/22/2013 11:57:36 PM","9/16/2025 11:58:55 PM","RACE","0","Y","N","N","Y","","N","999","","R","R","B","D","B","U","11/22/2013","N","O","N/A     ","N","Y","N","N","Y","Y","Y","N","N","","N","N","","N","Y","","N","Y","","N","Y","","Mercury Marine - Products and Services","","","","","","","","","","","",""
"44","mptr415","mptr416","030","CA","NIS","zmpt416a","030","US","mpt416e","pkg_oem_ref_030","","0","C","mptr416  Supersession Validation Complete","mptr415.ksh","3/22/2024 6:24:21 AM","3/22/2024 6:33:05 AM","mptr416.ksh","3/23/2024 1:08:49 AM","3/23/2024 1:15:15 AM","9/16/2025 11:58:55 PM","RACE","2","Y","N","N","N","","N","1","","R","R","B","D","B","U","2/26/2024","N","O","N/A     ","N","N","Y","N","Y","N","Y","N","Y","","N","N","","N","Y","","N","N","","N","Y","","Nissan Canada Inc.","As Per published Calendar","21st - 23rd","MITCHELL FTP SERVER","Email auto-generated notification from CA7 <CA7@NAC1NJE.NDC.NNA> referencing ""NCI"" (Nissan Canada Inc.) file uploaded to our FTP site; therefore should appear on RACEDataOps FTP Report.","/RDO/Jobs/Production/Race/OEM_Reformats_Updates/OEM_CANADA_NISSAN_reformatAndUpdate/oem_canada_nissan_reformat_mptr415","/RDO/Jobs/Production/Race/OEM_Reformats_Updates/OEM_CANADA_NISSAN_reformatAndUpdate/oem_canada_nissan_update_mptr416","As Per published Calendar","Y","","10","10",""
"45","mptr115","mptr116","040","US","POR","zmpt116a","040","US","mpt116e","pkg_oem_ref_028","","0","C","mptr116  Supersession Validation Complete","mptr115.ksh","3/22/2024 10:20:31 AM","3/22/2024 10:27:59 AM","mptr116.ksh","3/23/2024 1:29:11 AM","3/23/2024 1:36:43 AM","9/16/2025 11:58:55 PM","RACE","2","Y","N","N","N","","N","1","","R","R","B","D","B","U","4/1/2024","N","O","N/A     ","N","Y","Y","N","Y","Y","Y","N","Y","","N","N","","N","Y","","N","Y","","N","Y","","Porsche Cars North America,Inc.","1st of next month","24th - 29th","EMAIL ATTACHMENT","Email notification from Osborne, Amanda (PCNA-A) <amanda.osborne@porsche.us> to production.control.oem with month year effective date and data zip file named like USDRETAIL*.zip and renamed.","/RDO/Jobs/Production/Race/OEM_Reformats_Updates/OEM_US_PORSCHE_reformatAndUpdate/oem_us_porsche_reformat_mptr115","/RDO/Jobs/Production/Race/OEM_Reformats_Updates/OEM_US_PORSCHE_reformatAndUpdate/oem_us_porsche_update_mptr116","1st of next month","Y","","10","10",""
"46","mptr025","mptr026","023","US","JAG","zmpt026a","023","US","mpt026e","pkg_oem_ref_038","","0","C","mptr026  Supersession Validation Complete","mptr025.ksh","3/27/2024 8:46:07 AM","3/27/2024 8:48:47 AM","mptr026.ksh","3/28/2024 2:09:49 AM","3/28/2024 2:13:20 AM","9/16/2025 11:58:55 PM","RACE","2","Y","Y","N","N","","N","1","","R","R","B","D","B","U","4/1/2024","N","O","N/A     ","N","N","Y","N","Y","N","Y","N","Y","","N","N","","N","Y","","N","N","D-trans used to be created from Part_Status = E. As of 2019/02, they no longer send.","N","Y","","Jaguar Land Rover North America, LLC","1st of next month","22nd - 28th","OEM WEBSITE","Email notification sent from JLR JLRDSSG <jlrdssg@jaguarlandrover.com> to production.control.oem with efeective Month and to download file from their website.","/RDO/Jobs/Production/Race/OEM_Reformats_Updates/OEM_US_JAGUAR_reformatAndUpdate/oem_us_jaguar_reformat_mptr025","/RDO/Jobs/Production/Race/OEM_Reformats_Updates/OEM_US_JAGUAR_reformatAndUpdate/oem_us_jaguar_update_mptr026","1st of next month","Y","","10","10",""
"47","mptr175","mptr176","079","US","KIA","zmpt176a","079","US","mpt176e","pkg_oem_ref_043","","0","C","mptr176  Supersession Validation Complete","mptr175.ksh","3/27/2024 6:38:43 AM","3/27/2024 6:44:43 AM","mptr176.ksh","3/28/2024 1:50:01 AM","3/28/2024 1:55:24 AM","9/16/2025 11:58:55 PM","RACE","2","Y","N","N","N","","N","1","","R","R","B","D","B","U","4/1/2024","N","O","N/A     ","N","N","N","N","Y","N","N","N","Y","","N","N","","N","Y","","N","N","","N","Y","","Kia Motors America, Inc.","1st of next month","22nd - 27th","EXTERNAL FTP SERVER","Email notification sent from Moily, Vandana [KUS] <VMoily@Kiausa.com> to production.contorl.oem with effective Month and Year. Filename like DMDMONTHLY04_1_22.ZIP and is on their FTP server. The job connects and pulls their file.  Must run 2 days before the end of the month.","/RDO/Jobs/Production/Race/OEM_Reformats_Updates/OEM_US_KIA_reformatAndUpdate/oem_us_kia_reformat_mptr175","/RDO/Jobs/Production/Race/OEM_Reformats_Updates/OEM_US_KIA_reformatAndUpdate/oem_us_kia_reformat_mptr175","1st of next month","Y","","10","10",""
"48","mptr060","mptr061","032","US","HON","zmpt061a","032","US","mpt061e","pkg_oem_ref_006","","0","C","mptr061  Supersession Validation Complete","mptr060.ksh","3/21/2024 7:04:24 AM","3/21/2024 7:12:06 AM","mptr061.ksh","3/22/2024 12:57:30 AM","3/22/2024 1:07:15 AM","9/16/2025 11:58:55 PM","RACE","2","Y","N","N","N","","N","1","","R","R","B","D","B","U","4/1/2024","N","O","N/A     ","N","Y","Y","N","Y","Y","Y","N","Y","","N","N","","N","Y","","N","Y","","N","Y","","American Honda Motor Co., Inc.","1st of next month","21st - 23rd","OEM WEBSITE","No notification","/RDO/Jobs/Production/Race/OEM_Reformats_Updates/OEM_US_HONDA_reformatAndUpdate/oem_us_honda_reformat_mptr060","/RDO/Jobs/Production/Race/OEM_Reformats_Updates/OEM_US_HONDA_reformatAndUpdate/oem_us_honda_update_mptr061","1st of next month","Y","","10","10",""
"49","mptr289","mptr289","290","US","KAW","","290","US","","Pickup QTRLY for Editorial use","","0","R","Step020R oem_ref_mptr289_ftp_kaw_source_file","","5/25/2021 2:55:21 PM","","","","","9/16/2025 11:58:55 PM","RACE","2","Y","N","N","N","","N","4","","","","","","","","","N","O","QTRLY","N","N","N","N","Y","Y","Y","N","N","","N","N","","N","N","Singulars Only","N","N","","N","N","","Kawasaki Motorcycles","date of file arrival","","OEM WEBSITE","Email notification.","/RDO/Jobs/Production/Race/OEM_Reformats_Updates/OEM_US_KAWASAKI_MOTORCYCLE_QUARTERLY_reformatsAndUpdates/oem_us_kawasaki_motorcycle_ftp_quarterly_mptr289","/RDO/Jobs/Production/Race/OEM_Reformats_Updates/OEM_US_KAWASAKI_MOTORCYCLE_QUARTERLY_reformatsAndUpdates/oem_us_kawasaki_motorcycle_ftp_quarterly_mptr289","1st of next month","Y","","10","10",""
"50","mptr465","mptr466","014","CA","FIAC","zmpt466a","014","US","","pkg_oem_ref_032","","0","C","mptr466  Supersession Validation Complete","mptr465.ksh","3/25/2024 11:08:16 AM","3/25/2024 11:08:16 AM","mptr466.ksh","3/26/2024 2:10:46 AM","3/26/2024 2:12:42 AM","9/16/2025 11:58:55 PM","RACE","2","Y","N","Y","N","","N","1","","","","","","","","4/1/2024","N","O","N/A     ","N","Y","Y","Y","Y","Y","Y","N","Y","","N","Y","","N","Y","","N","Y","","N","Y","","US Chrysler Corporation","1st of next month","23rd - 25th","MITCHELL FTP SERVER","Email notification from CHRYSLER.PARTS.PRICING@CHRYSLER.COM with effective date from Chrysler.  Separate email for US and Canada. (MX included with US.) Suggested procedure is to wait for both emails and then process all six files at same time for ALFC, CHR, and FIAC.  File was at EBMX but as of 4/2022 they are FTPing file to Mitchell. Email  subject like ""CANADIAN PRICE BOOK EFFECTIVE:2022-04-01"". Suggested procedure is to wait for both emails and then process all six files at same time.","/RDO/Jobs/Production/Race/OEM_Reformats_Updates/OEM_CANADA_FIAT_reformatAndUpdate/oem_canada_fiat_reformat_mptr465","/RDO/Jobs/Production/Race/OEM_Reformats_Updates/OEM_CANADA_FIAT_reformatAndUpdate/oem_canada_fiat_update_mptr466","1st of next month","Y","","10","10",""
"51","mptr055","mptr056","014","US","FIAC","zmpt056a","014","US","","pkg_oem_ref_026","","0","C","mptr056  Supersession Validation Complete","mptr055.ksh","3/25/2024 10:52:58 AM","3/25/2024 10:52:59 AM","mptr056.ksh","3/26/2024 2:06:53 AM","3/26/2024 2:08:48 AM","9/16/2025 11:58:55 PM","RACE","2","Y","Y","Y","N","","N","1","","","","","","","","4/1/2024","N","O","N/A     ","N","Y","Y","Y","Y","Y","Y","N","Y","","N","Y","","N","Y","","N","Y","","N","Y","","US Chrysler Corporation","1st of next month","23rd - 25th","MITCHELL FTP SERVER","Email notification from CHRYSLER.PARTS.PRICING@CHRYSLER.COM with effective date from Chrysler.  Separate email for US and Canada. (MX included with US.) Suggested procedure is to wait for both emails and then process all six files at same time for ALFC, CHR, and FIAC.  File was at EBMX but as of 4/2022 they are FTPing file to Mitchell. Email  subject like ""PRICE BOOK EFFECTIVE:2022-04-01"".  Suggested procedure is to wait for both emails and then process all six files at same time.","/RDO/Jobs/Production/Race/OEM_Reformats_Updates/OEM_US_FIAT_reformatAndUpdate/oem_us_fiat_reformat_mptr055","/RDO/Jobs/Production/Race/OEM_Reformats_Updates/OEM_US_FIAT_reformatAndUpdate/oem_us_fiat_update_mptr056","1st of next month","Y","","10","10",""
"52","pptr055","pptr056","014","PR","FIAC","zppt056a","014","US","","pkg_oem_ref_012","","0","C","pptr056  Supersession Validation Complete","pptr055.ksh","11/1/2018 1:37:35 PM","11/1/2018 1:37:36 PM","pptr056.ksh","11/1/2018 7:45:31 PM","11/1/2018 7:45:31 PM","9/16/2025 11:58:55 PM","RACE","2","N","N","N","Y","","N","1","","","","","","","","11/1/2018","N","O","N/A     ","Y","N","N","N","N","N","Y","N","N","","N","N","","N","N","","N","N","","N","Y","","ABC Infotech","date of file arrival","week of PR extract","MITCHELL FTP SERVER","See US FIAC","/RDO/Jobs/Production/Race/OEM_Reformats_Updates_PuertoRico/OEM_PR_FIAT_reformatAndUpdate/oem_pr_fiat_reformat_pptr055","/RDO/Jobs/Production/Race/OEM_Reformats_Updates_PuertoRico/OEM_PR_FIAT_reformatAndUpdate/oem_pr_fiat_update_pptr056","date of file arrival","Y","","10","10",""
"53","mptr035","mptr036","030","US","NIS","zmpt036a","030","US","mpt036e","pkg_oem_ref_027","","0","C","mptr036  Supersession Validation Complete","mptr035.ksh","8/15/2024 2:43:20 PM","8/15/2024 2:51:22 PM","mptr036.ksh","8/15/2024 5:38:45 PM","8/15/2024 5:49:16 PM","9/16/2025 11:58:55 PM","RACE","2","Y","Y","N","N","oem_rpt_service_records.ksh","N","1","","R","R","B","D","B","U","3/12/2024","Y","O","N/A     ","N","N","Y","N","Y","Y","Y","N","Y","","N","N","","N","Y","","N","Y","","N","Y","","Nissan Motor Corporation in U.S.A.","Date of the file that Nissian has on their server, no longer the first day of the next month.","Available Daily","EXTERNAL FTP SERVER","No notification","/RDO/Jobs/Production/Race/OEM_Reformats_Updates/OEM_US_NISSAN_reformatAndUpdate/oem_us_nissan_reformat_mptr035","/RDO/Jobs/Production/Race/OEM_Reformats_Updates/OEM_US_NISSAN_reformatAndUpdate/oem_us_nissan_update_mptr036","1st of next month","Y","","10","10",""
"54","mptr440","mptr441","259","CA","SUZ","zmpt441a","059","US","mpt441e","pkg_oem_ref_031","","0","C","mptr441  Supersession Validation Complete","mptr440.ksh","1/17/2024 7:37:20 AM","1/17/2024 7:39:20 AM","mptr441.ksh","1/18/2024 12:43:41 AM","1/18/2024 12:47:06 AM","9/16/2025 11:58:55 PM","RACE","2","Y","N","N","N","","N","6","","R","R","B","D","B","U","1/16/2024","N","O","N/A     ","N","N","N","N","Y","Y","Y","N","N","","N","N","","N","Y","","N","Y","Historic discontinued parts are dropped from file. That said, there are still disc parts in file following the same disc logic as before.","N","Y","","Suzuki Canada Inc.","date of file","","OEM WEBSITE","(See CA SUZ mptr510)","/RDO/Jobs/Production/Race/OEM_Reformats_Updates/OEM_CANADA_SUZUKI_MOTORCYCLE_ReformatAndUpdate/oem_canada_suzuki_motorcycle_reformat_mptr440","/RDO/Jobs/Production/Race/OEM_Reformats_Updates/OEM_CANADA_SUZUKI_MOTORCYCLE_ReformatAndUpdate/oem_canada_suzuki_motorcycle_update_mptr441","1st of next month","Y","","10","10",""
"55","mptr080","mptr081","065","US","LEX","zmpt081a","044","US","mpt081e","pkg_oem_ref_007","","0","C","mptr081  Supersession Validation Complete","mptr080.ksh","7/11/2024 11:51:47 AM","7/11/2024 11:55:22 AM","mptr081.ksh","7/11/2024 12:22:04 PM","7/11/2024 12:26:37 PM","9/16/2025 11:58:55 PM","RACE","0","Y","N","N","N","","N","1","","R","R","B","D","B","U","7/2/2024","N","O","N/A     ","N","Y","Y","Y","Y","N","Y","N","Y","","N","Y","","N","Y","","N","N","","N","Y","","U.S. Toyota Motor Distributors, Inc.","Date of file retrieval","Weekly pick-up","MITCHELL FTP SERVER","NONE","/RDO/Jobs/Production/Race/OEM_Reformats_Updates/OEM_US_MEXICO_TOYOTA_US_LEXUS_reformatsAndUpdates/OEM_US_MEXICO_TOYOTA_US_LEXUS_reformats_suite/step3_oem_us_lexus_reformat_mptr080","/RDO/Jobs/Production/Race/OEM_Reformats_Updates/OEM_US_MEXICO_TOYOTA_US_LEXUS_reformatsAndUpdates/OEM_US_MEXICO_TOYOTA_US_LEXUS_Updates_suite/step3_oem_us_lexus_update_mptr081","1st of next month","Y","","10","10",""
"56","vptr045","vptr046","002","VE","FOR","zvpt046a","002","US","","OBSOLETE","","1.9","C","vptr046  Supersession Validation Complete","vptr045.ksh","4/8/2008 2:28:40 PM","4/8/2008 2:31:15 PM","vptr046.ksh","4/8/2008 6:22:32 PM","4/8/2008 6:33:34 PM","9/16/2025 11:58:55 PM","RACE","2","Y","Y","N","Y","","N","999","","","","","","","","","N","O","N/A","N","N","N","N","N","N","N","N","N","","N","N","","N","N","","N","N","","N","N","","","","","","","","","","","","","",""
"57","mptr535","mptr536","070","CA","SAT","zmpt536a","001","US","","pkg_oem_ref_039","","0","C","mptr536  Supersession Validation Complete","mptr535.ksh","3/25/2024 8:40:16 AM","3/25/2024 8:58:22 AM","mptr536.ksh","3/26/2024 2:32:39 AM","3/26/2024 2:51:22 AM","9/16/2025 11:58:55 PM","RACE","2","Y","N","Y","N","","N","1","","","","","","","","4/1/2024","N","O","N/A     ","N","N","Y","N","Y","Y","Y","N","Y","","N","N","","N","Y","","N","Y","","N","Y","","** uses same tape as CA G.M.","1st Monday of the month","same as CA GM","MITCHELL FTP SERVER","See CA GM","/RDO/Jobs/Production/Race/OEM_Reformats_Updates/OEM_CANADA_GMC_SAAB_SATURN_reformat/step3_oem_canada_saturn_reformat_mptr535","/RDO/Jobs/Production/Race/OEM_Reformats_Updates/OEM_CANADA_GMC_SAAB_SATURN_Update/step3_oem_canada_saturn_update_mptr536","1st Monday of the next month","Y","","10","10",""
"58","mptr310","mptr311","412","US","MERC","zmpt311a","412","US","mpt311e","pkg_oem_ref_046","","0","C","mptr311  Supersession Validation Complete","mptr310.ksh","11/22/2013 8:14:55 AM","11/22/2013 8:22:26 AM","mptr311.ksh","11/22/2013 11:43:21 PM","11/22/2013 11:51:39 PM","9/16/2025 11:58:55 PM","RACE","0","Y","N","N","Y","","N","999","","R","R","B","D","B","U","11/22/2013","N","O","N/A     ","N","Y","N","N","Y","Y","Y","N","N","","N","N","","N","Y","","N","Y","","N","Y","","Mercury Marine - Products and Services","","","","","","","","","","","",""
"59","vptr170","vptr171","004","VE","CHR","","004","VE","","OBSOLETE","","1","","","vptr170.ksh","","","vptr171.ksh","","","9/16/2025 11:58:55 PM","RACE","2","Y","N","N","Y","","N","999","","","","","","","","","N","O","N/A","N","N","N","N","N","N","N","N","N","","N","N","","N","N","","N","N","","N","N","","","","","","","","","","","","","",""
"60","mptr240","mptr241","259","US","SUZ","zmpt241a","259","US","mpt241e","pkg_oem_ref_031","","0","C","mptr241  Supersession Validation Complete","mptr240.ksh","3/4/2024 8:01:25 AM","3/4/2024 8:04:59 AM","mptr241.ksh","3/5/2024 1:23:20 AM","3/5/2024 1:27:22 AM","9/16/2025 11:58:55 PM","RACE","2","Y","N","N","N","","N","1","","R","R","B","D","B","U","3/1/2024","N","O","N/A     ","N","Y","N","N","Y","Y","Y","N","N","","N","N","","N","Y","","N","Y","","N","Y","","American Suzuki Motor Corp.","1st of current month","1st - 3rd","OEM WEBSITE","","/RDO/Jobs/Production/Race/OEM_Reformats_Updates/OEM_US_SUZUKI_MOTORCYCLES_reformatAndUpdate/oem_us_suzuki_motorcycles_reformat_ mptr240","/RDO/Jobs/Production/Race/OEM_Reformats_Updates/OEM_US_SUZUKI_MOTORCYCLES_reformatAndUpdate/oem_us_suzuki_motorcycles_update_mptr241","1st of next month","Y","","10","10",""
"61","pptr260","pptr261","232","PR","HON","zppt261a","032","US","","pkg_oem_ref_012","","0","C","pptr261  Supersession Validation Complete","pptr260.ksh","3/8/2007 2:06:48 PM","3/8/2007 2:08:25 PM","pptr261.ksh","3/8/2007 10:53:11 PM","3/8/2007 10:56:59 PM","9/16/2025 11:58:55 PM","RACE","2","Y","N","N","Y","","N","999","","","","","","","","","N","O","N/A","Y","N","N","N","N","N","Y","N","N","","N","N","","N","N","","N","N","","N","N","","ABC Infotech ","","","","","","","date of file arrival","","","","",""
"62","mptr165","mptr166","070","US","SAT","zmpt166a","001","US","","pkg_oem_ref_005_price","pkg_oem_ref_005_super","0","C","mptr166  Supersession Validation Complete","mptr165.ksh","2/21/2024 9:23:31 AM","2/21/2024 9:29:52 AM","mptr166.ksh","2/22/2024 5:47:14 AM","2/22/2024 5:57:06 AM","9/16/2025 11:58:55 PM","RACE","2","Y","Y","Y","N","","N","1","","","","","","","","3/1/2024","N","O","N/A     ","N","N","Y","N","Y","Y","Y","Y","Y","","N","N","","N","Y","","N","Y","","N","Y","","** uses same file as US G.M","1st of next month","same as US GM","EXTERNAL FTP SERVER","See US GM","/RDO/Jobs/Production/Race/OEM_Reformats_Updates/OEM_US_SATURN_reformatAndUpdate/oem_us_saturn_reformat_mptr165","/RDO/Jobs/Production/Race/OEM_Reformats_Updates/OEM_US_SATURN_reformatAndUpdate/oem_us_saturn_reformat_mptr165","1st of next month","Y","","10","10",""
"63","mptr135","mptr136","043","US","SUB","zmpt136a","043","US","mpt136e","pkg_oem_ref_036","","0","C","mptr136  Supersession Validation Complete","mptr135.ksh","3/21/2024 8:23:24 AM","3/21/2024 8:27:39 AM","mptr136.ksh","3/22/2024 1:13:13 AM","3/22/2024 1:17:59 AM","9/16/2025 11:58:55 PM","RACE","2","Y","N","N","N","","N","1","","R","R","B","D","B","U","4/1/2024","N","O","N/A     ","N","Y","N","N","Y","Y","Y","N","N","","N","N","","N","Y","","N","Y","","N","Y","","Subaru of America, Inc.","1st of next month","19th - 23rd","EMAIL ATTACHMENT","Email notification from ptsprice@subaru.com to production.control.com.  Zipped file dealer_pricing_file.zip renamed to subaruus.prc.","/RDO/Jobs/Production/Race/OEM_Reformats_Updates/OEM_US_SUBARU_reformatAndUpdate/oem_us_subaru_reformat_mptr135","/RDO/Jobs/Production/Race/OEM_Reformats_Updates/OEM_US_SUBARU_reformatAndUpdate/oem_us_subaru_update_mptr136","1st of next month","Y","","10","10",""
"64","pptr090","pptr091","036","PR","MBZ","zppt091a","036","US","","pkg_oem_ref_018","","0","C","pptr091  Supersession Validation Complete","pptr090.ksh","6/11/2024 6:01:58 PM","6/11/2024 6:01:59 PM","pptr091.ksh","6/11/2024 6:02:09 PM","6/11/2024 6:04:30 PM","9/16/2025 11:58:55 PM","RACE","2","N","Y","N","N","","N","1","","","","","","","","5/1/2024","N","O","N/A     ","N","N","N","N","N","N","Y","N","N","","N","N","","N","N","","N","N","","N","Y","","ABC Infotech ","date of file arrival","week of PR extract","MITCHELL FTP SERVER","Separate email notification for each PR OEM file, and file delivery noted in RACEDataOps FTP Report.","/RDO/Jobs/Production/Race/OEM_Reformats_Updates_PuertoRico/OEM_PR_MERCEDES_reformatAndUpdate/oem_pr_mercedes_reformat_pptr090","/RDO/Jobs/Production/Race/OEM_Reformats_Updates_PuertoRico/OEM_PR_MERCEDES_reformatAndUpdate/oem_pr_mercedes_update_pptr091","date of file arrival","Y","","10","10",""
"65","mptr190","mptr191","000","US","NAG","zmpt191a","000","US","","pkg_oem_ref_019","","0","C","mptr191  Supersession Validation Complete","mptr190.ksh","1/8/2024 8:10:50 AM","1/8/2024 8:11:39 AM","mptr191.ksh","1/9/2024 12:40:08 AM","1/9/2024 12:41:44 AM","9/16/2025 11:58:55 PM","RACE","2","Y","N","N","N","","N","4","","","","","","","","1/8/2024","N","O","DOM&IMP ","N","N","N","N","N","N","Y","N","N","","N","N","","N","N","","N","N","","N","Y","","National Auto Glass Specifications, Inc.","1st of next month","","EMAIL ATTACHMENT","Email notification from NAGS team with attachment. Email also includes effective date. Files received 3x/year in Dec, Apr, Aug, (Effective Jan, May, Sep)","/RDO/Jobs/Production/Race/OEM_Reformats_Updates/OEM_US_NAGS_reformatAndUpdate/oem_us_nags_reformat_mptr190","/RDO/Jobs/Production/Race/OEM_Reformats_Updates/OEM_US_NAGS_reformatAndUpdate/oem_us_nags_update_mptr191","1st of next month","Y","","10","10",""
"66","vptr145","vptr146","044","VE","TOY","zvpt146a","044","US","vpt146e","OBSOLETE","","2.3","C","vptr146  Supersession Validation Complete","vptr145.ksh","4/14/2008 3:13:54 PM","4/14/2008 3:18:41 PM","vptr146.ksh","4/14/2008 10:50:54 PM","4/14/2008 11:00:21 PM","9/16/2025 11:58:55 PM","RACE","2","Y","N","N","Y","","N","999","","R","R","B","D","B","U","","N","O","N/A","N","N","N","N","N","N","N","N","N","","N","N","","N","N","","N","N","","N","N","","","","","","","","","","","","","",""
"67","mptr410","mptr411","004","CA","CHR","zmpt411a","004","US","","pkg_oem_ref_032","","0","C","mptr411  Supersession Validation Complete","mptr410.ksh","3/25/2024 5:42:37 AM","3/25/2024 6:00:50 AM","mptr0411.ksh","3/26/2024 1:42:45 AM","3/26/2024 2:02:10 AM","9/16/2025 11:55:23 PM","RACE","2","Y","N","Y","N","","N","1","","","","","","","","4/1/2024","N","O","N/A     ","N","Y","Y","Y","Y","Y","Y","N","Y","","N","Y","","N","Y","","N","Y","","N","Y","","US Chrysler Corporation","1st of next month","23rd - 25th","MITCHELL FTP SERVER","Email notification from CHRYSLER.PARTS.PRICING@CHRYSLER.COM with effective date from Chrysler.  Separate email for US and Canada. (MX included with US.) Suggested procedure is to wait for both emails and then process all six files at same time for ALFC, CHR, and FIAC.  File was at EBMX but as of 4/2022 they are FTPing file to Mitchell. Email  subject like ""CANADIAN PRICE BOOK EFFECTIVE:2022-04-01"".  Suggested procedure is to wait for both emails and then process all six files at same time.","/RDO/Jobs/Production/Race/OEM_Reformats_Updates/OEM_CANADA_CHRYSLER_reformatAndUpdate/oem_canada_chrysler_reformat_mptr410","/RDO/Jobs/Production/Race/OEM_Reformats_Updates/OEM_CANADA_CHRYSLER_reformatAndUpdate/oem_canada_chrysler_update_mptr411","1st of next month","Y","mptr410","10","10","/RDO/Jobs/Production/Race/OEM_Reformats_Updates/OEM_CANADA_CHRYSLER_reformatAndUpdate/oem_canada_chrysler_reformat_mptr410
"
"68","mptr010","mptr011","058","US","ACU","zmpt011a","058","US","mpt011e","pkg_oem_ref_006","","0","C","mptr011  Supersession Validation Complete","mptr010.ksh","3/21/2024 6:46:22 AM","3/21/2024 6:50:12 AM","mptr011.ksh","3/22/2024 12:51:38 AM","3/22/2024 12:57:28 AM","9/16/2025 11:58:55 PM","RACE","2","Y","N","N","N","","N","1","","R","R","B","D","B","U","4/1/2024","N","O","N/A     ","N","Y","Y","N","Y","Y","Y","N","Y","","N","N","","N","Y","","N","Y","","N","Y","","American Honda Motor Co., Inc.","1st of next month","21st - 23rd","OEM WEBSITE","","/RDO/Jobs/Production/Race/OEM_Reformats_Updates/OEM_US_ACURA_reformatAndUpdate/oem_us_acura_reformat_mptr010","/RDO/Jobs/Production/Race/OEM_Reformats_Updates/OEM_US_ACURA_reformatAndUpdate/oem_us_acura_reformat_mptr010","1st of next month","Y","","10","10",""
"69","xptr185","xptr186","041","MX","REN","zxpt186a","041","MX","","OBSOLETE","","0","","Converted to PL/SQL","xptr185.ksh","","","xptr186.ksh","","","9/16/2025 11:58:55 PM","RACE","2","Y","N","Y","Y","","N","999","","","","","","","","","N","O","N/A","N","N","N","N","N","N","N","N","N","","N","N","","N","N","","N","N","","N","N","","","","","","","","","","","","","",""
"70","mptr540","mptr541","056","CA","ISU","zmpt541a","056","US","mpt541e","pkg_oem_ref_040","","0","C","mptr541  Supersession Validation Complete","mptr540.ksh","3/20/2024 9:32:56 AM","3/20/2024 9:34:30 AM","mptr541.ksh","3/21/2024 1:14:27 AM","3/21/2024 1:16:20 AM","9/16/2025 11:58:55 PM","RACE","2","Y","N","N","N","","N","1","","R","R","B","D","B","U","4/1/2024","N","O","N/A     ","N","N","N","N","Y","N","Y","N","N","","N","N","","N","Y","","N","N","","N","Y","","Isuzu Motors America, LLC ","1st of next month","22nd - 28th","MITCHELL FTP SERVER","Email notification sent from Tom Ursano <Tom.Ursano@isza.com> to production.control.oem for US and CA notificatino.  Effective Month and Year is given; therfore should be on RACEDataOps FTP Report regarding file delivery.","/RDO/Jobs/Production/Race/OEM_Reformats_Updates/OEM_Canada_Isuzu_reformatAndUpdate/oem_canada_isuzu_reformat_mptr540","/RDO/Jobs/Production/Race/OEM_Reformats_Updates/OEM_Canada_Isuzu_reformatAndUpdate/oem_canada_isuzu_update_mptr541","1st of next month","Y","","10","10",""
"71","mptr290","mptr291","290","US","KAW","zmpt291a","290","US","mpt291e","pkg_oem_ref_009","","0","C","mptr291  Supersession Validation Complete","mptr290.ksh","6/22/2022 2:10:25 PM","6/22/2022 2:14:22 PM","mptr291.ksh","6/22/2022 9:25:04 PM","6/22/2022 9:29:18 PM","9/16/2025 11:58:55 PM","RACE","2","Y","N","N","Y","","N","4","","R","R","B","D","B","U","7/2/2022","N","O","QTRLY   ","N","N","N","N","Y","Y","Y","N","N","","N","N","","N","N","Singulars Only","N","N","","N","N","","Kawasaki Motorcycles","date of file arrival","","OEM WEBSITE","Email notification.","/RDO/Jobs/Production/Race/OEM_Reformats_Updates/OEM_US_KAWASAKI_MOTORCYCLE_QUARTERLY_reformatsAndUpdates/oem_us_kawasaki_motorcycle_quarterly_reformat_mptr290","/RDO/Jobs/Production/Race/OEM_Reformats_Updates/OEM_US_KAWASAKI_MOTORCYCLE_QUARTERLY_reformatsAndUpdates/oem_us_kawasaki_motorcycle_quarterly_update_mptr291","1st of next month","Y","","10","10",""
"72","pptr065","pptr066","060","PR","HYU","zppt066a","060","US","","pkg_oem_ref_012","","0","C","pptr066  Supersession Validation Complete","pptr065.ksh","3/7/2024 8:11:26 AM","3/7/2024 8:14:25 AM","pptr066.ksh","3/8/2024 1:43:11 AM","3/8/2024 1:46:06 AM","9/16/2025 11:58:55 PM","RACE","0","N","Y","N","N","","N","1","","","","","","","","3/7/2024","N","O","N/A     ","N","N","N","N","N","N","Y","N","N","","N","N","","N","N","","N","N","","N","Y","","ABC Infotech ","date of file arrival","week of PR extract","MITCHELL FTP SERVER","Separate email notification for each PR OEM file, and file delivery noted in RACEDataOps FTP Report.","/RDO/Jobs/Production/Race/OEM_Reformats_Updates_PuertoRico/OEM_PR_HYUNDAI_reformatAndUpdate/oem_pr_hyundai_reformat_pptr065","/RDO/Jobs/Production/Race/OEM_Reformats_Updates_PuertoRico/OEM_PR_HYUNDAI_reformatAndUpdate/oem_pr_hyundai_update_pptr066","date of file arrival","Y","","10","10",""
"73","mptr530","mptr531","064","CA","RAN","zmpt531a","064","US","mpt531e","pkg_oem_ref_038","","0","C","mptr531  Supersession Validation Complete","mptr530.ksh","3/27/2024 9:05:54 AM","3/27/2024 9:08:40 AM","mptr531.ksh","3/28/2024 2:19:50 AM","3/28/2024 2:22:44 AM","9/16/2025 11:58:55 PM","RACE","2","Y","N","N","N","","N","1","","R","R","B","D","B","U","4/1/2024","N","O","N/A     ","N","N","Y","N","Y","N","Y","N","Y","","N","N","","N","Y","","N","N","","N","Y","","Jaguar Land Rover North America, LLC","1st of next month","22nd - 29th","OEM WEBSITE","Email notification. (Not always so login and check if they've forgotten to email us.)","/RDO/Jobs/Production/Race/OEM_Reformats_Updates/OEM_CANADA_LANDROVER_reformatAndUpdate/oem_canada_landrover_reformat_mptr530","/RDO/Jobs/Production/Race/OEM_Reformats_Updates/OEM_CANADA_LANDROVER_reformatAndUpdate/oem_canada_landrover_update_mptr531","1st of next month","Y","","10","10",""
"74","mptr220","mptr221","224","US","BMW","zmpt221a","024","US","mpt221e","pkg_oem_ref_003","","0","C","mptr221  Supersession Validation Complete","mptr220.ksh","3/22/2024 9:50:12 AM","3/22/2024 9:51:24 AM","mptr221.ksh","3/23/2024 1:27:38 AM","3/23/2024 1:29:08 AM","9/16/2025 11:58:55 PM","RACE","2","Y","N","N","N","","N","1","","R","R","B","D","B","U","4/1/2024","N","O","N/A     ","N","Y","N","N","Y","N","Y","N","N","","N","N","","N","Y","","N","N","","N","Y","","BMW of North America, Inc.","1st of next month","21st - 23rd","EXTERNAL FTP SERVER","Email notification for Auto and M/C, with effective date (sometimes only one email and M/C files will be on FTP when auto are there).

Email notification from Jose.Thomas@bmwna.com sent to productoin.control.oem with effective date Month, Day, Year zip file is available to pull from their website for Auto and M/C.","/RDO/Jobs/Production/Race/OEM_Reformats_Updates/OEM_US_BMW_MOTORCYCLE_reformatAndUpdate/oem_us_bmw_motorcycle_reformat_mptr220","/RDO/Jobs/Production/Race/OEM_Reformats_Updates/OEM_US_BMW_MOTORCYCLE_reformatAndUpdate/oem_us_bmw_motorcycle_update_mptr221","1st of next month","Y","","10","10",""
"75","xptr170","xptr171","004","MX","CHR","zxpt171a","004","US","","pkg_oem_ref_026","","19.9301","C","xptr171  Supersession Validation Complete","xptr170.ksh","3/22/2024 12:54:24 PM","3/22/2024 1:08:58 PM","xptr171.ksh","3/23/2024 2:00:59 AM","3/23/2024 2:18:39 AM","9/16/2025 11:58:55 PM","RACE","2","Y","Y","Y","N","","N","1","","","","","","","","4/1/2024","N","O","N/A     ","N","Y","Y","Y","Y","Y","Y","N","Y","","N","Y","","N","Y","","N","Y","","N","Y","","** Uses same data as US Chrysler","1st of next month","23rd - 25th","MITCHELL FTP SERVER","See US CHR","/RDO/Jobs/Production/Race/OEM_Reformats_Updates/OEM_MEXICO_CHRYSLER_reformatAndUpdate/oem_mexico_chrysler_reformat_xptr170","/RDO/Jobs/Production/Race/OEM_Reformats_Updates/OEM_MEXICO_CHRYSLER_reformatAndUpdate/oem_mexico_chrysler_update_xptr171","1st of next month","Y","","10","10",""
"76","lptr040","lptr041","002","BR","FOR","zlpt041a","002","BR","","OBSOLETE","","0","C","lptr041  Supersession Validation Complete","lptr040.ksh","4/25/2006 3:58:07 PM","4/25/2006 4:01:45 PM","lptr041.ksh","4/25/2006 4:04:14 PM","4/25/2006 4:15:08 PM","9/16/2025 11:58:55 PM","RACE","2","Y","Y","Y","Y","","N","999","","","","","","","","","N","O","N/A","N","N","N","N","N","N","N","N","N","","N","N","","N","N","","N","N","","N","N","","","","","","","","","","","","","",""
"77","lptr010","lptr011","021","BR","ALF","","021","BR","","OBSOLETE","","0","","","lptr010.ksh","","","lptr011.ksh","","","9/16/2025 11:58:55 PM","RACE","2","Y","N","N","Y","","N","999","","","","","","","","","N","O","N/A","N","N","N","N","N","N","N","N","N","","N","N","","N","N","","N","N","","N","N","","","","","","","","","","","","","",""
"78","lptr015","lptr016","021","BR","ALF","","021","BR","","OBSOLETE","","0","","","lptr015.ksh","","","lptr016.ksh","","","9/16/2025 11:58:55 PM","RACE","2","Y","N","N","Y","","N","999","","","","","","","","","N","O","N/A","N","N","N","N","N","N","N","N","N","","N","N","","N","N","","N","N","","N","N","","","","","","","","","","","","","",""
"79","mptr515","mptr516","021","CA","ALF","","021","CA","mpt016e","OBSOLETE","","0","","","mptr515.ksh","","","mptr516.ksh","","","9/16/2025 11:58:55 PM","RACE","2","Y","N","N","Y","","N","999","","","","","","","","","N","O","N/A","N","N","N","N","N","N","N","N","N","","N","N","","N","N","","N","N","","N","N","","","","","","","","","","","","","",""
"80","mptr015","mptr016","021","US","ALF","","021","US","mpt016e","OBSOLETE","","0","","","mptr015.ksh","","","mptr016.ksh","","","9/16/2025 11:58:55 PM","RACE","2","Y","N","N","Y","","N","999","","","","","","","","","N","O","N/A","N","N","N","N","N","N","N","N","N","","N","N","","N","N","","N","N","","N","N","","","","","","","","","","","","","",""
"81","mptr170","mptr171","004","US","CHR","zmpt171a","004","US","","pkg_oem_ref_026","","0","C","mptr171  Supersession Validation Complete","mptr170.ksh","3/22/2024 12:37:05 PM","3/22/2024 12:51:54 PM","mptr171.ksh","3/23/2024 1:41:42 AM","3/23/2024 2:00:56 AM","9/16/2025 11:58:55 PM","RACE","2","Y","Y","Y","N","","N","1","","","","","","","","4/1/2024","N","O","N/A     ","N","Y","Y","Y","Y","Y","Y","N","Y","","N","Y","","N","Y","","N","Y","","N","Y","","US Chrysler Corporation","1st of next month","23rd - 25th","MITCHELL FTP SERVER","Email notification from CHRYSLER.PARTS.PRICING@CHRYSLER.COM with effective date from Chrysler.  Separate email for US and Canada. (MX included with US.) Suggested procedure is to wait for both emails and then process all six files at same time for ALFC, CHR, and FIAC.  File was at EBMX but as of 4/2022 they are FTPing file to Mitchell. Email  subject like ""PRICE BOOK EFFECTIVE:2022-04-01"".  Suggested procedure is to wait for both emails and then process all six files at same time.","/RDO/Jobs/Production/Race/OEM_Reformats_Updates/OEM_US_CHRYSLER_reformatAndUpdate/oem_us_chrysler_reformat_mptr170","/RDO/Jobs/Production/Race/OEM_Reformats_Updates/OEM_US_CHRYSLER_reformatAndUpdate/oem_us_chrysler_update_mptr171","1st of next month","Y","","10","10",""
"82","mptr550","mptr551","083","CA","DAE","","083","CA","","OBSOLETE","","0","","","mptr550.ksh","","","mptr551.ksh","","","9/16/2025 11:58:55 PM","RACE","2","Y","N","N","Y","","N","999","","","","","","","","","N","O","N/A","N","N","N","N","N","N","N","N","N","","N","N","","N","N","","N","N","","N","N","","","","","","","","","","","","","",""
"83","mptr040","mptr041","083","US","DAE","zmpt041a","083","US","mpt041e","pkg_oem_ref_017","","0","C","mptr041  Supersession Validation Complete","mptr040.ksh","1/29/2015 7:41:04 AM","1/29/2015 7:41:32 AM","mptr041.ksh","1/29/2015 7:31:54 PM","1/29/2015 7:32:25 PM","9/16/2025 11:58:55 PM","RACE","2","Y","N","N","Y","","N","12","","R","R","B","D","B","U","2/2/2015","N","O","N/A     ","N","Y","N","N","Y","N","N","N","N","","N","N","","N","Y","","N","N","","N","Y","","Daewoo Motor America, Inc.","unknown","","","","/RDO/Jobs/Production/Race/OEM_Reformats_Updates/OEM_US_DAEWOO_reformatAndUpdate/oem_us_daewoo_reformat_mptr040","/RDO/Jobs/Production/Race/OEM_Reformats_Updates/OEM_US_DAEWOO_reformatAndUpdate/oem_us_daewoo_update_mptr041","1st of next month","Y","","10","10",""
"84","vptr040","vptr041","083","VE","DAE","","083","VE","","OBSOLETE","","1","","","vptr040.ksh","","","vptr041.ksh","","","9/16/2025 11:58:55 PM","RACE","2","Y","N","N","Y","","N","999","","","","","","","","","N","O","N/A","N","N","N","N","N","N","N","N","N","","N","N","","N","N","","N","N","","N","N","","","","","","","","","","","","","",""
"85","lptr012","lptr013","031","BR","FIA","","031","BR","","OBSOLETE","","0","","","lptr012.ksh","","","lptr013.ksh","","","9/16/2025 11:58:55 PM","RACE","2","Y","N","N","Y","","N","999","","","","","","","","","N","O","N/A","N","N","N","N","N","N","N","N","N","","N","N","","N","N","","N","N","","N","N","","","","","","","","","","","","","",""
"86","lptr017","lptr018","031","BR","FIA","","031","BR","","OBSOLETE","","0","","","lptr017.ksh","","","lptr018.ksh","","","9/16/2025 11:58:55 PM","RACE","2","Y","N","N","Y","","N","999","","","","","","","","","N","O","N/A","N","N","N","N","N","N","N","N","N","","N","N","","N","N","","N","N","","N","N","","","","","","","","","","","","","",""
"87","vptr017","vptr018","031","VE","FIA","","031","VE","","OBSOLETE","","1","","","vptr017.ksh","","","vptr018.ksh","","","9/16/2025 11:58:55 PM","RACE","2","Y","N","N","Y","","N","999","","","","","","","","","N","O","N/A","N","N","N","N","N","N","N","N","N","","N","N","","N","N","","N","N","","N","N","","","","","","","","","","","","","",""
"88","lptr050","lptr051","001","BR","GMC","","001","BR","","OBSOLETE","","0","","","lptr050.ksh","","","lptr051.ksh","","","9/16/2025 11:58:55 PM","RACE","2","Y","N","N","Y","","N","999","","","","","","","","","N","O","N/A","N","N","N","N","N","N","N","N","N","","N","N","","N","N","","N","N","","N","N","","","","","","","","","","","","","",""
"89","mptr445","mptr446","060","CA","HYU","zmpt446a","060","US","mpt446e","pkg_oem_ref_035","","0","C","mptr446  Supersession Validation Complete","mptr445.ksh","3/27/2024 11:58:38 AM","3/27/2024 12:02:35 PM","mptr446.ksh","3/28/2024 2:22:46 AM","3/28/2024 2:29:41 AM","9/16/2025 11:58:55 PM","RACE","3","Y","Y","N","N","","N","6","","R","R","B","D","B","U","4/1/2024","N","O","N/A     ","N","N","N","N","Y","Y","Y","N","N","","N","N","","N","Y","They drop discontinued parts off the file.","N","Y","","N","Y","","Hyundai Auto Canada Inc.","Noted in Email","20-31st","OEM SFTP SERVER","Email notification from Draga Culjak <dculjak@hyundaicanada.com> sent to production.control.oem  with effective date Month, Day, Year saying it is on Hyundai Canada SFTP location. Reformat job picks up txt file from CA Hyundai sftp server.","/RDO/Jobs/Production/Race/OEM_Reformats_Updates/OEM_CANADA_HYUNDAI_reformatAndUpdate/oem_canada_hyundai_reformat_mptr445","/RDO/Jobs/Production/Race/OEM_Reformats_Updates/OEM_CANADA_HYUNDAI_reformatAndUpdate/oem_canada_hyundai_update_mptr446","Noted in Email","Y","","10","10",""
"90","mptr120","mptr121","064","US","RAN","zmpt121a","064","US","mpt121e","pkg_oem_ref_038","","0","C","mptr121  Supersession Validation Complete","mptr120.ksh","3/27/2024 9:01:59 AM","3/27/2024 9:04:42 AM","mptr121.ksh","3/28/2024 2:16:37 AM","3/28/2024 2:19:47 AM","9/16/2025 11:58:55 PM","RACE","2","Y","N","N","N","","N","1","","R","R","B","D","B","U","4/1/2024","N","O","N/A     ","N","N","Y","N","Y","N","Y","N","Y","","N","N","","N","Y","","N","N","","N","Y","","Jaguar Land Rover North America, LLC","1st of next month","22nd - 29th","OEM WEBSITE","Email notification. (Not always so login and check if they've forgotten to email us.)","/RDO/Jobs/Production/Race/OEM_Reformats_Updates/OEM_US_LANDROVER_reformatAndUpdate/oem_us_landrover_reformat_mptr120","/RDO/Jobs/Production/Race/OEM_Reformats_Updates/OEM_US_LANDROVER_reformatAndUpdate/oem_us_landrover_update_mptr121","1st of next month","Y","","10","10",""
"91","mptr450","mptr451","035","CA","MAZ","zmpt451a","035","CA","mpt451e","pkg_oem_ref_021","","0","C","mptr451  Supersession Validation Complete","mptr450.ksh","3/27/2024 5:59:55 AM","3/27/2024 6:10:23 AM","mptr451.ksh","3/28/2024 1:42:26 AM","3/28/2024 1:49:58 AM","9/16/2025 11:58:55 PM","RACE","2","Y","N","N","N","oem_ref_mptr450_maz_merge.ksh","N","1","","R","R","B","D","B","U","4/1/2024","N","O","N/A     ","Y","Y","Y","N","Y","N","Y","Y","Y","A-trans is created instead of N-trans when color code suffix of old part does not match color code suffix of new part AND new parts suffix is associated with special application of paint.","N","N","","N","Y","There is special coding in reformat associated to parts having a length of 12 and their suffixes represent paint color codes. See reformat program.","N","N","","N","Y","","Mazda Canada Inc.","1st of next month","24th - 26th","MITCHELL FTP SERVER","Email notification sent from Dipthi Divakaran (MCI) <ddivakar@mazda.ca> to production.control.oem that file was uploaded to Mitchell FTP server.  Effecitve Month is given in email so we just the 1st of that month.","/RDO/Jobs/Production/Race/OEM_Reformats_Updates/OEM_CANADA_MAZDA_reformatAndUpdate/oem_canada_mazda_reformat_mptr450","/RDO/Jobs/Production/Race/OEM_Reformats_Updates/OEM_CANADA_MAZDA_reformatAndUpdate/oem_canada_mazda_update_mptr451","1st of next month","","","10","10",""
"92","vptr085","vptr086","035","VE","MAZ","","035","VE","","OBSOLETE","","1","","","vptr085.ksh","","","vptr086.ksh","","","9/16/2025 11:58:55 PM","RACE","2","Y","N","N","Y","","N","999","","","","","","","","","N","O","N/A","N","N","N","N","N","N","N","N","N","","N","N","","N","N","","N","N","","N","N","","","","","","","","","","","","","",""
"93","lptr090","lptr091","036","BR","MBZ","","036","BR","","OBSOLETE","","0","","","lptr090.ksh","","","lptr091.ksh","","","9/16/2025 11:58:55 PM","RACE","2","Y","N","N","Y","","N","999","","","","","","","","","N","O","N/A","N","N","N","N","N","N","N","N","N","","N","N","","N","N","","N","N","","N","N","","","","","","","","","","","","","",""
"94","pptr095","pptr096","057","PR","MIT","zppt096a","057","US","","pkg_oem_ref_012","","0","C","pptr096  Supersession Validation Complete","pptr095.ksh","3/12/2024 9:55:45 AM","3/12/2024 10:00:06 AM","pptr096.ksh","3/13/2024 1:25:42 AM","3/13/2024 1:29:32 AM","9/16/2025 11:58:55 PM","RACE","0","N","N","N","N","","N","1","","","","","","","","3/12/2024","N","O","N/A     ","N","N","N","N","N","N","Y","N","N","","N","N","","N","N","","N","N","","N","Y","","ABC Infotech ","date of file arrival","week of PR extract","MITCHELL FTP SERVER","Separate email notification for each PR OEM file, and file delivery noted in RACEDataOps FTP Report.","/RDO/Jobs/Production/Race/OEM_Reformats_Updates_PuertoRico/OEM_PR_MITSUBISHI_reformatAndUpdate/oem_pr_mitsubishi_reformat_pptr095","/RDO/Jobs/Production/Race/OEM_Reformats_Updates_PuertoRico/OEM_PR_MITSUBISHI_reformatAndUpdate/oem_pr_mitsubishi_update_pptr096","date of file arrival","Y","","10","10",""
"95","xptr035","xptr036","030","MX","NIS","zxpt036a","030","US","","OBSOLETE","","0","","Converted to PL/SQL","xptr035.ksh","","","xptr036.ksh","","","9/16/2025 11:58:55 PM","RACE","2","Y","Y","N","Y","","N","12","","","","","","","","","N","O","N/A","N","N","N","N","N","N","N","N","N","","N","N","","N","N","","N","N","","N","N","","","","","","","","","","","","","",""
"96","lptr185","lptr186","041","BR","REN","","041","BR","","OBSOLETE","","0","","","lptr185.ksh","","","lptr186.ksh","","","9/16/2025 11:58:55 PM","RACE","2","Y","N","N","Y","","N","999","","","","","","","","","N","O","N/A","N","N","N","N","N","N","N","N","N","","N","N","","N","N","","N","N","","N","N","","","","","","","","","","","","","",""
"97","vptr185","vptr186","041","VE","REN","zvpt186a","041","VE","","OBSOLETE","","1","","Converted to PL/SQL","vptr185.ksh","","","vptr186.ksh","","","9/16/2025 11:58:55 PM","RACE","2","Y","Y","Y","Y","","N","999","","","","","","","","","N","O","N/A","N","N","N","N","N","N","N","N","N","","N","N","","N","N","","N","N","","N","N","","","","","","","","","","","","","",""
"98","xptr155","xptr156","046","MX","VW","zxpt156a","046","US","","OBSOLETE","","0","C","xptr156  Supersession Validation Complete","xptr155.ksh","10/11/2007 10:15:56 AM","10/11/2007 10:23:39 AM","xptr156.ksh","10/11/2007 8:07:44 PM","10/11/2007 8:26:27 PM","9/16/2025 11:58:55 PM","RACE","2","Y","Y","Y","Y","","N","12","","","","","","","","","N","O","N/A","N","N","N","N","N","N","N","N","N","","N","N","","N","N","","N","N","","N","N","","","","","","","","","","","","","",""
"99","mptr505","mptr506","046","CA","VW","zmpt506a","046","US","","pkg_oem_ref_023","","0","C","mptr506  Supersession Validation Complete","mptr505.ksh","4/1/2025 7:50:24 AM","4/1/2025 7:51:52 AM","mptr506.ksh","4/1/2025 7:59:22 AM","4/1/2025 8:08:53 AM","9/16/2025 11:58:55 PM","RACE","2","Y","N","Y","N","","N","1","","","","","","","","1/1/2025","N","O","N/A     ","N","N","Y","N","Y","Y","Y","N","Y","","N","N","","N","Y","","N","Y","","N","Y","","Volkswagon Canada","1st of next month","26th - 31st","EXTERNAL FTP SERVER","Email from VGCA Parts Pricing <vgcapartspricing@vw.ca> sent to production.control.oem.  Noted effective date Month, Day , Year in email. Only have 5 days to download their file.","/RDO/Jobs/Production/Race/OEM_Reformats_Updates/OEM_CANADA_VOLKSWAGEN_reformatAndUpdate/oem_canada_volkswagen_reformat_mptr505","/RDO/Jobs/Production/Race/OEM_Reformats_Updates/OEM_CANADA_VOLKSWAGEN_reformatAndUpdate/oem_canada_volkswagen_update_mptr506","1st of next month","Y","","10","10",""
"100","mptr500","mptr501","047","CA","VOL","zmpt501a","047","US","mpt501e","pkg_oem_ref_029","","0","C","mptr501  Supersession Validation Complete","mptr500.ksh","3/22/2024 5:47:16 AM","3/22/2024 5:50:24 AM","mptr501.ksh","3/23/2024 1:05:55 AM","3/23/2024 1:08:45 AM","9/16/2025 11:58:55 PM","RACE","2","Y","Y","N","N","","N","1","","R","R","B","D","B","U","4/1/2024","N","O","N/A     ","N","N","N","N","Y","Y","Y","Y","Y","Supersession type is not identified. A-trans are generated from N-trans in split program.","N","N","","N","Y","","N","Y","Supersessions having new part number = PART NO EXPIRED are discontinued parts.","N","Y","","Volvo of America, Corp.","1st of next month","22nd - 24th","MITCHELL FTP SERVER","Yearly schedule emailed to us. Based on schedule, check availability after 11:00 am by running ActiveBatch pre-step_mptr149 under OEM_US_CANADA_VOLVO. A report will be generated via RACE and emailed saying new files are OK or not. If OK, proceed with media entry and schedule of reformat.","/RDO/Jobs/Production/Race/OEM_Reformats_Updates/OEM_US_CANADA_VOLVO_reformatsAndUpdates/oem_canada_volvo_reformat_mptr500","/RDO/Jobs/Production/Race/OEM_Reformats_Updates/OEM_US_CANADA_VOLVO_reformatsAndUpdates/oem_canada_volvo_update_mptr5010","1st of next month","Y","","10","10",""
"101","vptr060","vptr061","032","VE","HON","zvpt061a","032","US","","OBSOLETE","","2","","","vptr060.ksh","","","vptr061.ksh","","","9/16/2025 11:58:55 PM","RACE","2","Y","N","N","Y","","N","999","","","","","","","","","N","O","N/A","N","N","N","N","N","N","N","N","N","","N","N","","N","N","","N","N","","N","N","","","","","","","","","","","","","",""
"102","vptr047","vptr048","002","VE","FOR","zvpt048a","002","VE","","OBSOLETE","","1","","","vptr047.ksh","","","vptr048.ksh","","","9/16/2025 11:58:55 PM","RACE","2","Y","N","N","Y","","N","999","","","","","","","","","N","O","N/A","N","N","N","N","N","N","N","N","N","","N","N","","N","N","","N","N","","N","N","","","","","","","","","","","","","",""
"103","mptr405","mptr406","024","CA","BMW","zmpt406a","024","US","mpt406e","pkg_oem_ref_017","","0","C","mptr406  Supersession Validation Complete","mptr405.ksh","3/20/2024 6:12:37 AM","3/20/2024 6:16:25 AM","mptr406.ksh","3/21/2024 1:00:37 AM","3/21/2024 1:07:06 AM","9/16/2025 11:58:55 PM","RACE","2","Y","N","N","N","","N","1","","R","R","B","D","B","U","4/1/2024","N","O","N/A     ","N","Y","N","N","Y","Y","Y","N","N","","N","N","","N","Y","","N","Y","","N","Y","","BMW Canada, Inc.","1st of next month","18th - 24th","EMAIL ATTACHMENT","Email notification from Message Manager <message.manager@bmwgroup.ca> to production.control.oem with zipped file attached.  Renamed to bmwca.prc.  NO effective date given.","/RDO/Jobs/Production/Race/OEM_Reformats_Updates/OEM_CANADA_BMW_reformatAndUpdate/oem_canada_bmw_reformat_mptr405","/RDO/Jobs/Production/Race/OEM_Reformats_Updates/OEM_CANADA_BMW_reformatAndUpdate/oem_canada_bmw_update_mptr406","1st of next month","Y","","10","10",""
"104","mptr430","mptr431","001","CA","GMC","zmpt431a","001","US","","pkg_oem_ref_039","","0","C","mptr431  Supersession Validation Complete","mptr430.ksh","3/25/2024 7:48:56 AM","3/25/2024 8:07:40 AM","mptr431.ksh","3/28/2024 1:13:53 AM","3/28/2024 1:36:20 AM","9/16/2025 11:58:55 PM","RACE","2","Y","N","Y","N","","N","1","","","","","","","","4/1/2024","N","O","N/A     ","N","N","Y","N","Y","Y","Y","N","Y","","N","N","","N","Y","","N","Y","","N","Y","","General Motors of Canada, Ltd.","1st Monday of the next month","File from Monday of the weekend extract","MITCHELL FTP SERVER","No notification from OEM. File delivery noted on RACEDataOps FTP Report. Uploads weekly to FTP, but we only use file from Monday evening in the week of the extract. Run Tuesday morning.","/RDO/Jobs/Production/Race/OEM_Reformats_Updates/OEM_CANADA_GMC_SAAB_SATURN_reformat/step1_oem_canada_gmc_reformat_mptr430","/RDO/Jobs/Production/Race/OEM_Reformats_Updates/OEM_CANADA_GMC_SAAB_SATURN_Update/step1_oem_canada_gmc_update_mptr431","1st Monday of the next month","Y","","10","10",""
"105","mptr390","mptr391","290","US","KAW","zmpt391a","290","US","mpt391e","pkg_oem_ref_009","","0","C","mptr391  Supersession Validation Complete","mptr390.ksh","3/5/2024 6:28:25 AM","3/5/2024 6:32:46 AM","mptr391.ksh","3/6/2024 12:36:57 AM","3/6/2024 12:41:32 AM","9/16/2025 11:58:55 PM","RACE","2","Y","N","N","N","","N","1","","R","R","B","D","B","U","3/1/2024","N","O","MNTHLY  ","N","N","N","N","Y","N","Y","N","N","","N","N","","N","N","Singulars Only","Y","Y","Generate from Part table if disc in past 10 years","N","Y","","Kawasaki Motors Corp., U.S.A.","date of file arrival","4th - 6th","OEM WEBSITE","No notification. Around the 5th of each month, login to their website and check for file to download.","/RDO/Jobs/Production/Race/OEM_Reformats_Updates/OEM_US_KAWASAKI_MOTORCYCLE_MONTHLY_reformatsAndUpdates/oem_us_kawasaki_motorcycle_monthly_reformat_mptr390","/RDO/Jobs/Production/Race/OEM_Reformats_Updates/OEM_US_KAWASAKI_MOTORCYCLE_MONTHLY_reformatsAndUpdates/oem_us_kawasaki_motorcycle_monthly_update_mptr391","date of file arrival","Y","","10","10",""
"106","mptr395","mptr396","290","US","KAW","zmpt396a","290","US","","pkg_oem_ref_009","","0","R","Step570 Save files","mptr395.ksh","2/6/2019 12:50:15 PM","2/6/2019 12:50:18 PM","mptr396.ksh","12/21/2021 12:27:07 PM","","9/16/2025 11:58:55 PM","RACE","0","N","Y","Y","N","","N","999","","","","","","","","2/6/2019","N","O","MSUPR   ","N","N","Y","N","N","N","N","N","Y","","N","N","","N","N","","N","N","","N","N","","Kawasaki Motors Corp., U.S.A.","date of file arrival","","MUST REQUEST (XLS)","No notification. We must request this excel file which DataOps then runs thru a conversion macro.  Quarterly File.","/RDO/Jobs/Production/Race/OEM_Reformats_Updates/OEM_US_KAWASAKI_MOTORCYCLE_MULTI_SUPERS_reformatsAndUpdates/oem_us_kawasaki_motorcycle_multi_supers_reformat_mptr395","/RDO/Jobs/Production/Race/OEM_Reformats_Updates/OEM_US_KAWASAKI_MOTORCYCLE_MULTI_SUPERS_reformatsAndUpdates/oem_us_kawasaki_motorcycle_multi_supers_reformat_mptr395","date of file arrival","Y","","10","10",""
"107","mptr625","mptr626","296","CA","POL","zmpt626a","296","US","","pkg_oem_ref_296","","0","C","mptr626  Supersession Validation Complete","","1/16/2024 10:26:09 AM","1/16/2024 10:26:10 AM","","1/17/2024 1:31:12 AM","1/17/2024 1:33:04 AM","1/17/2024 1:33:04 AM","RACEJOB","2","Y","Y","N","N","","N","6","","","","","","","","1/1/2024","N","O","N/A     ","N","N","N","N","N","N","Y","N","N","","N","N","","N","N","No Supersessions","N","N","Discontinued parts are dropped from file.","N","Y","","Polaris","date of file","delivered 2x year; Feb and Aug","Dropbox / Email","Email notification with xls files attached.","","","","","","","",""
"108","mptr825","mptr826","715","US","LYNN","zmpt826a","715","US","","pkg_oem_ref_715","","0","C","mptr826  Supersession Validation Complete","","3/7/2024 5:45:28 AM","3/7/2024 5:46:11 AM","","3/9/2024 12:55:24 AM","3/9/2024 12:55:36 AM","3/9/2024 12:55:36 AM","RACEJOB","0","Y","Y","N","N","","N","6","","","","","","","","3/1/2024","N","O","N/A     ","N","N","N","N","N","N","Y","N","N","","N","N","","N","N","No Supersessions","N","N","Discontinued parts are dropped from file.","N","Y","","LYNN Truck Parts","date of file arrival","unknown; not established with Supplier","","File is emailed to production.control.oem. They save tab-delimited file to NT for reformat to process. (Ref will also provide copy to Editors.)","","","","","","","",""
"109","pptr365","pptr366","020","PR","GENE","zppt366a","060","US","","pkg_oem_ref_012","","0","C","pptr366  Supersession Validation Complete","","3/7/2024 8:01:00 AM","3/7/2024 8:04:00 AM","","3/8/2024 1:38:32 AM","3/8/2024 1:41:03 AM","3/8/2024 1:41:03 AM","RACEJOB","0","N","Y","N","N","","N","1","","","","","","","","3/7/2024","N","O","N/A     ","N","N","N","N","N","N","Y","N","N","","N","N","","N","N","No Supersessions","N","N","","N","Y","","ABC Infotech","date of file arrival","week of PR extract","MITCHELL FTP SERVER","Separate email notification for each PR OEM file, and file delivery noted in RACEDataOps FTP Report.","","","","","","","",""
"110","mptr850","mptr851","713","US","JONE","zmpt851a","713","US","","pkg_oem_ref_713","","0","C","mptr851  Supersession Validation Complete","","12/14/2023 12:36:47 PM","12/14/2023 12:37:05 PM","","12/15/2023 12:24:47 AM","12/15/2023 12:25:00 AM","12/15/2023 12:25:00 AM","RACEJOB","0","N","N","N","N","","N","6","","","","","","","","1/1/2024","N","O","N/A     ","N","N","N","N","N","N","Y","N","N","","N","N","","N","N","No Supersessions","N","N","Discontinued parts are dropped from file.","N","Y","","Jones Performance Parts","Noted in Email","","EMAIL ATTACHMENT","Email notification with effective date and files attached","","","","","","","",""
"111","mptr802","mptr803","717","CA","TRP","zmpt803a","717","US","","pkg_oem_ref_717","","0","C","mptr803  Supersession Validation Complete","","3/20/2024 5:44:46 AM","3/20/2024 5:44:54 AM","","3/21/2024 1:00:22 AM","3/21/2024 1:00:34 AM","3/21/2024 1:00:34 AM","RACEJOB","0","N","N","N","N","","N","3","","","","","","","","3/15/2024","N","O","N/A     ","N","N","N","N","N","N","Y","N","N","","N","N","","N","N","No Supersessions","N","N","Discontinued parts are dropped from file.","N","Y","","PACCAR","date of file arrival","Quarterly","MITCHELL FTP SERVER","RACEDataOps FTP Report","","","","","","","",""
"112","mptr365","mptr366","020","US","GENE","zmpt366a","060","US","mpt366e","pkg_oem_ref_034","","0","C","mptr366  Supersession Validation Complete","","3/22/2024 12:17:14 PM","3/22/2024 12:19:22 PM","","3/23/2024 1:40:46 AM","3/23/2024 1:41:40 AM","9/16/2025 11:58:55 PM","RACE","2","Y","Y","N","N","oem_ref_mptr365_gene_rawupd.ksh","N","1","","R","R","B","D","B","U","4/1/2024","N","O","N/A     ","N","N","Y","N","Y","N","Y","N","Y","","N","N","","N","Y","They OMIT parts having net-price of zero and parts that are out-of-stock.","N","N","","N","Y","","Hyundai Motor America","1st of next month","22nd - 24th","","Email notification from Huang, David [HMA] <DHuang@hmausa.com> sent to production.control.oem with effective Month and Year that zip file is uploaded to Mitchell FTP site; therefore file should appear on RACEDataOps FTP Report.","/RDO/Jobs/Production/Race/OEM_Reformats_Updates/OEM_US_GENESIS_reformatAndUpdate/oem_us_genesis_reformat_mptr365","/RDO/Jobs/Production/Race/OEM_Reformats_Updates/OEM_US_GENESIS_reformatAndUpdate/oem_us_genesis_update_mptr366","1st of next month","Y","","10","10",""
"113","mptr815","mptr816","774","US","HINO","zmpt816a","774","US","","pkg_oem_ref_774","","0","C","mptr816  Supersession Validation Complete","","3/18/2024 11:13:08 AM","3/18/2024 11:14:11 AM","","3/19/2024 1:43:06 AM","3/19/2024 1:43:51 AM","9/16/2025 11:58:55 PM","RACE","2","N","N","Y","N","","N","3","","","","","","","","4/1/2024","N","O","N/A     ","N","N","N","N","Y","N","Y","Y","Y","","N","N","","N","Y","Where superseded_part_number is valued; superseded_part_number is old_part and part_number is new part.","N","N","Discontinued parts are dropped from file. Mitchell discontinues 6 months after drop","N","Y","","Hino Trucks, A Toyota Group Company","1st of next month","","EMAIL ATTACHMENT","Email sent from Habsburg, Peter <Habsburg@hino.com> to production.control.oem.  Excel sheet attached with effective date month day year.  Run Excel Conversion Macro to create txt file called Hino.txt.","/RDO/Jobs/Production/Race/OEM_Reformats_Updates/OEM_US_HINO_reformatAndUpdate/oem_us_hino_reformat_mptr815","/RDO/Jobs/Production/Race/OEM_Reformats_Updates/OEM_US_HINO_reformatAndUpdate/oem_us_hino_update_mptr816","1st of next month","Y","","10","10",""
"114","mptr820","mptr821","710","US","LKQT","zmpt821a","710","US","","pkg_oem_ref_710","","0","C","mptr821  Supersession Validation Complete","","1/30/2024 6:17:17 AM","1/30/2024 6:17:44 AM","","1/31/2024 12:25:42 AM","1/31/2024 12:26:00 AM","9/16/2025 11:58:55 PM","RACE","2","N","Y","N","N","","N","6","","","","","","","","1/29/2024","N","O","N/A     ","N","N","N","N","N","N","Y","N","N","","N","N","","N","N","No Supersessions","N","N","Discontinued parts are dropped from file.","N","Y","","LKQ Corporation","date of file arrival","","MITCHELL FTP SERVER","","/RDO/Jobs/Production/Race/OEM_Reformats_Updates/OEM_US_LKQT_reformatAndUpdate/oem_us_lkqt_reformat_ mptr820","/RDO/Jobs/Production/Race/OEM_Reformats_Updates/OEM_US_LKQT_reformatAndUpdate/oem_us_lkqt_update_mptr821","date of file arrival","Y","","10","10",""
"115","mptr839","mptr839","790","US","TSEM","","790","US","","FTP Files for mptr840 setup","","0","R","Step020R oem_ref_mptr839_ftp_tesla_semi_source_file","","1/5/2023 5:50:28 AM","","","","","3/29/2024 6:37:20 AM","RACEJOB","2","Y","Y","N","N","","N","1","","","","","","","","","N","O","N/A","N","N","N","N","N","N","Y","N","N","","N","N","","N","N","","N","N","","N","N","","Tesla","date of file arrival","Every Monday","EXTERNAL FTP SERVER","No notification. Tesla stages Semi Truck Zip File on their server weekly.","","","","","","","",""
"116","mptr840","mptr841","790","US","TSEM","zmpt841a","790","US","","pkg_oem_ref_047","","0","P","Step999R Reformat Job Complete","","3/29/2024 6:38:19 AM","3/29/2024 6:38:50 AM","","2/23/2024 6:23:21 PM","2/23/2024 6:23:36 PM","3/29/2024 6:38:50 AM","RACEJOB","2","Y","Y","N","N","","N","1","","","","","","","","3/29/2024","N","O","N/A     ","N","N","N","N","N","N","Y","N","N","","N","N","","N","N","","N","N","","N","Y","","Tesla","date of file arrival","Every Monday","EXTERNAL FTP SERVER","No notification. Tesla stages Semi Truck Zip File on their server weekly.","","","","","","","",""
"117","mptr800","mptr801","717","US","TRP","zmpt801a","717","US","","pkg_oem_ref_717","","0","C","mptr801  Supersession Validation Complete","","3/20/2024 5:42:03 AM","3/20/2024 5:42:32 AM","","3/21/2024 1:00:06 AM","3/21/2024 1:00:18 AM","3/21/2024 1:00:18 AM","RACEJOB","0","N","N","N","N","","N","3","","","","","","","","3/15/2024","N","O","N/A     ","N","N","N","N","N","N","Y","N","N","","N","N","","N","N","No Supersessions","N","N","Discontinued parts are dropped from file.","N","Y","","PACCAR","date of file arrival","15th","MITCHELL FTP SERVER","RACEDataOps FTP Report","","","","","","","",""
"118","mptr772","mptr773","718","CA","FNTR","zmpt773a","718","US","","pkg_oem_ref_718","","0","C","mptr773  Supersession Validation Complete","","3/25/2024 9:27:38 AM","3/25/2024 9:30:08 AM","","3/26/2024 2:51:40 AM","3/26/2024 2:51:54 AM","3/26/2024 2:51:54 AM","RACEJOB","0","N","Y","N","N","","N","1","","","","","","","","3/25/2024","N","O","N/A     ","N","N","N","N","N","N","Y","N","N","","N","N","","N","N","No Supersessions","N","N","Discontinued parts are dropped from file.","N","Y","","Frontier Truck Parts","date of file","File is staged on their server (unknown frequency). Use file from Monday prior to extract weekend.","EXTERNAL FTP SERVER","","","","","","","","",""
"119","mptr770","mptr771","718","US","FNTR","zmpt771a","718","US","","pkg_oem_ref_718","","0","C","mptr771  Supersession Validation Complete","","3/25/2024 9:24:16 AM","3/25/2024 9:26:48 AM","","3/26/2024 2:51:24 AM","3/26/2024 2:51:37 AM","3/26/2024 2:51:37 AM","RACEJOB","0","N","Y","N","N","","N","1","","","","","","","","3/25/2024","N","O","N/A     ","N","N","N","N","N","N","Y","N","N","","N","N","","N","N","No Supersessions","N","N","Discontinued parts are dropped from file.","N","Y","","Frontier Truck Parts","date of file","File is staged on their server (unknown frequency). Use file from Monday prior to extract weekend.","EXTERNAL FTP SERVER","","","","","","","","",""
"120","mptr475","mptr476","082","CA","RIVI","zmpt476a","082","US","","pkg_oem_ref_082","","0","C","mptr476  Supersession Validation Complete","","7/10/2024 3:00:24 PM","7/10/2024 3:00:24 PM","","7/10/2024 3:00:33 PM","7/10/2024 3:00:45 PM","7/10/2024 3:00:45 PM","RACEJOB","0","Y","N","Y","N","","N","1","","","","","","","","7/1/2024","N","O","N/A     ","N","Y","Y","N","Y","Y","Y","N","Y","WHERE multiple parts found in NEW_PART_NUMBER field (pipe-delimited)","N","N","","N","Y","WHERE only 1 part noted in NEW_PART_NUMBER field","N","Y","INACTIVE part_status","N","Y","","RIVIAN","Use date in filename (e.g. Rivian_CANADA.10.1.23.csv); usually 1st of next month. If necessary, open and check date in 1st column of file.","between 20th and 25th","OEM SHAREPOINT SITE","OEM sends email. RACEDataOps picks up zip file from OEM Sharepoint site. Unzip and place Rivian_CANADA.csv on NT.","","","","","","","",""
"121","mptr855","mptr856","713","CA","JONE","zmpt856a","713","US","","pkg_oem_ref_713","","0","C","mptr856  Supersession Validation Complete","","1/4/2024 10:53:07 AM","1/4/2024 10:53:08 AM","","1/5/2024 12:13:02 AM","1/5/2024 12:13:16 AM","1/5/2024 12:13:16 AM","RACEJOB","0","N","N","N","N","","N","6","","","","","","","","1/1/2024","N","O","N/A     ","N","N","N","N","N","N","Y","N","N","","N","N","","N","N","No Supersessions","N","N","Discontinued parts are dropped from file.","N","Y","","Jones Performance Parts","Noted in Email","","EMAIL ATTACHMENT","Email notification with effective date and files attached","","","","","","","",""
"122","mptr100","mptr101","018","US","ALFC","zmpt101a","018","US","","pkg_oem_ref_026","","0","C","mptr101  Supersession Validation Complete","mptr100.ksh","3/25/2024 10:31:40 AM","3/25/2024 10:31:41 AM","mptr101.ksh","3/26/2024 2:02:14 AM","3/26/2024 2:03:45 AM","9/16/2025 11:58:55 PM","RACE","2","Y","Y","Y","N","","N","1","","","","","","","","4/1/2024","N","O","N/A     ","N","Y","Y","Y","Y","Y","Y","N","Y","","N","Y","","N","Y","","N","Y","","N","Y","","US Chrysler Corporation","1st of next month","23rd - 25th","MITCHELL FTP SERVER","Email notification from CHRYSLER.PARTS.PRICING@CHRYSLER.COM with effective date from Chrysler.  Separate email for US and Canada. (MX included with US.) Suggested procedure is to wait for both emails and then process all six files at same time for ALFC, CHR, and FIAC.  File was at EBMX but as of 4/2022 they are FTPing file to Mitchell. Email  subject like ""PRICE BOOK EFFECTIVE:2022-04-01"".  Suggested procedure is to wait for both emails and then process all six files at same time.","/RDO/Jobs/Production/Race/OEM_Reformats_Updates/OEM_US_ALFA_ROMEO_reformatAndUpdate/oem_us_alfa_romeo_reformat_mptr100","/RDO/Jobs/Production/Race/OEM_Reformats_Updates/OEM_US_ALFA_ROMEO_reformatAndUpdate/oem_us_alfa_romeo_update_mptr101","1st of current month","Y","","10","10",""
"123","mptr810","mptr811","703","US","BFIT","zmpt811a","703","US","","pkg_oem_ref_703","","0","C","mptr811  Supersession Validation Complete","","3/28/2024 6:40:46 AM","3/28/2024 6:41:09 AM","","3/29/2024 2:16:44 AM","3/29/2024 2:17:03 AM","9/16/2025 11:58:55 PM","RACE","2","N","N","N","N","","N","1","","","","","","","","3/28/2024","N","O","N/A     ","N","N","N","N","N","N","Y","N","N","","N","N","","N","N","No Supersessions","N","N","Discontinued parts are dropped from file.","N","Y","","Best Fit Truck Parts","date of file arrival","Daily Delivery, but process week of extract","MITCHELL FTP SERVER","","/RDO/Jobs/Production/Race/OEM_Reformats_Updates/OEM_US_BESTFIT_reformatAndUpdate/oem_us_bestfit_reformat_mptr810","/RDO/Jobs/Production/Race/OEM_Reformats_Updates/OEM_US_BESTFIT_reformatAndUpdate/oem_us_bestfit_update_mptr811","date of file arrival","Y","","10","10",""
"124","mptr830","mptr831","716","US","TSHR","zmpt831a","716","US","","pkg_oem_ref_716","","0","C","mptr831  Supersession Validation Complete","","3/14/2024 8:58:52 AM","3/14/2024 8:59:24 AM","","3/15/2024 12:28:13 AM","3/15/2024 12:28:26 AM","3/15/2024 12:28:26 AM","RACEJOB","2","Y","Y","N","N","","N","1","","","","","","","","3/14/2024","N","O","N/A     ","N","N","N","N","N","N","Y","N","N","","N","N","","N","N","No Supersessions","N","N","Discontinued parts are dropped from file.","N","Y","","Truck Shrouds, LLC.","date of file arrival","15th","MITCHELL FTP SERVER","Email notification that file has been placed on our server. Also, RACEDataOps FTP Report.","","","","","","","",""
"125","mptr799","mptr799","717","US","TRP","","717","US","","Copy File to NT for Editors","","0","R","Step020R oem_ref_mptr799_ftp_trp_source_file","","3/15/2023 5:50:50 AM","","","","","3/18/2024 9:56:05 AM","RACEJOB","0","Y","Y","N","N","","N","3","","","","","","","","","N","O","N/A","N","N","N","N","N","N","Y","N","N","","N","N","","N","N","","N","N","","N","N","","PACCAR","date of file arrival","Quarterly","MITCHELL FTP SERVER","Email notification that file has been placed on our server. Also, RACEDataOps FTP Report.","","","","","","","",""
"126","mptr270","mptr271","082","US","RIVI","zmpt271a","082","US","","pkg_oem_ref_082","","0","C","mptr271  Supersession Validation Complete","","7/10/2024 2:46:04 PM","7/10/2024 2:46:04 PM","","7/10/2024 2:46:12 PM","7/10/2024 2:46:25 PM","7/10/2024 2:46:25 PM","RACEJOB","0","Y","N","Y","N","","N","1","","","","","","","","7/1/2024","N","O","N/A     ","N","Y","Y","N","Y","Y","Y","N","Y","WHERE multiple parts found in NEW_PART_NUMBER field (pipe-delimited)
","N","N","","N","Y","WHERE only 1 part noted in NEW_PART_NUMBER field","N","Y","INACTIVE part_status","N","Y","","RIVIAN","Use date in filename (e.g. Rivian_USA.10.1.23.csv); usually 1st of next month. If necessary, open and check date in 1st column of file.","between 20th and 25th","OEM SHAREPOINT SITE","OEM sends email. RACEDataOps picks up zip file. Unzip and place Rivian_USA.csv on NT.","","","","","","","",""
"127","mptr249","mptr249","250","US","HDM","","250","US","","FTP Files for mptr250 setup","","0","R","Step010R oem_ref_mptr249_ftp_hdmus_source_file","","1/18/2023 3:24:11 PM","","","","","8/11/2026 1:41:29 PM","RACEJOB","0","Y","Y","N","N","","N","1","","","","","","","","","N","O","N/A","N","N","N","N","Y","Y","Y","N","N","","N","N","","N","N","","N","N","","N","N","","Harley Davidson","Noted in Email","2nd - 7th","EMAIL ATTACHMENT","Email notification from Doehrmann, Corey <Corey.Doehrmann@harley-davidson.com> to production.control.oem.  Zipped file attached and renamed to hdmus.zip.  Email with effective Month, Day, Year.","/RDO/Jobs/Production/Race/OEM_Reformats_Updates/OEM_US_HARLEY_MOTORCYCLE_reformatAndUpdate/oem_us_harley_motorcycle_prestep_mptr249","/RDO/Jobs/Production/Race/OEM_Reformats_Updates/OEM_US_HARLEY_MOTORCYCLE_reformatAndUpdate/oem_us_harley_motorcycle_prestep_mptr249","Noted in Email","Y","mptr249","10","10",""
"128","mptr832","mptr833","716","CA","TSHR","zmpt833a","716","US","","pkg_oem_ref_716","","0","C","mptr833  Supersession Validation Complete","","3/14/2024 9:00:28 AM","3/14/2024 9:00:59 AM","","3/15/2024 12:28:30 AM","3/15/2024 12:28:41 AM","3/15/2024 12:28:41 AM","RACEJOB","2","Y","Y","N","N","","N","1","","","","","","","","3/14/2024","N","O","N/A     ","N","N","N","N","N","N","Y","N","N","","N","N","","N","N","No Supersessions","N","N","Discontinued parts are dropped from file.","N","Y","","Truck Shrouds, LLC.","date of file arrival","15th","MITCHELL FTP SERVER","Email notification that file has been placed on our server. Also, RACEDataOps FTP Report.","","","","","","","",""
"129","xptr100","xptr101","018","MX","ALFC","zxpt101a","018","US","","pkg_oem_ref_026","","19.9301","C","xptr101  Supersession Validation Complete","xptr100.ksh","3/25/2024 10:33:11 AM","3/25/2024 10:34:56 AM","xptr101.ksh","3/26/2024 2:03:48 AM","3/26/2024 2:05:13 AM","9/16/2025 11:58:55 PM","RACE","2","Y","Y","Y","N","","N","1","","","","","","","","4/1/2024","N","O","N/A     ","N","Y","Y","Y","Y","Y","Y","N","Y","","N","Y","","N","Y","","N","Y","","N","Y","","** Uses same data as US Alfa Romeo - Chrysler","1st of next month","23rd - 25th","MITCHELL FTP SERVER","See US ALFC","/RDO/Jobs/Production/Race/OEM_Reformats_Updates/OEM_MEXICO_ALFA_ROMEO_reformatAndUpdate/oem_mexico_alfa_romeo_reformat_xptr101","/RDO/Jobs/Production/Race/OEM_Reformats_Updates/OEM_MEXICO_ALFA_ROMEO_reformatAndUpdate/oem_mexico_alfa_romeo_update_xptr101","1st of next month","Y","","10","10",""
"130","mptr300","mptr301","090","US","TES","zmpt301a","090","US","","pkg_oem_ref_047","","0","A","Step010R oem_job_datafile_prep.ksh","mptr300.ksh","8/11/2026 4:24:27 PM","8/11/2026 4:24:28 PM","mptr301.ksh","6/2/2026 11:45:51 AM","6/2/2026 5:04:02 PM","8/11/2026 4:24:28 PM","RACEJOB","2","Y","Y","Y","N","","N","1","","","","","","","","7/1/2026","N","O","N/A     ","N","N","Y","N","Y","N","Y","Y","Y","Atrans generated from Ntrans (Reason = 1) where same part supersedes to multiple parts. Atrans also created from Reason Code 2,3 and 4 recs where new part only is priced.","N","N","","N","Y","Reason code 1 supers where new part is priced are built as Ntrans; others are built as Atrans. Supers are not country specific.","Y","Y","","N","Y","File contains prices for multiple countries. Xtab definition selects only US country_code recs.","Tesla","date of file arrival","Every Monday","EXTERNAL FTP SERVER","No notification. Tesla stages Zip File on their server weekly.","/RDO/Jobs/Production/Race/OEM_Reformats_Updates/OEM_US_TESLA_reformatAndUpdate/oem_us_tesla_reformat_mptr300","/RDO/Jobs/Production/Race/OEM_Reformats_Updates/OEM_US_TESLA_reformatAndUpdate/oem_us_tesla_update_mptr301","date of file arrival","Y","mptr299","10","10","/RDO/Jobs/Production/Race/OEM_Reformats_Updates/OEM_US_TESLA_reformatAndUpdate/oem_us_tesla_reformat_prestep_mptr299
"
"131","mptr720","mptr721","090","CA","TES","zmpt721a","090","US","","pkg_oem_ref_047","","0","C","mptr721  Supersession Validation Complete","mptr720.ksh","9/15/2025 1:16:25 PM","9/15/2025 1:16:38 PM","mptr721.ksh","9/15/2025 1:18:42 PM","9/15/2025 1:19:32 PM","9/16/2025 11:58:55 PM","RACE","2","Y","Y","Y","N","","N","1","","","","","","","","9/1/2025","N","O","N/A     ","N","N","Y","N","Y","N","Y","Y","Y","Atrans generated from Ntrans (Reason = 1) where same part supersedes to multiple parts. Atrans also created from Reason Code 2,3 and 4 recs where new part only is priced.","N","N","","N","Y","Reason code 1 supers where new part is priced are built as Ntrans; others are built as Atrans. Supers are not country specific.","Y","Y","","N","Y","File contains prices for multiple countries. Xtab definition selects only CA country_code recs.","Tesla","date of file","Every Friday/Monday","EXTERNAL FTP SERVER","No notification. Tesla stages Zip File on their server weekly (usually on Fridays early morning PST).","/RDO/Jobs/Production/Race/OEM_Reformats_Updates/OEM_CANADA_TESLA_reformatAndUpdate/oem_canada_tesla_reformat_mptr720","/RDO/Jobs/Production/Race/OEM_Reformats_Updates/OEM_CANADA_TESLA_reformatAndUpdate/oem_canada_tesla_update_mptr721","date of file arrival","Y","","10","10",""
"132","mptr829","mptr829","716","US","TSHR","","716","US","","SFTP US File to NT for Editors","","0","R","Step020R oem_ref_mptr819_ftp_lkqt_source_file","","2/17/2023 5:09:32 AM","","","","","3/14/2024 8:58:12 AM","RACEJOB","2","Y","Y","N","N","","N","1","","","","","","","","","N","O","N/A","N","N","N","N","N","N","Y","N","N","","N","N","","N","N","","N","N","","N","N","","Truck Shrouds, LLC.","date of file arrival","15th","MITCHELL FTP SERVER","Email notification that file has been placed on our server. Also, RACEDataOps FTP Report.","","","","","","","",""
"133","mptr809","mptr809","703","US","BFIT","","703","US","","FTP Files for mptr810 setup","","0","R","Step020R oem_ref_mptr809_ftp_bestfit_source_file","","7/23/2021 1:02:15 PM","","","","","9/16/2025 11:55:23 PM","RACE","2","N","N","N","N","","N","1","","","","","","","","","N","O","N/A","N","N","N","N","N","N","Y","N","N","","N","N","","N","N","","N","N","Discontinued parts are dropped from file.","N","N","","Best Fit Truck Parts","date of file arrival","Daily Delivery, but process week of extract","MITCHELL FTP SERVER","File delivery noted in RACEDataOps FTP Report called Mitchell_BestFit_Parts_Files.zip.","/RDO/Jobs/Production/Race/OEM_Reformats_Updates/OEM_US_BESTFIT_reformatAndUpdate/oem_us_bestfit_SFTP_transfer_prestep_mptr809","/RDO/Jobs/Production/Race/OEM_Reformats_Updates/OEM_US_BESTFIT_reformatAndUpdate/oem_us_bestfit_SFTP_transfer_prestep_mptr809","date of file arrival","Y","mptr809","10","10","/RDO/Jobs/Production/Race/OEM_Reformats_Updates/OEM_US_BESTFIT_reformatAndUpdate/oem_us_bestfit_prestep_mptr809
"
"134","mptr860","mptr861","703","CA","BFIT","zmpt861a","703","US","","pkg_oem_ref_703","","0","C","mptr861  Supersession Validation Complete","","3/28/2024 6:43:53 AM","3/28/2024 6:44:15 AM","","3/29/2024 2:17:06 AM","3/29/2024 2:17:24 AM","9/16/2025 11:58:55 PM","RACE","2","N","N","N","N","","N","1","","","","","","","","3/28/2024","N","O","N/A     ","N","N","N","N","N","N","Y","N","N","","N","N","","N","N","No Supersessions","N","N","Discontinued parts are dropped from file.","N","Y","","Best Fit Truck Parts","date of file arrival","Daily Delivery, but process week of extract","MITCHELL FTP SERVER","File delivery noted in RACEDataOps FTP Report called Mitchell_BestFit_Parts_Files.zip.","/RDO/Jobs/Production/Race/OEM_Reformats_Updates/OEM_CANADA_BESTFIT_reformatAndUpdate/oem_ca_bestfit_reformat_mptr860","/RDO/Jobs/Production/Race/OEM_Reformats_Updates/OEM_CANADA_BESTFIT_reformatAndUpdate/oem_ca_bestfit_update_mptr861","date of file arrival","Y","","10","10",""
"135","mptr819","mptr819","710","US","LKQT","","710","US","","FTP Files for mptr820 setup","","0","R","Step020R oem_ref_mptr819_ftp_lkqt_source_file","","5/11/2023 12:06:02 PM","","","","","9/16/2025 11:58:55 PM","RACE","2","N","Y","N","N","","N","6","","","","","","","","","N","O","N/A","N","N","N","N","N","N","Y","N","N","","N","N","","N","N","","N","N","Discontinued parts are dropped from file.","N","N","","LKQ Corporation","date of file arrival","","MITCHELL FTP SERVER","","/RDO/Jobs/Production/Race/OEM_Reformats_Updates/OEM_US_LKQT_reformatAndUpdate/oem_us_lkqt_reformat_ mptr819-Pre-processor","/RDO/Jobs/Production/Race/OEM_Reformats_Updates/OEM_US_LKQT_reformatAndUpdate/oem_us_lkqt_reformat_ mptr819-Pre-processor","date of file arrival","Y","mptr819","10","10",""
"136","mptr030","mptr031","084","US","VINF","zmpt031a","084","US","","pkg_oem_ref_084","","0","C","mptr031  Supersession Validation Complete","","9/5/2024 7:14:56 PM","9/5/2024 7:15:15 PM","","9/5/2024 7:17:44 PM","9/5/2024 7:17:53 PM","9/5/2024 7:17:53 PM","RACEJOB","0","Y","N","N","N","","N","1","","","","","","","","9/1/2024","N","O","N/A     ","N","N","N","N","N","N","Y","N","N","","N","N","","N","Y","","N","N","File contains disc_flag field but not valued. They drop disc parts from file.","N","Y","","VinFast","1st of the current month","First Monday of the Month","EMAIL ATTACHMENT","Email with file attachment","","","","","","","",""
"137","mptr630","mptr631","084","CA","VINF","zmpt631a","084","US","","pkg_oem_ref_084","","0","C","mptr631  Supersession Validation Complete","","9/5/2024 7:23:15 PM","9/5/2024 7:23:33 PM","","9/5/2024 7:25:09 PM","9/5/2024 7:25:17 PM","9/5/2024 7:25:17 PM","RACEJOB","0","Y","N","N","N","","N","1","","","","","","","","9/1/2024","N","O","N/A     ","N","N","N","N","N","N","Y","N","N","","N","N","","N","Y","","N","N","File contains disc_flag field but not valued. They drop disc parts from file.","N","Y","","VinFast","1st of the current month","First Monday of the Month","EMAIL ATTACHMENT","Email with file attachment","","","","","","","",""
"138","mptr090","mptr091","036","US","MBZ","zmpt091a","036","US","","pkg_oem_ref_018","","0","R","Step100R Backup External Table Flat Files","mptr090.ksh","6/17/2024 11:54:14 AM","","mptr091.ksh","3/28/2024 1:55:26 AM","3/28/2024 2:01:46 AM","9/16/2025 11:58:55 PM","RACE","2","Y","Y","Y","N","","N","1","","","","","","","","4/1/2024","N","O","CAR&TRK ","N","Y","Y","N","Y","N","Y","N","Y","New Part Number (c_code_material_part) contains the word MULTIPLE.","N","N","","N","Y","New Part Number is in c_code_material_part field.","N","N","","N","Y","Base parts are built from color-coded parts, where a base part has not been provided. Part Description is prefixed with (M-GEN BASE) to identify these.","Mercedes Benz of North America, Inc.","1st of next month","26th - 30th","MITCHELL FTP SERVER","Email notification from pricefile@mbusa.com to production.control.oem with effective date and was file uploaded to Mitchell; therefore should appear on RACEDataOps FTP Report.","/RDO/Jobs/Production/Race/OEM_Reformats_Updates/OEM_US_MERCEDES_reformatAndUpdate/oem_us_mercedes_reformat_mptr090","/RDO/Jobs/Production/Race/OEM_Reformats_Updates/OEM_US_MERCEDES_reformatAndUpdate/oem_us_mercedes_update_mptr091","1st of next month","Y","","10","10",""
"139","mptr299","mptr299","090","US","TES","","090","US","","FTP Files for mptr300 setup","","0","A","Step020R oem_ref_mptr299_ftp_tesla_source_file","","7/2/2026 1:08:40 PM","7/2/2026 1:08:41 PM","","","","7/2/2026 1:08:41 PM","RACEJOB","2","Y","Y","N","N","","N","1","","","","","","","","","N","O","N/A","N","N","N","N","Y","N","Y","N","N","","N","N","","N","N","Supersessions in separate file from Pricing","N","N","","N","N","","Tesla","date of file arrival","Every Friday/Monday","EXTERNAL FTP SERVER","No notification. Tesla stages Zip File on their server weekly (usually on Fridays early morning PST).","/RDO/Jobs/Production/Race/OEM_Reformats_Updates/OEM_US_TESLA_reformatAndUpdate/oem_us_tesla_reformat_prestep_mptr299","/RDO/Jobs/Production/Race/OEM_Reformats_Updates/OEM_US_TESLA_reformatAndUpdate/oem_us_tesla_reformat_prestep_mptr299","date of file arrival","Y","mptr299","10","10","/RDO/Jobs/Production/Race/OEM_Reformats_Updates/OEM_US_TESLA_reformatAndUpdate/oem_us_tesla_reformat_prestep_mptr299
"
"140","xptr190","xptr191","000","MX","NAG","zxpt191a","000","US","","pkg_oem_ref_012","","19.9336","C","xptr191  Supersession Validation Complete","xptr190.ksh","1/8/2024 8:16:44 AM","1/8/2024 8:17:10 AM","xptr191.ksh","1/9/2024 12:41:47 AM","1/9/2024 12:42:27 AM","9/16/2025 11:58:55 PM","RACE","2","Y","N","N","N","","N","4","","","","","","","","1/8/2024","N","O","DOM&IMP ","N","N","N","N","N","N","Y","N","N","","N","N","","N","N","","N","N","","N","Y","","National Auto Glass Specifications, Inc.","1st of next month","","EMAIL ATTACHMENT","Email notification from NAGS team with attachment. Email also includes effective date. Files received 3x/year in Dec, Apr, Aug, (Effective Jan, May, Sep)","/RDO/Jobs/Production/Race/OEM_Reformats_Updates/OEM_MEXICO_NAGS_reformatAndUpdate/oem_mexico_nags_reformat_xptr190","/RDO/Jobs/Production/Race/OEM_Reformats_Updates/OEM_MEXICO_NAGS_reformatAndUpdate/oem_mexico_nags_update_xptr191","1st of next month","Y","","10","10",""
"141","xptr055","xptr056","014","MX","FIAC","zxpt056a","014","US","","pkg_oem_ref_026","","19.9301","C","xptr056  Supersession Validation Complete","xptr055.ksh","3/25/2024 10:56:06 AM","3/25/2024 10:58:08 AM","xptr056.ksh","3/26/2024 2:08:52 AM","3/26/2024 2:10:43 AM","9/16/2025 11:58:55 PM","RACE","2","Y","Y","Y","N","","N","1","","","","","","","","4/1/2024","N","O","N/A     ","N","Y","Y","Y","Y","Y","Y","N","Y","","N","Y","","N","Y","","N","Y","","N","Y","","** Uses same data as US Fiat","1st of next month","23rd - 25th","MITCHELL FTP SERVER","See US FIAC","/RDO/Jobs/Production/Race/OEM_Reformats_Updates/OEM_MEXICO_FIAT_reformatAndUpdate/oem_mexico_fiat_reformat_xptr055","/RDO/Jobs/Production/Race/OEM_Reformats_Updates/OEM_MEXICO_FIAT_reformatAndUpdate/oem_mexico_fiat_update_xptr056","1st of next month","Y","","10","10",""
"142","mptr075","mptr076","056","US","ISU","zmpt076a","056","US","mpt076e","pkg_oem_ref_040","","0","C","mptr076  Supersession Validation Complete","mptr075.ksh","3/20/2024 9:27:56 AM","3/20/2024 9:31:09 AM","mptr076.ksh","3/21/2024 1:11:27 AM","3/21/2024 1:14:24 AM","9/16/2025 11:58:55 PM","RACE","2","Y","N","N","N","","N","1","","R","R","B","D","B","U","4/1/2024","N","O","N/A     ","N","N","N","N","Y","N","Y","N","N","","N","N","","N","Y","","N","N","","N","Y","","Isuzu Motors America, LLC ","1st of next month","22nd - 28th","MITCHELL FTP SERVER","Email notification sent from Tom Ursano <Tom.Ursano@isza.com> to production.control.oem for US and CA notificatino.  Effective Month and Year is given; therfore should be on RACEDataOps FTP Report regarding file delivery.","/RDO/Jobs/Production/Race/OEM_Reformats_Updates/OEM_US_ISUZU_reformatAndUpdate/oem_us_isuzu_reformat_mptr075","/RDO/Jobs/Production/Race/OEM_Reformats_Updates/OEM_US_ISUZU_reformatAndUpdate/oem_us_isuzu_reformat_mptr075","1st of next month","Y","","10","10",""
"143","mptr510","mptr511","059","CA","SUZ","zmpt511a","059","US","mpt511e","pkg_oem_ref_031","","0","C","mptr511  Supersession Validation Complete","mptr510.ksh","1/17/2024 7:34:04 AM","1/17/2024 7:35:28 AM","mptr511.ksh","1/18/2024 12:41:41 AM","1/18/2024 12:43:39 AM","9/16/2025 11:58:55 PM","RACE","2","Y","N","N","N","","N","6","","R","R","B","D","B","U","1/16/2024","N","O","N/A     ","N","N","N","N","Y","Y","Y","N","N","","N","N","","N","Y","","N","Y","Historic discontinued parts are dropped from file. That said, there are still disc parts in file following the same disc logic as before.","N","Y","Price of zero represents part being discontinued.","Suzuki Canada Inc.","date of file","","OEM WEBSITE","Email notification from Suzuki Hub <noreply@suzukihub.ca> that pricing is available on their website. No effective date referenced in email. Use the date the file is dated.  (We maintain our contact info via their website. Suzuki then uses this contact info to send email notification when part price updates are available to download.)","/RDO/Jobs/Production/Race/OEM_Reformats_Updates/OEM_CANADA_SUZUKI_reformatAndUpdate/oem_canada_suzuki_reformat_mptr510","/RDO/Jobs/Production/Race/OEM_Reformats_Updates/OEM_CANADA_SUZUKI_reformatAndUpdate/oem_canada_suzuki_update_mptr511","1st of next month","Y","","10","10",""
"144","mptr020","mptr021","024","US","BMW","zmpt021a","024","US","mpt021e","pkg_oem_ref_003","","0","C","mptr021  Supersession Validation Complete","mptr020.ksh","3/22/2024 9:43:35 AM","3/22/2024 9:48:40 AM","mptr021.ksh","3/23/2024 1:21:01 AM","3/23/2024 1:27:33 AM","9/16/2025 11:58:55 PM","RACE","2","Y","N","N","N","","N","1","","R","R","B","D","B","U","4/1/2024","N","O","N/A     ","N","Y","N","N","Y","N","Y","N","N","","N","N","","N","Y","2014/08/26 - Per OEM: A part's supersession information is not included in the file until the old part has been discontinued.","N","N","","N","Y","","BMW of North America, Inc.","1st of next month","21st - 23rd","EXTERNAL FTP SERVER","Email notification from Jose.Thomas@bmwna.com sent to productoin.control.oem with effective date Month, Day, Year zip file is available to pull from their website for Auto and M/C.","/RDO/Jobs/Production/Race/OEM_Reformats_Updates/OEM_US_BMW_reformatAndUpdate/oem_us_bmw_reformat_mptr020","/RDO/Jobs/Production/Race/OEM_Reformats_Updates/OEM_US_BMW_reformatAndUpdate/oem_us_bmw_update_mptr021","1st of next month","Y","","10","10",""
"145","mptr435","mptr436","032","CA","HON","zmpt436a","032","US","mpt436e","pkg_oem_ref_011","","0","C","mptr436  Supersession Validation Complete","mptr435.ksh","3/15/2024 7:30:52 AM","3/15/2024 7:42:06 AM","mptr436.ksh","3/16/2024 12:39:39 AM","3/16/2024 12:48:20 AM","9/16/2025 11:58:55 PM","RACE","2","Y","N","N","N","","N","1","","R","R","B","D","B","U","4/1/2024","N","O","N/A     ","Y","Y","N","N","Y","Y","Y","N","N","","N","N","","N","Y","","N","Y","","N","Y","","Honda Canada Inc.","1st of next month","2nd week of month (around 11th) - File date looks as of the 15th of the month.","OEM WEBSITE","No notification","/RDO/Jobs/Production/Race/OEM_Reformats_Updates/OEM_CANADA_HONDA_reformatAndUpdate/oem_canada_honda_reformat_mptr435","/RDO/Jobs/Production/Race/OEM_Reformats_Updates/OEM_CANADA_HONDA_reformatAndUpdate/oem_canada_honda_update_mptr436","1st of next month","Y","","10","10",""
"146","mptr495","mptr496","044","CA","TOY","zmpt496a","044","US","mpt496e","pkg_oem_ref_007","","0","C","mptr496  Supersession Validation Complete","mptr495.ksh","3/28/2024 6:51:37 AM","3/28/2024 7:03:26 AM","mptr496.ksh","3/29/2024 2:17:28 AM","3/29/2024 2:31:33 AM","9/16/2025 11:58:55 PM","RACE","2","Y","N","N","N","","N","1","","R","R","B","D","B","U","4/1/2024","N","O","N/A     ","N","Y","Y","N","Y","Y","Y","N","Y","","N","N","","N","Y","","N","Y","","N","Y","","Toyota Canada, Inc.","1st of next month","21st - 22nd","EXTERNAL FTP SERVER","No notification. (Per OEM, after 12pm of 21st of every month.) Make sure ONLY latest dated file is on their server; otherwise sftp may pick up wrong file.","/RDO/Jobs/Production/Race/OEM_Reformats_Updates/OEM_CANADA_TOYOTA_LEXUS_reformatAndUpdate/step1_oem_canada_toyota_reformat_mptr495","/RDO/Jobs/Production/Race/OEM_Reformats_Updates/OEM_CANADA_TOYOTA_LEXUS_reformatAndUpdate/oem_canada_toyota_update_mptr496","1st of next month","Y","","10","10",""
"147","mptr095","mptr096","057","US","MIT","zmpt096a","057","US","","pkg_oem_ref_024","","0","P","Step999R Reformat Job Complete","mptr095.ksh","2/13/2025 9:34:21 PM","2/13/2025 9:35:17 PM","mptr096.ksh","2/29/2024 3:08:38 AM","2/29/2024 3:14:36 AM","9/16/2025 11:58:55 PM","RACE","2","Y","N","Y","N","","N","1","","","","","","","","11/1/2024","N","O","N/A     ","N","Y","Y","N","Y","N","Y","N","Y","","N","N","","N","Y","","N","N","Mitsubishi drops the part from their file once it has become discontinued. Mitchell discontinues any part that has not priced within X-months; where X-months = file frequency + 1.","N","Y","","Mitsubishi Motor Sales of America","1st of next month","23rd - 27th (Also, known as 5 business day prior to the first day of the month)","MITCHELL FTP SERVER","RACEDataOps FTP Report","/RDO/Jobs/Development/RACE/OEM_Reformats_Updates/OEM_US_MITSUBISHI_reformatAndUpdate/oem_us_mitsubishi_reformat_mptr095","/RDO/Jobs/Development/RACE/OEM_Reformats_Updates/OEM_US_MITSUBISHI_reformatAndUpdate/oem_us_mitsubishi_update_mptr096","1st of next month","Y","","10","10",""
"148","mptr470","mptr471","250","CA","HDM","zmpt471a","250","US","mpt471e","pkg_oem_ref_008","","0","C","mptr471  Supersession Validation Complete","mptr470.ksh","3/7/2024 5:33:05 AM","3/7/2024 5:33:05 AM","mptr471.ksh","3/8/2024 12:34:22 AM","3/8/2024 12:38:36 AM","9/16/2025 11:58:55 PM","RACE","0","Y","N","N","N","","N","1","","R","R","B","D","B","U","3/1/2024","N","O","N/A     ","N","Y","N","N","Y","N","Y","N","N","","N","N","","N","Y","","N","N","","N","Y","CA sends prices of 0.00 and -0.01 (which is changed to 0.00).","Canada Harley Davidson","First day of the month noted in filename","Second Wednesday of each month","EMAIL ATTACHMENT","Email from Au, Jennifer <Jennifer.Au@harley-davidson.com> to production.control.oem.  CSV file attached named like Monthly_Harley_CA Pricing_file_March 2022.txt and renamed to hdmca.txt.  Email with effective Month and Year.","/RDO/Jobs/Production/Race/OEM_Reformats_Updates/OEM_CANADA_HARLEY_MOTORCYCLE_reformatAndUpdate/oem_canada_harley_motorcycle_reformat_mptr470","/RDO/Jobs/Production/Race/OEM_Reformats_Updates/OEM_CANADA_HARLEY_MOTORCYCLE_reformatAndUpdate/oem_canada_harley_motorcycle_update_mptr471","First day of the month noted in filename","Y","","10","10",""
"149","pptr070","pptr071","066","PR","INF","zppt071a","066","US","","split only","","0","C","pptr071  Supersession Validation Complete","pptr070.ksh","3/7/2024 7:46:19 AM","3/7/2024 7:46:31 AM","pptr071.ksh","3/8/2024 1:31:52 AM","3/8/2024 1:33:47 AM","9/16/2025 11:58:55 PM","RACE","2","N","Y","N","N","","N","1","","","","","","","","3/7/2024","N","O","N/A     ","N","N","N","N","N","N","Y","N","N","","N","N","","N","N","","N","N","","N","Y","","ABC Infotech ","date of file arrival","week of PR extract","MITCHELL FTP SERVER","Separate email notification for each PR OEM file, and file delivery noted in RACEDataOps FTP Report.","/RDO/Jobs/Production/Race/OEM_Reformats_Updates_PuertoRico/OEM_PR_NISSAN_INFINITI_reformatAndUpdate/oem_pr_step02_infiniti_reformat_pptr070","/RDO/Jobs/Production/Race/OEM_Reformats_Updates_PuertoRico/OEM_PR_NISSAN_INFINITI_reformatAndUpdate/oem_pr_infiniti_update_pptr071","date of file arrival","Y","","10","10",""
"150","mptr417","mptr418","066","CA","INF","zmpt418a","066","US","mpt418e","split only","","0","C","mptr418  Supersession Validation Complete","mptr417.ksh","3/22/2024 6:44:01 AM","3/22/2024 6:44:38 AM","mptr418.ksh","3/23/2024 1:15:19 AM","3/23/2024 1:20:58 AM","9/16/2025 11:58:55 PM","RACE","2","Y","N","N","N","","N","1","","R","R","B","D","B","U","2/26/2024","N","O","N/A     ","N","N","Y","N","Y","N","Y","N","Y","","N","N","","N","Y","","N","N","","N","Y","","** Uses same file as CA Nissan","As Per published Calendar","21st - 23rd","MITCHELL FTP SERVER","","/RDO/Jobs/Production/Race/OEM_Reformats_Updates/OEM_CANADA_INFINITI_reformatAndUpdate/oem_canada_infiniti_reformat_mptr417","/RDO/Jobs/Production/Race/OEM_Reformats_Updates/OEM_CANADA_INFINITI_reformatAndUpdate/oem_canada_infiniti_update_mptr418","As Per published Calendar","Y","","10","10",""
"151","mptr070","mptr071","066","US","INF","zmpt071a","066","US","mpt071e","pkg_oem_ref_027","","0","C","mptr071  Supersession Validation Complete","mptr070.ksh","3/12/2024 12:27:14 PM","3/12/2024 12:31:16 PM","mptr071.ksh","3/13/2024 1:47:44 AM","3/13/2024 1:51:42 AM","9/16/2025 11:58:55 PM","RACE","2","Y","Y","N","N","oem_rpt_service_records.ksh","N","1","","R","R","B","D","B","U","3/12/2024","N","O","N/A     ","N","N","Y","N","Y","Y","Y","N","Y","","N","N","","N","Y","","N","Y","","N","Y","","Nissan Motor Corporation in U.S.A.","Date of the file that Nissian has on their server, no longer the first day of the next month.","Available Daily","EXTERNAL FTP SERVER","No notification","/RDO/Jobs/Production/Race/OEM_Reformats_Updates/OEM_US_INFINITI_reformatAndUpdate/oem_us_infiniti_reformat_mptr070","/RDO/Jobs/Production/Race/OEM_Reformats_Updates/OEM_US_INFINITI_reformatAndUpdate/oem_us_infiniti_update_mptr071","1st of next month","Y","","10","10",""
"152","mptr485","mptr486","042","CA","SAA","zmpt486a","001","CA","","pkg_oem_ref_039","","0","C","mptr486  Supersession Validation Complete","mptr485.ksh","3/25/2024 8:20:26 AM","3/25/2024 8:38:28 AM","mptr486.ksh","3/26/2024 2:12:45 AM","3/26/2024 2:32:36 AM","9/16/2025 11:58:55 PM","RACE","2","Y","N","Y","N","","N","1","","","","","","","","4/1/2024","N","O","N/A     ","N","N","Y","N","Y","Y","Y","N","Y","","N","N","","N","Y","","N","Y","","N","Y","","** uses same tape as CA G.M.","1st Monday of the month","same as CA GM","MITCHELL FTP SERVER","RACEDataOps FTP Report","/RDO/Jobs/Production/Race/OEM_Reformats_Updates/OEM_CANADA_GMC_SAAB_SATURN_reformat/step2_oem_canada_saab_reformat_mptr485","/RDO/Jobs/Production/Race/OEM_Reformats_Updates/OEM_CANADA_GMC_SAAB_SATURN_Update/step2_oem_canada_saab_update_mptr486","1stOfCurrentMonth","Y","","2","2",""
"153","pptr155","pptr156","046","PR","VW","zppt156a","046","PR","","pkg_oem_ref_023","","0","C","pptr156  Supersession Validation Complete","pptr155.ksh","4/24/2025 1:37:31 PM","4/24/2025 1:41:36 PM","pptr156.ksh","4/25/2025 8:06:55 AM","4/25/2025 8:12:53 AM","4/25/2025 8:12:53 AM","RACEJOB","2","N","Y","N","N","","N","1","","","","","","","","4/15/2025","Y","O","N/A     ","N","N","N","N","N","N","Y","N","N","","N","N","","N","N","","N","N","","N","Y","","ABC Infotech ","date of file arrival","week of PR extract","MITCHELL FTP SERVER","Separate email notification for each PR OEM file, and file delivery noted in RACEDataOps FTP Report.","","","","","","","",""
"154","mptr065","mptr066","060","US","HYU","zmpt066a","060","US","mpt066e","pkg_oem_ref_034","","0","R","Step010R oem_job_datafile_prep.ksh","mptr065.ksh","5/27/2026 5:29:44 PM","","mptr066.ksh","3/23/2024 1:36:45 AM","3/23/2024 1:40:44 AM","5/27/2026 5:31:16 PM","RACEJOB","2","Y","Y","N","N","oem_ref_mptr065_hyu_rawupd.ksh","N","1","","R","R","B","D","B","U","4/1/2024","N","O","N/A     ","N","N","Y","N","Y","N","Y","N","Y","","N","N","","N","Y","They OMIT parts having net-price of zero and parts that are out-of-stock.","N","N","","N","Y","","Hyundai Motor America","1st of next month","21st - 26th","MITCHELL FTP SERVER","Email notification from Huang, David [HMA] <DHuang@hmausa.com> sent to production.control.oem with effective Month and Year that zip file is uploaded to Mitchell FTP site;; therfore should be on RACEDataOps FTP Report regarding file delivery.","/RDO/Jobs/Development/RACE/OEM_Reformats_Updates/OEM_US_HYUNDAI_reformatAndUpdate/oem_us_hyundai_reformat_mptr065","/RDO/Jobs/Development/RACE/OEM_Reformats_Updates/OEM_US_HYUNDAI_reformatAndUpdate/oem_us_hyundai_update_mptr066","1st of next month","Y","","10","10",""
"155","mptr145","mptr146","044","US","TOY","zmpt146a","044","US","mpt146e","pkg_oem_ref_007","","0","C","mptr146  Supersession Validation Complete","mptr145.ksh","7/11/2024 10:07:45 AM","7/11/2024 10:15:06 AM","mptr146.ksh","7/11/2024 10:41:15 AM","7/11/2024 10:50:57 AM","9/16/2025 11:58:55 PM","RACE","0","Y","N","N","N","","N","1","","R","R","B","D","B","U","7/2/2024","N","O","N/A     ","N","Y","Y","Y","Y","N","Y","N","Y","","N","Y","","N","Y","","N","N","","N","Y","","U.S. Toyota Motor Distributors, Inc.","Date of file retrieval","Weekly pick-up","MITCHELL FTP SERVER","NONE","/RDO/Jobs/Production/Race/OEM_Reformats_Updates/OEM_US_TOYOTA_reformatAndUpdate/oem_us_toyota_reformat_ mptr145","/RDO/Jobs/Production/Race/OEM_Reformats_Updates/OEM_US_TOYOTA_reformatAndUpdate/oem_us_toyota_update_mptr146","1st of next month","Y","","10","10",""
"156","mptr150","mptr151","047","US","VOL","zmpt151a","047","US","mpt151e","pkg_oem_ref_029","","0","C","mptr151  Supersession Validation Complete","mptr150.ksh","3/22/2024 5:37:39 AM","3/22/2024 5:40:44 AM","mptr151.ksh","3/23/2024 1:02:40 AM","3/23/2024 1:05:52 AM","9/16/2025 11:58:55 PM","RACE","2","Y","Y","N","N","","N","1","","R","R","B","D","B","U","4/1/2024","N","O","N/A     ","N","N","N","N","Y","Y","Y","Y","Y","Supersession type is not identified. A-trans are generated from N-trans in split program.","N","N","","N","Y","","N","Y","Supersessions having new part number = PART NO EXPIRED are discontinued parts.","N","Y","","Volvo Cars of North America","1st of next month","22nd - 24th","MITCHELL FTP SERVER","Yearly schedule emailed to us. Based on schedule, check availability after 11:00 am by running ActiveBatch pre-step_mptr149 under OEM_US_CANADA_VOLVO¿. A report will be generated via RACE and emailed saying new files are OK or not. If OK, proceed with media entry and schedule of reformat.","/RDO/Jobs/Production/Race/OEM_Reformats_Updates/OEM_US_CANADA_VOLVO_reformatsAndUpdates/oem_us_volvo_reformat_mptr150","/RDO/Jobs/Production/Race/OEM_Reformats_Updates/OEM_US_CANADA_VOLVO_reformatsAndUpdates/oem_us_volvo_update_mptr151","1st of next month","Y","","10","10",""
"157","mptr497","mptr498","065","CA","LEX","zmpt498a","044","US","mpt498e","pkg_oem_ref_007","","0","C","mptr498  Supersession Validation Complete","mptr497.ksh","3/28/2024 7:05:01 AM","3/28/2024 7:13:47 AM","mptr498.ksh","3/29/2024 2:31:37 AM","3/29/2024 2:44:18 AM","9/16/2025 11:58:55 PM","RACE","2","Y","N","N","N","","N","1","","R","R","B","D","B","U","4/1/2024","N","O","N/A     ","N","Y","Y","N","Y","Y","Y","N","Y","","N","N","","N","Y","","N","Y","","N","Y","","* Uses same file as CA Toyota","1st of next month","21st - 22nd","EXTERNAL FTP SERVER","No notification. (Per OEM, after 12pm of 21st of every month.)","/RDO/Jobs/Production/Race/OEM_Reformats_Updates/OEM_CANADA_TOYOTA_LEXUS_reformatAndUpdate/step2_oem_canada_lexus_reformat_mptr497","/RDO/Jobs/Production/Race/OEM_Reformats_Updates/OEM_CANADA_TOYOTA_LEXUS_reformatAndUpdate/oem_canada_lexus_update_mptr498","1st of next month","Y","","10","10",""
"158","pptr020","pptr021","024","PR","BMW","zppt021a","024","US","","pkg_oem_ref_012","","0","C","pptr021  Supersession Validation Complete","pptr020.ksh","1/19/2024 7:20:42 AM","1/19/2024 7:21:29 AM","pptr021.ksh","1/20/2024 12:06:59 AM","1/20/2024 12:08:11 AM","9/16/2025 11:58:55 PM","RACE","2","N","Y","N","N","","N","1","","","","","","","","1/18/2024","N","O","N/A     ","N","N","N","N","N","N","Y","N","N","","N","N","","N","N","","N","N","","N","Y","","ABC Infotech ","date of file arrival","week of PR extract","MITCHELL FTP SERVER","Separate email notification for each PR OEM file, and file delivery noted in RACEDataOps FTP Report.","/RDO/Jobs/Production/Race/OEM_Reformats_Updates_PuertoRico/OEM_PR_BMW_reformatAndUpdate/oem_pr_bmw_reformat_pptr020","/RDO/Jobs/Production/Race/OEM_Reformats_Updates_PuertoRico/OEM_PR_BMW_reformatAndUpdate/oem_pr_bmw_update_pptr021","1st of next month","Y","","10","10",""
"159","mptr455","mptr456","036","CA","MBZ","zmpt456a","036","US","","pkg_oem_ref_018","","0","A","Step300R mptz021 Transaction Split Processing","mptr455.ksh","8/30/2024 10:05:45 AM","8/30/2024 10:12:12 AM","mptr456.ksh","8/26/2024 3:12:00 PM","8/26/2024 3:18:07 PM","9/16/2025 11:58:55 PM","RACE","2","Y","Y","Y","N","","N","1","","","","","","","","8/1/2024","N","O","CAR&TRK ","N","Y","Y","N","Y","N","Y","N","Y","New Part Number (c_code_material_part) contains the word MULTIPLE.","N","N","","N","Y","New Part Number is in c_code_material_part field.","N","N","","N","Y","Base parts are built from color-coded parts, where a base part has not been provided. Part Description is prefixed with (M-GEN BASE) to identify these.","Mercedes Benz Canada, Inc.","1st of next month","","MITCHELL FTP SERVER","Email notification","/RDO/Jobs/Production/Race/OEM_Reformats_Updates/OEM_CANADA_MERCEDES_reformatAndUpdate/oem_canada_mercedes_reformat_mptr455","/RDO/Jobs/Production/Race/OEM_Reformats_Updates/OEM_CANADA_MERCEDES_reformatAndUpdate/oem_canada_mercedes_update_mptr456","date of file arrival","Y","","10","10",""
"160","pptr045","pptr046","002","PR","FOR","zppt046a","002","US","","pkg_oem_ref_012","","0","C","pptr046  Supersession Validation Complete","pptr045.ksh","3/7/2024 7:55:38 AM","3/7/2024 7:59:41 AM","pptr046.ksh","3/8/2024 1:33:50 AM","3/8/2024 1:38:28 AM","9/16/2025 11:58:55 PM","RACE","2","N","Y","N","N","","N","1","","","","","","","","3/7/2024","N","O","N/A     ","N","N","N","N","N","N","N","N","N","","N","N","","N","N","","N","N","","N","N","","ABC Infotech","date of file arrival","week of PR extract","MITCHELL FTP SERVER","Separate email notification for each PR OEM file, and file delivery noted in RACEDataOps FTP Report.","/RDO/Jobs/Production/Race/OEM_Reformats_Updates_PuertoRico/OEM_PR_FORD_reformatAndUpdate/oem_pr_ford_reformat_pptr045","/RDO/Jobs/Production/Race/OEM_Reformats_Updates_PuertoRico/OEM_PR_FORD_reformatAndUpdate/oem_pr_ford_update_pptr046","1st of next month","Y","","10","10",""
"161","mptr045","mptr046","002","US","FOR","zmpt046a","002","US","","pkg_oem_ref_004","","0","C","mptr046  Supersession Validation Complete","mptr045.ksh","3/1/2024 6:05:34 AM","3/1/2024 6:11:25 AM","mptr046.ksh","3/2/2024 12:54:51 AM","3/2/2024 1:08:46 AM","9/16/2025 11:58:55 PM","RACE","2","Y","Y","Y","N","","N","1","","","","","","","","3/1/2024","N","O","N/A     ","N","N","N","N","Y","N","N","N","Y","1) obsolete_status = NS & 2nd repl_part_number is valued 
2) obsolete_status = NS & obs_repl_part_number contains 'MULTRE' or '  MULT' 
3) obsolete_status = NS & obs_repl_part_number is not valued ","N","N","","N","Y","","N","Y","","N","Y","","Ford Motor Company - 248 byte file","1st of current month","1st - 3rd","MITCHELL FTP SERVER","Schedule the reformat when RACEDataOps FTP Report shows current file named: APO11860_Level3*.zip. (This is usually followed up by an email but not always; therefore FTP Report seems to be most reliable.)","/RDO/Jobs/Production/Race/OEM_Reformats_Updates/OEM_US_FORD_reformatAndUpdate/oem_us_ford_reformat_mptr045","/RDO/Jobs/Production/Race/OEM_Reformats_Updates/OEM_US_FORD_reformatAndUpdate/oem_us_ford_update_mptr046","1st of next month","Y","","10","10",""
"162","mptr520","mptr521","023","CA","JAG","zmpt521a","023","US","mpt521e","pkg_oem_ref_038","","0","C","mptr521  Supersession Validation Complete","mptr520.ksh","3/27/2024 8:51:33 AM","3/27/2024 8:54:14 AM","mptr521.ksh","3/28/2024 2:13:22 AM","3/28/2024 2:16:35 AM","9/16/2025 11:58:55 PM","RACE","2","Y","Y","N","N","","N","1","","R","R","B","D","B","U","4/1/2024","N","O","N/A     ","N","N","Y","N","Y","N","Y","N","Y","","N","N","","N","Y","","N","N","D-trans used to be created from Part_Status = E. As of 2019/02, they no longer send.","N","Y","","Jaguar Land Rover North America, LLC","1st of next month","22nd - 29th","OEM WEBSITE","Email notification. (Not always so login and check if they've forgotten to email us.)","/RDO/Jobs/Production/Race/OEM_Reformats_Updates/OEM_CANADA_JAGUAR_reformatAndUpdate/oem_canada_jaguar_reformat_mptr520","/RDO/Jobs/Production/Race/OEM_Reformats_Updates/OEM_CANADA_JAGUAR_reformatAndUpdate/oem_canada_jaguar_update_mptr521","1st of next month","Y","","10","10",""
"163","pptr050","pptr051","001","PR","GMC","zppt051a","001","US","","pkg_oem_ref_012","","0","C","pptr051  Supersession Validation Complete","pptr050.ksh","12/3/2015 11:22:00 AM","12/3/2015 11:22:32 AM","pptr051.ksh","12/3/2015 7:26:11 PM","12/3/2015 7:26:56 PM","9/16/2025 11:58:55 PM","RACE","2","N","Y","N","Y","","N","1","","","","","","","","12/3/2015","N","O","N/A     ","N","N","N","N","N","N","Y","N","N","","N","N","","N","N","","N","N","","N","Y","","ABC Infotech ","date of file arrival","week of PR extract","MITCHELL FTP SERVER","Separate email notification for each PR OEM file, and file delivery noted in RACEDataOps FTP Report.","/RDO/Jobs/Production/Race/OEM_Reformats_Updates_PuertoRico/OEM_PR_GMC_reformatAndUpdate/oem_pr_gmc_reformat_pptr050","/RDO/Jobs/Production/Race/OEM_Reformats_Updates_PuertoRico/OEM_PR_GMC_reformatAndUpdate/oem_pr_gmc_update_pptr051","date of file arrival","Y","","10","10",""
"164","pptr035","pptr036","030","PR","NIS","zppt036a","030","US","","pkg_oem_ref_012","","0","C","pptr036  Supersession Validation Complete","pptr035.ksh","3/7/2024 7:44:03 AM","3/7/2024 7:46:17 AM","pptr036.ksh","3/8/2024 1:29:30 AM","3/8/2024 1:31:48 AM","9/16/2025 11:58:55 PM","RACE","2","N","N","N","N","","N","1","","","","","","","","3/7/2024","N","O","N/A     ","N","N","N","N","N","N","Y","N","N","","N","N","","N","N","","N","N","","N","Y","","ABC Infotech ","date of file arrival","week of PR extract","MITCHELL FTP SERVER","Separate email notification for each PR OEM file, and file delivery noted in RACEDataOps FTP Report.","/RDO/Jobs/Production/Race/OEM_Reformats_Updates_PuertoRico/OEM_PR_NISSAN_INFINITI_reformatAndUpdate/oem_pr_step01_nissan_reformat_pptr035","/RDO/Jobs/Production/Race/OEM_Reformats_Updates_PuertoRico/OEM_PR_NISSAN_INFINITI_reformatAndUpdate/oem_pr_nissan_update_pptr036","date of file arrival","Y","","10","10",""
"165","mptr420","mptr421","002","CA","FOR","zmpt421a","002","US","","pkg_oem_ref_010","","0","R","Step570 Save files","mptr420.ksh","8/2/2017 7:51:29 AM","8/2/2017 7:56:21 AM","mptr421.ksh","8/21/2017 11:35:38 AM","","9/16/2025 11:58:55 PM","RACE","2","Y","Y","N","Y","","N","1","","","","","","","","8/1/2017","N","S","AUTO CHG","N","N","N","N","N","N","Y","N","N","","N","N","","N","N","","N","N","","N","Y","","Ford Motor Company of Canada, Ltd.","1st Friday of Month","","","Schedule the reformat when RACEDataOps FTP Report shows current CANCOMPRICE*.ZIP file -AND- a CANOBS*.ZIP file having same date. (CANOBS* files are placed on our server several times per month; whereas CANCOMPPRICE is placed once. This is usually followed up by an email but not always; therefore FTP Report indicating presence of both files seems to be most reliable.)","","","Date of file arrival ( First Friday of the month)","","","","",""
"166","mptr325","mptr326","296","US","POL","zmpt326a","296","US","","pkg_oem_ref_296","","0","C","mptr326  Supersession Validation Complete","","8/5/2024 5:04:16 PM","8/5/2024 5:04:29 PM","","8/5/2024 5:10:50 PM","8/5/2024 5:12:09 PM","9/16/2025 11:58:55 PM","RACE","2","Y","Y","N","N","","N","6","","","","","","","","8/1/2024","N","O","N/A     ","N","N","N","N","N","N","Y","N","N","","N","N","","N","N","No Supersessions","N","N","Discontinued parts are dropped from file.","N","Y","","Polaris","date of file","delivered 2x year; Feb and Aug","Dropbox / Email","Email notification with xls files attached.","/RDO/Jobs/Production/Race/OEM_Reformats_Updates/OEM_US_POLARIS_reformatAndUpdate/oem_us_polaris_reformat_mptr325","/RDO/Jobs/Production/Race/OEM_Reformats_Updates/OEM_US_POLARIS_reformatAndUpdate/oem_us_polaris_update_mptr326","date of file","Y","","10","10",""
"167","mptr600","mptr601","018","CA","ALFC","zmpt601a","018","US","","pkg_oem_ref_032","","0","C","mptr601  Supersession Validation Complete","mptr600.ksh","3/25/2024 10:49:42 AM","3/25/2024 10:49:43 AM","mptr601.ksh","3/26/2024 2:05:17 AM","3/26/2024 2:06:50 AM","9/16/2025 11:58:55 PM","RACE","2","Y","N","Y","N","","N","1","","","","","","","","4/1/2024","N","O","N/A     ","N","Y","Y","Y","Y","Y","Y","N","Y","","N","Y","","N","Y","","N","Y","","N","Y","","US Chrysler Corporation","1st of next month","23rd - 25th","MITCHELL FTP SERVER","Email notification from CHRYSLER.PARTS.PRICING@CHRYSLER.COM with effective date from Chrysler.  Separate email for US and Canada. (MX included with US.) Suggested procedure is to wait for both emails and then process all six files at same time for ALFC, CHR, and FIAC.  File was at EBMX but as of 4/2022 they are FTPing file to Mitchell. Email  subject like ""CANADIAN PRICE BOOK EFFECTIVE:2022-04-01"".","/RDO/Jobs/Production/Race/OEM_Reformats_Updates/OEM_CANADA_ALFA_ROMEO_reformatAndUpdate/oem_canada_alfa_romeo_reformat_mptr600","/RDO/Jobs/Production/Race/OEM_Reformats_Updates/OEM_CANADA_ALFA_ROMEO_reformatAndUpdate/oem_canada_alfa_romeo_update_mptr601","1st of next month","Y","","10","10",""
