    Start  mptr300   Tue Aug 4 10:20:52 AM PDT 2026
\n\n**********************************************************************************
Restart Step was NOT included in the job execution. Job will run from the beginning.
**********************************************************************************\n\n
\n\n**************************************************************************************************************
Calling:  oem_ref.ksh    Datetime: 08/04/26 10:20:53   Script: /tmp/mptr300_oem_ref.ksh_run
**************************************************************************************************************\n\n
RCS : oem_ref.ksh,v 1.39 2024/01/17 23:23:23 pg2697 Exp $
+ print ProcessId '=' 42343
ProcessId = 42343
+ trap 'oem_abndalrt.ksh $?' err
+ basename /tmp/mptr300_oem_ref.ksh_run .ksh_run
+ PROCNAME=mptr300_oem_ref
+ export PROCNAME
+ cat /prod/race/oem/prm/zmptpass.prm
+ MPTUSERID=racejob/q1w2e3r4
+ export MPTUSERID
+ basename /prod/race/oem/log/mptr300_20260804102052.log
+ LOGFILE=mptr300_20260804102052.log
+ export LOGFILE
+ echo '\n\n Build environment variables'
\n\n Build environment variables
+ . oem_job.ksh
+ echo 'RCS : oem_job.ksh,v 1.7 2026/08/04 17:14:37 rj132422 Exp $'
RCS : oem_job.ksh,v 1.7 2026/08/04 17:14:37 rj132422 Exp $
+ trap 'oem_abndalrt.ksh $?' err
+ cat /prod/race/oem/prm/zmptpass.prm
+ MPTUSERID=racejob/q1w2e3r4
+ basename /prod/race/oem/log/mptr300_20260804102052.log
+ LOGFILE=mptr300_20260804102052.log
+ REFORMATJOB=mptr300
+ UPDATEJOB=mptr300
+ WORKFILE=mptr300_oem_job.tmp
+ sqlplus -s
+ 0<< \%
racejob/q1w2e3r4
SET VERIFY OFF
SET FEEDBACK OFF
SET TAB OFF
SET LINESIZE 100
SET PAGES 0
SET TRIMSPOOL ON
whenever sqlerror exit sql.sqlcode
    exec pkg_oem_job.p_oem_job_sel_03(p_jobname       => 'mptr300',                                          p_tmp_directory => 'RACE_OEM_TMP_DIR',                                       p_tmp_filename  => 'mptr300_oem_job.tmp',                                         p_log_directory => 'RACE_OEM_LOG_DIR',                                       p_log_filename  => 'mptr300_20260804102052.db.log');
QUIT;
%
2>& 1
+ DB_LOG=/prod/race/oem/log/mptr300_20260804102052.db.log
+ [ -s /prod/race/oem/log/mptr300_20260804102052.db.log ]
+ cat /prod/race/oem/log/mptr300_20260804102052.db.log
+ 1>> /prod/race/oem/log/mptr300_20260804102052.log

mptr300,mptr301,090,US,TES,tes,zmpt301a,090,US,tes_us,tesus,,pkg_oem_ref_047,,Y,Y,N,,,N,

+ rm /prod/race/oem/log/mptr300_20260804102052.db.log
+ WORKFILE=/prod/race/oem/tmp/mptr300_oem_job.tmp
+ export WORKFILE
+ cut -f1 -d,
+ cat /prod/race/oem/tmp/mptr300_oem_job.tmp
+ REFORMATJOB=mptr300
+ export REFORMATJOB
+ [ -z mptr300 ]
+ cut -f2 -d,
+ cat /prod/race/oem/tmp/mptr300_oem_job.tmp
+ UPDATEJOB=mptr301
+ export UPDATEJOB
+ cut -f3 -d,
+ cat /prod/race/oem/tmp/mptr300_oem_job.tmp
+ JOBOEM=090
+ export JOBOEM
+ cut -f4 -d,
+ cat /prod/race/oem/tmp/mptr300_oem_job.tmp
+ JOBCTRY=US
+ export JOBCTRY
+ cat /prod/race/oem/tmp/mptr300_oem_job.tmp
+ cut -f5 -d,
+ JOBOEMNAME=TES
+ export JOBOEMNAME
+ cut -f6 -d,
+ cat /prod/race/oem/tmp/mptr300_oem_job.tmp
+ OEMABBRLOWER=tes
+ export OEMABBRLOWER
+ cut -f7 -d,
+ cat /prod/race/oem/tmp/mptr300_oem_job.tmp
+ JOBPARM=zmpt301a
+ export JOBPARM
+ cut -f8 -d,
+ cat /prod/race/oem/tmp/mptr300_oem_job.tmp
+ FORMATOEM=090
+ export FORMATOEM
+ cut -f9 -d,
+ cat /prod/race/oem/tmp/mptr300_oem_job.tmp
+ FORMATCTRY=US
+ export FORMATCTRY
+ cat /prod/race/oem/tmp/mptr300_oem_job.tmp
+ cut -f10 -d,
+ JOBFILE_OEMCTRY=tes_us
+ export JOBFILE_OEMCTRY
+ cut -f11 -d,
+ cat /prod/race/oem/tmp/mptr300_oem_job.tmp
+ REPORTSUFFIX=tesus
+ export REPORTSUFFIX
+ cut -f12 -d,
+ cat /prod/race/oem/tmp/mptr300_oem_job.tmp
+ REVERSE_SUPER_JOBPARM=''
+ export REVERSE_SUPER_JOBPARM
+ cut -f13 -d,
+ cat /prod/race/oem/tmp/mptr300_oem_job.tmp
+ PACKAGE_NAME_1=pkg_oem_ref_047
+ export PACKAGE_NAME_1
+ cut -f14 -d,
+ cat /prod/race/oem/tmp/mptr300_oem_job.tmp
+ PACKAGE_NAME_2=''
+ export PACKAGE_NAME_2
+ cut -f15 -d,
+ cat /prod/race/oem/tmp/mptr300_oem_job.tmp
+ DUPLICATE_PARTS_EXPECTED_FLAG=Y
+ export DUPLICATE_PARTS_EXPECTED_FLAG
+ cut -f16 -d,
+ cat /prod/race/oem/tmp/mptr300_oem_job.tmp
+ REFORMAT_BUILDS_RTRANS_FLAG=Y
+ export REFORMAT_BUILDS_RTRANS_FLAG
+ cut -f17 -d,
+ cat /prod/race/oem/tmp/mptr300_oem_job.tmp
+ OBSOLETE_JOB_FLAG=N
+ export OBSOLETE_JOB_FLAG
+ cut -f18 -d,
+ cat /prod/race/oem/tmp/mptr300_oem_job.tmp
+ PREPROCESS_SCRIPT_NAME=''
+ export PREPROCESS_SCRIPT_NAME
+ sqlplus -s
+ 0<< \%
racejob/q1w2e3r4
SET VERIFY OFF
SET FEEDBACK OFF
SET TAB OFF
SET LINESIZE 100
SET PAGES 0
SET TRIMSPOOL ON
SET SERVEROUTPUT ON SIZE 1000000
whenever sqlerror exit sql.sqlcode
    exec pkg_oem_ref_utilities.p_check_gtmp_indexes(p_jobname       => 'mptr300',                                                           p_log_directory => 'RACE_OEM_LOG_DIR',                                                        p_log_filename  => 'mptr300_20260804102052.db.log',                                                           p_debug_level   => '0');
QUIT;
%
2>& 1
+ DB_LOG=/prod/race/oem/log/mptr300_20260804102052.db.log
+ [ -s /prod/race/oem/log/mptr300_20260804102052.db.log ]
+ cat /prod/race/oem/log/mptr300_20260804102052.db.log
+ 1>> /prod/race/oem/log/mptr300_20260804102052.log

Start mptr300 pkg_oem_ref_utilities.p_check_gtmp_indexes


 End  mptr300 pkg_oem_ref_utilities.p_check_gtmp_indexes
+ rm /prod/race/oem/log/mptr300_20260804102052.db.log
+ . oem_job_notify.ksh
+ echo 'RCS : oem_job_notify.ksh,v 1.2 2008/10/09 22:17:44 jw97143 Exp $'
RCS : oem_job_notify.ksh,v 1.2 2008/10/09 22:17:44 jw97143 Exp $
+ trap 'oem_abndalrt.ksh $?' err
+ cat /prod/race/oem/prm/zmptpass.prm
+ MPTUSERID=racejob/q1w2e3r4
+ basename /prod/race/oem/log/mptr300_20260804102052.log
+ LOGFILE=mptr300_20260804102052.log
+ WORKFILE=mptr300_oem_job_notify.tmp
+ sqlplus -s
+ 0<< \%
racejob/q1w2e3r4
SET VERIFY OFF
SET FEEDBACK OFF
SET TAB OFF
SET LINESIZE 100
SET PAGES 0
SET TRIMSPOOL ON
whenever sqlerror exit sql.sqlcode
    exec pkg_oem_job_notify.p_oem_job_notify_sel_01(p_job  =>          'mptr300',                                                        p_tmp_directory => 'RACE_OEM_TMP_DIR',                                                     p_tmp_filename  => 'mptr300_oem_job_notify.tmp',                                                       p_log_directory => 'RACE_OEM_LOG_DIR',                                                     p_log_filename  => 'mptr300_20260804102052.log');
QUIT;
%
2>& 1
+ WORKFILE=/prod/race/oem/tmp/mptr300_oem_job_notify.tmp
+ cut -f2 -d^
+ cat /prod/race/oem/tmp/mptr300_oem_job_notify.tmp
+ SEND_EMAIL_FLAG=''
+ cut -f3 -d^
+ cat /prod/race/oem/tmp/mptr300_oem_job_notify.tmp
+ EMAIL_ADDRESS_LIST=''
+ cut -f4 -d^
+ cat /prod/race/oem/tmp/mptr300_oem_job_notify.tmp
+ EMAIL_BODY=''
+ cut -f5 -d^
+ cat /prod/race/oem/tmp/mptr300_oem_job_notify.tmp
+ RESET_SEND_EMAIL_FLAG=''
+ [ -z '' ]
+ echo 'Notification NOT Required'
Notification NOT Required
+ echo ' '
 
+ . oem_job_datafile.ksh
+ echo 'RCS : oem_job_datafile.ksh,v 1.8 2026/08/04 17:15:04 rj132422 Exp $'
RCS : oem_job_datafile.ksh,v 1.8 2026/08/04 17:15:04 rj132422 Exp $
+ trap 'oem_abndalrt.ksh $?' err
+ cat /prod/race/oem/prm/zmptpass.prm
+ MPTUSERID=racejob/q1w2e3r4
+ basename /prod/race/oem/log/mptr300_20260804102052.log
+ LOGFILE=mptr300_20260804102052.log
+ WORKFILE=mptr300_oem_job_datafile.tmp
+ sqlplus -s
+ 0<< \%
racejob/q1w2e3r4
SET VERIFY OFF
SET FEEDBACK OFF
SET TAB OFF
SET LINESIZE 100
SET PAGES 0
SET TRIMSPOOL ON
whenever sqlerror exit sql.sqlcode
    exec pkg_oem_job_datafile.p_oem_job_datafile_sel_04(p_reformat_job  => 'mptr300',                                                         p_tmp_directory => 'RACE_OEM_TMP_DIR',                                                          p_tmp_filename  => 'mptr300_oem_job_datafile.tmp',                                                            p_log_directory => 'RACE_OEM_LOG_DIR',                                                          p_log_filename  => 'mptr300_20260804102052.db.log');
QUIT;
%
2>& 1
+ DB_LOG=RACE_OEM_TMP_DIR/mptr300_20260804102052.db.log
+ [ -s RACE_OEM_TMP_DIR/mptr300_20260804102052.db.log ]
+ WORKFILE=/prod/race/oem/tmp/mptr300_oem_job_datafile.tmp
+ export WORKFILE
+ STEPNAME=Step010R
+ export STEPNAME
+ date '+%m/%d/%y %H:%M:%S'
+ echo '\n\n START ---> mptr300_oem_ref Step010R - Locate and transfer ALL Input Files - ' 08/04/26 10:20:54 ' <--- START\n\n'
\n\n START ---> mptr300_oem_ref Step010R - Locate and transfer ALL Input Files -  08/04/26 10:20:54  <--- START\n\n
+ oem_job_status_update.ksh R 'Step010R oem_job_datafile_prep.ksh'
+ FILE_SEQUENCE=1
+ export FILE_SEQUENCE
+ [ '' '=' Step010R ]
+ true
+ sed -n -e 1p
+ cut -f2 -d^
+ 0< /prod/race/oem/tmp/mptr300_oem_job_datafile.tmp
+ INPUT_FILE_NAME=mptr299_raw_tesla_price.dat
+ export INPUT_FILE_NAME
+ [ -z mptr299_raw_tesla_price.dat ]
+ sed -n -e 1p
+ cut -f3 -d^
+ 0< /prod/race/oem/tmp/mptr300_oem_job_datafile.tmp
+ XTAB_FILE_NAME=mptr300_xtab_oem_ref_mptr300_tes_price_raw.dat
+ export XTAB_FILE_NAME
+ sed -n -e 1p
+ cut -f4 -d^
+ 0< /prod/race/oem/tmp/mptr300_oem_job_datafile.tmp
+ XTAB_TABLE_NAME=xtab_oem_ref_mptr300_tes_price
+ export XTAB_TABLE_NAME
+ sed -n -e 1p
+ cut -f5 -d^
+ 0< /prod/race/oem/tmp/mptr300_oem_job_datafile.tmp
+ FTP_PROGRAM_NAME=''
+ export FTP_PROGRAM_NAME
+ sed -n -e 1p
+ cut -f6 -d^
+ 0< /prod/race/oem/tmp/mptr300_oem_job_datafile.tmp
+ FTP_LOCATION_CODE=N
+ export FTP_LOCATION_CODE
+ sed -n -e 1p
+ cut -f7 -d^
+ 0< /prod/race/oem/tmp/mptr300_oem_job_datafile.tmp
+ FORMAT_INDICATOR=A
+ export FORMAT_INDICATOR
+ sed -n -e 1p
+ cut -f8 -d^
+ 0< /prod/race/oem/tmp/mptr300_oem_job_datafile.tmp
+ SOURCE_FIELD_DELIMITER=,
+ export SOURCE_FIELD_DELIMITER
+ sed -n -e 1p
+ cut -f9 -d^
+ 0< /prod/race/oem/tmp/mptr300_oem_job_datafile.tmp
+ TARGET_FIELD_SIZE=''
+ export TARGET_FIELD_SIZE
+ sed -n -e 1p
+ cut -f10 -d^
+ 0< /prod/race/oem/tmp/mptr300_oem_job_datafile.tmp
+ BACKUP_SOURCE_FILE_NAME=mptr300_araw_tes_us_price.dat
+ export BACKUP_SOURCE_FILE_NAME
+ sed -n -e 1p
+ cut -f11 -d^
+ 0< /prod/race/oem/tmp/mptr300_oem_job_datafile.tmp
+ FTP_SOURCE_FILE_NAME=''
+ export FTP_SOURCE_FILE_NAME
+ eval FTP_SOURCE_FILE_NAME=
+ FTP_SOURCE_FILE_NAME=''
+ sed -n -e 1p
+ cut -f14 -d^
+ 0< /prod/race/oem/tmp/mptr300_oem_job_datafile.tmp
+ FTP_PARM_FILE_NAME=''
+ export FTP_PARM_FILE_NAME
+ sed -n -e 1p
+ cut -f16 -d^
+ 0< /prod/race/oem/tmp/mptr300_oem_job_datafile.tmp
+ ENCODING_CHARSET=''
+ export ENCODING_CHARSET
+ . oem_job_datafile_prep.ksh
+ echo '\n*** Begin oem_job_datafile_prep.ksh mptr299_raw_tesla_price.dat ***\n'
\n*** Begin oem_job_datafile_prep.ksh mptr299_raw_tesla_price.dat ***\n
+ trap 'oem_abndalrt.ksh $?' err
+ STEP010_FILEOUT=/prod/race/oem/dat/mptr300_araw_tes_us_price.dat
+ [ ! -z '' ]
+ echo mptr299_raw_tesla_price.dat
+ awk -F . '{ print $NF }'
+ [[ dat = 'dat(0)' ]]
+ INPUT_FILE_NAME_EXPANDED=/prod/race/oem/dat/mptr299_raw_tesla_price.dat
+ export INPUT_FILE_NAME_EXPANDED
+ [ -s /prod/race/oem/dat/mptr299_raw_tesla_price.dat ]
+ [ N '=' M ]
+ echo '\n*** Option 4 None of the above?  Then Input File /prod/race/oem/dat/mptr299_raw_tesla_price.dat HAS TO BE on the Novell directory.'
\n*** Option 4 None of the above?  Then Input File /prod/race/oem/dat/mptr299_raw_tesla_price.dat HAS TO BE on the Novell directory.
+ . oem_job_process_mitchell_ftp_file.ksh GETMIT
+ echo '\n\n*** Begin oem_job_process_mitchell_ftp_file.ksh mptr299_raw_tesla_price.dat ***\n\n'
\n\n*** Begin oem_job_process_mitchell_ftp_file.ksh mptr299_raw_tesla_price.dat ***\n\n
+ trap 'oem_abndalrt.ksh $?' err
+ FILE_ACTION=GETMIT
+ [ 1 -lt 1 ]
+ [ US '=' PR ]
+ FTPSITE_DIRECTORY=/ftp1/Business_Partners/tes_us/prod/incoming
+ [ GETMIT '=' GETMIT ]
+ echo 'Using Fixed Folder for Novell/NT to Mitchell FTP.'
Using Fixed Folder for Novell/NT to Mitchell FTP.
+ FTP_BUSINESS_PATH=/prod/data/ftp/Business_Partners/mitchell/prod/oem/incoming
+ export FTP_BUSINESS_PATH
+ FTPSITE_DIRECTORY=/prod/data/ftp/Business_Partners/mitchell/prod/oem/incoming
+ FILE_ACTION=GETIT
+ echo '\nDoes the input file name contain a wildcard?\n'
\nDoes the input file name contain a wildcard?\n
+ expr mptr299_raw_tesla_price.dat : '.*[?*]'
0
+ FTP_FILELIST=/prod/race/oem/tmp/mptr300_mptr299_raw_tesla_price.dat_ftplist.tmp
+ ssh -nq race_b1@ftp-ssh.mitchell.com 'ls -1 /prod/data/ftp/Business_Partners/mitchell/prod/oem/incoming/*.*'
+ 1> /prod/race/oem/tmp/mptr300_mptr299_raw_tesla_price.dat_ftplist.tmp
+ RECORD_NUMBER=1
+ true
+ sed -n -e 1p
+ cut -f1
+ 0< /prod/race/oem/tmp/mptr300_mptr299_raw_tesla_price.dat_ftplist.tmp
+ WORK_FTP_DIR_FILE_NAME=/prod/data/ftp/Business_Partners/mitchell/prod/oem/incoming/mptr299_raw_tesla_catlg.dat
+ [ -z /prod/data/ftp/Business_Partners/mitchell/prod/oem/incoming/mptr299_raw_tesla_catlg.dat ]
+ basename /prod/data/ftp/Business_Partners/mitchell/prod/oem/incoming/mptr299_raw_tesla_catlg.dat
+ WORK_FTP_XFR_FILE_NAME=mptr299_raw_tesla_catlg.dat
+ echo mptr299_raw_tesla_catlg.dat
+ sed '/.*/y/ABCDEFGHIJKLMNOPQRSTUVWXYZ/abcdefghijklmnopqrstuvwxyz/'
+ WORK_FTP_XFR_FILE_NAME_LOWER=mptr299_raw_tesla_catlg.dat
+ WORK_INP_FILE_NAME=mptr299_raw_tesla_price.dat
+ echo mptr299_raw_tesla_price.dat
+ sed '/.*/y/ABCDEFGHIJKLMNOPQRSTUVWXYZ/abcdefghijklmnopqrstuvwxyz/'
+ WORK_INP_FILE_NAME_LOWER=mptr299_raw_tesla_price.dat
+ [ mptr299_raw_tesla_catlg.dat '=' mptr299_raw_tesla_price.dat ]
+ echo '\nFile names do not match . . . increment record number'
\nFile names do not match . . . increment record number
+ expr 1 + 1
+ RECORD_NUMBER=2
+ true
+ sed -n -e 2p
+ cut -f1
+ 0< /prod/race/oem/tmp/mptr300_mptr299_raw_tesla_price.dat_ftplist.tmp
+ WORK_FTP_DIR_FILE_NAME=/prod/data/ftp/Business_Partners/mitchell/prod/oem/incoming/mptr299_raw_tesla_price.dat
+ [ -z /prod/data/ftp/Business_Partners/mitchell/prod/oem/incoming/mptr299_raw_tesla_price.dat ]
+ basename /prod/data/ftp/Business_Partners/mitchell/prod/oem/incoming/mptr299_raw_tesla_price.dat
+ WORK_FTP_XFR_FILE_NAME=mptr299_raw_tesla_price.dat
+ echo mptr299_raw_tesla_price.dat
+ sed '/.*/y/ABCDEFGHIJKLMNOPQRSTUVWXYZ/abcdefghijklmnopqrstuvwxyz/'
+ WORK_FTP_XFR_FILE_NAME_LOWER=mptr299_raw_tesla_price.dat
+ WORK_INP_FILE_NAME=mptr299_raw_tesla_price.dat
+ echo mptr299_raw_tesla_price.dat
+ sed '/.*/y/ABCDEFGHIJKLMNOPQRSTUVWXYZ/abcdefghijklmnopqrstuvwxyz/'
+ WORK_INP_FILE_NAME_LOWER=mptr299_raw_tesla_price.dat
+ [ mptr299_raw_tesla_price.dat '=' mptr299_raw_tesla_price.dat ]
+ INPUT_FILE_NAME=mptr299_raw_tesla_price.dat
+ export INPUT_FILE_NAME
+ break
+ [ GETIT '=' GETIT ]
+ [ mptr299_raw_tesla_price.dat '=' mptr299_raw_tesla_price.dat ]
+ FTP_XFR_FILE_NAME=/prod/race/oem/tmp/mptr300_mptr299_raw_tesla_price.dat
+ rm -f /prod/race/oem/tmp/mptr300_mptr299_raw_tesla_price.dat
+ echo '\nPreparing to scp file to /prod/race/oem/tmp/mptr300_mptr299_raw_tesla_price.dat\n'
\nPreparing to scp file to /prod/race/oem/tmp/mptr300_mptr299_raw_tesla_price.dat\n
+ scp race_b1@ftp-ssh.mitchell.com:/prod/data/ftp/Business_Partners/mitchell/prod/oem/incoming/mptr299_raw_tesla_price.dat /prod/race/oem/tmp/mptr300_mptr299_raw_tesla_price.dat
Warning: Permanently added 'ftp-ssh.mitchell.com' (ED25519) to the list of known hosts.

This system is for AUTHORIZED USERS ONLY.  
Individual use of this computer and/or network without authority, or in excess 
of your authority, is strictly prohibited.  Monitoring of transmissions or 
transactional information may be conducted to ensure the proper functioning 
and security of system resources.  Anyone using this system expressly consents 
to such monitoring and is advised that if such monitoring reveals possible 
criminal activity or policy violation, system personnel may provide evidence
of such monitoring to law enforcement or to other senior officials for 
disciplinary action.

+ [ ! -s /prod/race/oem/tmp/mptr300_mptr299_raw_tesla_price.dat ]
+ echo '\nInput file pulled from Mitchell FTP Site is good\n'
\nInput file pulled from Mitchell FTP Site is good\n
+ echo mptr299_raw_tesla_price.dat
+ awk -F . '{ print $NF }'
+ [[ dat = g01 ]]
+ echo mptr299_raw_tesla_price.dat
+ awk -F . '{ print $NF }'
+ FILE_SUFFIX=.dat
+ export FILE_SUFFIX
+ echo '\nFILE_SUFFIX: .dat\n'
\nFILE_SUFFIX: .dat\n
+ [[ .dat = .zip ]]
+ [[ .dat = .ZIP ]]
+ cp /prod/race/oem/tmp/mptr300_mptr299_raw_tesla_price.dat /prod/race/oem/dat/mptr300_araw_tes_us_price.dat
+ awk ' {print $1}'
+ wc -c /prod/race/oem/dat/mptr300_araw_tes_us_price.dat
+ RECCNT1=34493518
+ [ 34493518 '=' 0 ]
+ echo $'\\nCopied or gunzip\'d file /prod/race/oem/dat/mptr300_araw_tes_us_price.dat is good\\n'
\nCopied or gunzip'd file /prod/race/oem/dat/mptr300_araw_tes_us_price.dat is good\n
+ [ GETIT '=' BACKUP ]
+ expr 1 + 1
+ FILE_SEQUENCE=2
+ true
+ sed -n -e 2p
+ cut -f2 -d^
+ 0< /prod/race/oem/tmp/mptr300_oem_job_datafile.tmp
+ INPUT_FILE_NAME=mptr299_raw_tesla_catlg.dat
+ export INPUT_FILE_NAME
+ [ -z mptr299_raw_tesla_catlg.dat ]
+ sed -n -e 2p
+ cut -f3 -d^
+ 0< /prod/race/oem/tmp/mptr300_oem_job_datafile.tmp
+ XTAB_FILE_NAME=mptr300_xtab_oem_ref_mptr300_tes_catlg_raw.dat
+ export XTAB_FILE_NAME
+ sed -n -e 2p
+ cut -f4 -d^
+ 0< /prod/race/oem/tmp/mptr300_oem_job_datafile.tmp
+ XTAB_TABLE_NAME=xtab_oem_ref_mptr300_tes_catlg
+ export XTAB_TABLE_NAME
+ sed -n -e 2p
+ cut -f5 -d^
+ 0< /prod/race/oem/tmp/mptr300_oem_job_datafile.tmp
+ FTP_PROGRAM_NAME=''
+ export FTP_PROGRAM_NAME
+ sed -n -e 2p
+ cut -f6 -d^
+ 0< /prod/race/oem/tmp/mptr300_oem_job_datafile.tmp
+ FTP_LOCATION_CODE=N
+ export FTP_LOCATION_CODE
+ sed -n -e 2p
+ cut -f7 -d^
+ 0< /prod/race/oem/tmp/mptr300_oem_job_datafile.tmp
+ FORMAT_INDICATOR=A
+ export FORMAT_INDICATOR
+ sed -n -e 2p
+ cut -f8 -d^
+ 0< /prod/race/oem/tmp/mptr300_oem_job_datafile.tmp
+ SOURCE_FIELD_DELIMITER=,
+ export SOURCE_FIELD_DELIMITER
+ sed -n -e 2p
+ cut -f9 -d^
+ 0< /prod/race/oem/tmp/mptr300_oem_job_datafile.tmp
+ TARGET_FIELD_SIZE=''
+ export TARGET_FIELD_SIZE
+ sed -n -e 2p
+ cut -f10 -d^
+ 0< /prod/race/oem/tmp/mptr300_oem_job_datafile.tmp
+ BACKUP_SOURCE_FILE_NAME=mptr300_araw_tes_us_catlg.dat
+ export BACKUP_SOURCE_FILE_NAME
+ sed -n -e 2p
+ cut -f11 -d^
+ 0< /prod/race/oem/tmp/mptr300_oem_job_datafile.tmp
+ FTP_SOURCE_FILE_NAME=''
+ export FTP_SOURCE_FILE_NAME
+ eval FTP_SOURCE_FILE_NAME=
+ FTP_SOURCE_FILE_NAME=''
+ sed -n -e 2p
+ cut -f14 -d^
+ 0< /prod/race/oem/tmp/mptr300_oem_job_datafile.tmp
+ FTP_PARM_FILE_NAME=''
+ export FTP_PARM_FILE_NAME
+ sed -n -e 2p
+ cut -f16 -d^
+ 0< /prod/race/oem/tmp/mptr300_oem_job_datafile.tmp
+ ENCODING_CHARSET=''
+ export ENCODING_CHARSET
+ . oem_job_datafile_prep.ksh
+ echo '\n*** Begin oem_job_datafile_prep.ksh mptr299_raw_tesla_catlg.dat ***\n'
\n*** Begin oem_job_datafile_prep.ksh mptr299_raw_tesla_catlg.dat ***\n
+ trap 'oem_abndalrt.ksh $?' err
+ STEP010_FILEOUT=/prod/race/oem/dat/mptr300_araw_tes_us_catlg.dat
+ [ ! -z '' ]
+ echo mptr299_raw_tesla_catlg.dat
+ awk -F . '{ print $NF }'
+ [[ dat = 'dat(0)' ]]
+ INPUT_FILE_NAME_EXPANDED=/prod/race/oem/dat/mptr299_raw_tesla_catlg.dat
+ export INPUT_FILE_NAME_EXPANDED
+ [ -s /prod/race/oem/dat/mptr299_raw_tesla_catlg.dat ]
+ [ N '=' M ]
+ echo '\n*** Option 4 None of the above?  Then Input File /prod/race/oem/dat/mptr299_raw_tesla_catlg.dat HAS TO BE on the Novell directory.'
\n*** Option 4 None of the above?  Then Input File /prod/race/oem/dat/mptr299_raw_tesla_catlg.dat HAS TO BE on the Novell directory.
+ . oem_job_process_mitchell_ftp_file.ksh GETMIT
+ echo '\n\n*** Begin oem_job_process_mitchell_ftp_file.ksh mptr299_raw_tesla_catlg.dat ***\n\n'
\n\n*** Begin oem_job_process_mitchell_ftp_file.ksh mptr299_raw_tesla_catlg.dat ***\n\n
+ trap 'oem_abndalrt.ksh $?' err
+ FILE_ACTION=GETMIT
+ [ 1 -lt 1 ]
+ [ US '=' PR ]
+ FTPSITE_DIRECTORY=/prod/data/ftp/Business_Partners/mitchell/prod/oem/incoming/tes_us/prod/incoming
+ [ GETMIT '=' GETMIT ]
+ echo 'Using Fixed Folder for Novell/NT to Mitchell FTP.'
Using Fixed Folder for Novell/NT to Mitchell FTP.
+ FTP_BUSINESS_PATH=/prod/data/ftp/Business_Partners/mitchell/prod/oem/incoming
+ export FTP_BUSINESS_PATH
+ FTPSITE_DIRECTORY=/prod/data/ftp/Business_Partners/mitchell/prod/oem/incoming
+ FILE_ACTION=GETIT
+ echo '\nDoes the input file name contain a wildcard?\n'
\nDoes the input file name contain a wildcard?\n
+ expr mptr299_raw_tesla_catlg.dat : '.*[?*]'
0
+ FTP_FILELIST=/prod/race/oem/tmp/mptr300_mptr299_raw_tesla_catlg.dat_ftplist.tmp
+ ssh -nq race_b1@ftp-ssh.mitchell.com 'ls -1 /prod/data/ftp/Business_Partners/mitchell/prod/oem/incoming/*.*'
+ 1> /prod/race/oem/tmp/mptr300_mptr299_raw_tesla_catlg.dat_ftplist.tmp
+ RECORD_NUMBER=1
+ true
+ sed -n -e 1p
+ cut -f1
+ 0< /prod/race/oem/tmp/mptr300_mptr299_raw_tesla_catlg.dat_ftplist.tmp
+ WORK_FTP_DIR_FILE_NAME=/prod/data/ftp/Business_Partners/mitchell/prod/oem/incoming/mptr299_raw_tesla_catlg.dat
+ [ -z /prod/data/ftp/Business_Partners/mitchell/prod/oem/incoming/mptr299_raw_tesla_catlg.dat ]
+ basename /prod/data/ftp/Business_Partners/mitchell/prod/oem/incoming/mptr299_raw_tesla_catlg.dat
+ WORK_FTP_XFR_FILE_NAME=mptr299_raw_tesla_catlg.dat
+ echo mptr299_raw_tesla_catlg.dat
+ sed '/.*/y/ABCDEFGHIJKLMNOPQRSTUVWXYZ/abcdefghijklmnopqrstuvwxyz/'
+ WORK_FTP_XFR_FILE_NAME_LOWER=mptr299_raw_tesla_catlg.dat
+ WORK_INP_FILE_NAME=mptr299_raw_tesla_catlg.dat
+ echo mptr299_raw_tesla_catlg.dat
+ sed '/.*/y/ABCDEFGHIJKLMNOPQRSTUVWXYZ/abcdefghijklmnopqrstuvwxyz/'
+ WORK_INP_FILE_NAME_LOWER=mptr299_raw_tesla_catlg.dat
+ [ mptr299_raw_tesla_catlg.dat '=' mptr299_raw_tesla_catlg.dat ]
+ INPUT_FILE_NAME=mptr299_raw_tesla_catlg.dat
+ export INPUT_FILE_NAME
+ break
+ [ GETIT '=' GETIT ]
+ [ mptr299_raw_tesla_catlg.dat '=' mptr299_raw_tesla_catlg.dat ]
+ FTP_XFR_FILE_NAME=/prod/race/oem/tmp/mptr300_mptr299_raw_tesla_catlg.dat
+ rm -f /prod/race/oem/tmp/mptr300_mptr299_raw_tesla_catlg.dat
+ echo '\nPreparing to scp file to /prod/race/oem/tmp/mptr300_mptr299_raw_tesla_catlg.dat\n'
\nPreparing to scp file to /prod/race/oem/tmp/mptr300_mptr299_raw_tesla_catlg.dat\n
+ scp race_b1@ftp-ssh.mitchell.com:/prod/data/ftp/Business_Partners/mitchell/prod/oem/incoming/mptr299_raw_tesla_catlg.dat /prod/race/oem/tmp/mptr300_mptr299_raw_tesla_catlg.dat
Warning: Permanently added 'ftp-ssh.mitchell.com' (ED25519) to the list of known hosts.

This system is for AUTHORIZED USERS ONLY.  
Individual use of this computer and/or network without authority, or in excess 
of your authority, is strictly prohibited.  Monitoring of transmissions or 
transactional information may be conducted to ensure the proper functioning 
and security of system resources.  Anyone using this system expressly consents 
to such monitoring and is advised that if such monitoring reveals possible 
criminal activity or policy violation, system personnel may provide evidence
of such monitoring to law enforcement or to other senior officials for 
disciplinary action.

+ [ ! -s /prod/race/oem/tmp/mptr300_mptr299_raw_tesla_catlg.dat ]
+ echo '\nInput file pulled from Mitchell FTP Site is good\n'
\nInput file pulled from Mitchell FTP Site is good\n
+ echo mptr299_raw_tesla_catlg.dat
+ awk -F . '{ print $NF }'
+ [[ dat = g01 ]]
+ echo mptr299_raw_tesla_catlg.dat
+ awk -F . '{ print $NF }'
+ FILE_SUFFIX=.dat
+ export FILE_SUFFIX
+ echo '\nFILE_SUFFIX: .dat\n'
\nFILE_SUFFIX: .dat\n
+ [[ .dat = .zip ]]
+ [[ .dat = .ZIP ]]
+ cp /prod/race/oem/tmp/mptr300_mptr299_raw_tesla_catlg.dat /prod/race/oem/dat/mptr300_araw_tes_us_catlg.dat
+ awk ' {print $1}'
+ wc -c /prod/race/oem/dat/mptr300_araw_tes_us_catlg.dat
+ RECCNT1=257790460
+ [ 257790460 '=' 0 ]
+ echo $'\\nCopied or gunzip\'d file /prod/race/oem/dat/mptr300_araw_tes_us_catlg.dat is good\\n'
\nCopied or gunzip'd file /prod/race/oem/dat/mptr300_araw_tes_us_catlg.dat is good\n
+ [ GETIT '=' BACKUP ]
+ expr 2 + 1
+ FILE_SEQUENCE=3
+ true
+ sed -n -e 3p
+ cut -f2 -d^
+ 0< /prod/race/oem/tmp/mptr300_oem_job_datafile.tmp
+ INPUT_FILE_NAME=mptr299_raw_tesla_super.dat
+ export INPUT_FILE_NAME
+ [ -z mptr299_raw_tesla_super.dat ]
+ sed -n -e 3p
+ cut -f3 -d^
+ 0< /prod/race/oem/tmp/mptr300_oem_job_datafile.tmp
+ XTAB_FILE_NAME=mptr300_xtab_oem_ref_mptr300_tes_super_raw.dat
+ export XTAB_FILE_NAME
+ sed -n -e 3p
+ cut -f4 -d^
+ 0< /prod/race/oem/tmp/mptr300_oem_job_datafile.tmp
+ XTAB_TABLE_NAME=xtab_oem_ref_mptr300_tes_super
+ export XTAB_TABLE_NAME
+ sed -n -e 3p
+ cut -f5 -d^
+ 0< /prod/race/oem/tmp/mptr300_oem_job_datafile.tmp
+ FTP_PROGRAM_NAME=''
+ export FTP_PROGRAM_NAME
+ sed -n -e 3p
+ cut -f6 -d^
+ 0< /prod/race/oem/tmp/mptr300_oem_job_datafile.tmp
+ FTP_LOCATION_CODE=N
+ export FTP_LOCATION_CODE
+ sed -n -e 3p
+ cut -f7 -d^
+ 0< /prod/race/oem/tmp/mptr300_oem_job_datafile.tmp
+ FORMAT_INDICATOR=A
+ export FORMAT_INDICATOR
+ sed -n -e 3p
+ cut -f8 -d^
+ 0< /prod/race/oem/tmp/mptr300_oem_job_datafile.tmp
+ SOURCE_FIELD_DELIMITER=,
+ export SOURCE_FIELD_DELIMITER
+ sed -n -e 3p
+ cut -f9 -d^
+ 0< /prod/race/oem/tmp/mptr300_oem_job_datafile.tmp
+ TARGET_FIELD_SIZE=''
+ export TARGET_FIELD_SIZE
+ sed -n -e 3p
+ cut -f10 -d^
+ 0< /prod/race/oem/tmp/mptr300_oem_job_datafile.tmp
+ BACKUP_SOURCE_FILE_NAME=mptr300_araw_tes_us_super.dat
+ export BACKUP_SOURCE_FILE_NAME
+ sed -n -e 3p
+ cut -f11 -d^
+ 0< /prod/race/oem/tmp/mptr300_oem_job_datafile.tmp
+ FTP_SOURCE_FILE_NAME=''
+ export FTP_SOURCE_FILE_NAME
+ eval FTP_SOURCE_FILE_NAME=
+ FTP_SOURCE_FILE_NAME=''
+ sed -n -e 3p
+ cut -f14 -d^
+ 0< /prod/race/oem/tmp/mptr300_oem_job_datafile.tmp
+ FTP_PARM_FILE_NAME=''
+ export FTP_PARM_FILE_NAME
+ sed -n -e 3p
+ cut -f16 -d^
+ 0< /prod/race/oem/tmp/mptr300_oem_job_datafile.tmp
+ ENCODING_CHARSET=''
+ export ENCODING_CHARSET
+ . oem_job_datafile_prep.ksh
+ echo '\n*** Begin oem_job_datafile_prep.ksh mptr299_raw_tesla_super.dat ***\n'
\n*** Begin oem_job_datafile_prep.ksh mptr299_raw_tesla_super.dat ***\n
+ trap 'oem_abndalrt.ksh $?' err
+ STEP010_FILEOUT=/prod/race/oem/dat/mptr300_araw_tes_us_super.dat
+ [ ! -z '' ]
+ echo mptr299_raw_tesla_super.dat
+ awk -F . '{ print $NF }'
+ [[ dat = 'dat(0)' ]]
+ INPUT_FILE_NAME_EXPANDED=/prod/race/oem/dat/mptr299_raw_tesla_super.dat
+ export INPUT_FILE_NAME_EXPANDED
+ [ -s /prod/race/oem/dat/mptr299_raw_tesla_super.dat ]
+ [ N '=' M ]
+ echo '\n*** Option 4 None of the above?  Then Input File /prod/race/oem/dat/mptr299_raw_tesla_super.dat HAS TO BE on the Novell directory.'
\n*** Option 4 None of the above?  Then Input File /prod/race/oem/dat/mptr299_raw_tesla_super.dat HAS TO BE on the Novell directory.
+ . oem_job_process_mitchell_ftp_file.ksh GETMIT
+ echo '\n\n*** Begin oem_job_process_mitchell_ftp_file.ksh mptr299_raw_tesla_super.dat ***\n\n'
\n\n*** Begin oem_job_process_mitchell_ftp_file.ksh mptr299_raw_tesla_super.dat ***\n\n
+ trap 'oem_abndalrt.ksh $?' err
+ FILE_ACTION=GETMIT
+ [ 1 -lt 1 ]
+ [ US '=' PR ]
+ FTPSITE_DIRECTORY=/prod/data/ftp/Business_Partners/mitchell/prod/oem/incoming/tes_us/prod/incoming
+ [ GETMIT '=' GETMIT ]
+ echo 'Using Fixed Folder for Novell/NT to Mitchell FTP.'
Using Fixed Folder for Novell/NT to Mitchell FTP.
+ FTP_BUSINESS_PATH=/prod/data/ftp/Business_Partners/mitchell/prod/oem/incoming
+ export FTP_BUSINESS_PATH
+ FTPSITE_DIRECTORY=/prod/data/ftp/Business_Partners/mitchell/prod/oem/incoming
+ FILE_ACTION=GETIT
+ echo '\nDoes the input file name contain a wildcard?\n'
\nDoes the input file name contain a wildcard?\n
+ expr mptr299_raw_tesla_super.dat : '.*[?*]'
0
+ FTP_FILELIST=/prod/race/oem/tmp/mptr300_mptr299_raw_tesla_super.dat_ftplist.tmp
+ ssh -nq race_b1@ftp-ssh.mitchell.com 'ls -1 /prod/data/ftp/Business_Partners/mitchell/prod/oem/incoming/*.*'
+ 1> /prod/race/oem/tmp/mptr300_mptr299_raw_tesla_super.dat_ftplist.tmp
+ RECORD_NUMBER=1
+ true
+ sed -n -e 1p
+ cut -f1
+ 0< /prod/race/oem/tmp/mptr300_mptr299_raw_tesla_super.dat_ftplist.tmp
+ WORK_FTP_DIR_FILE_NAME=/prod/data/ftp/Business_Partners/mitchell/prod/oem/incoming/mptr299_raw_tesla_catlg.dat
+ [ -z /prod/data/ftp/Business_Partners/mitchell/prod/oem/incoming/mptr299_raw_tesla_catlg.dat ]
+ basename /prod/data/ftp/Business_Partners/mitchell/prod/oem/incoming/mptr299_raw_tesla_catlg.dat
+ WORK_FTP_XFR_FILE_NAME=mptr299_raw_tesla_catlg.dat
+ echo mptr299_raw_tesla_catlg.dat
+ sed '/.*/y/ABCDEFGHIJKLMNOPQRSTUVWXYZ/abcdefghijklmnopqrstuvwxyz/'
+ WORK_FTP_XFR_FILE_NAME_LOWER=mptr299_raw_tesla_catlg.dat
+ WORK_INP_FILE_NAME=mptr299_raw_tesla_super.dat
+ echo mptr299_raw_tesla_super.dat
+ sed '/.*/y/ABCDEFGHIJKLMNOPQRSTUVWXYZ/abcdefghijklmnopqrstuvwxyz/'
+ WORK_INP_FILE_NAME_LOWER=mptr299_raw_tesla_super.dat
+ [ mptr299_raw_tesla_catlg.dat '=' mptr299_raw_tesla_super.dat ]
+ echo '\nFile names do not match . . . increment record number'
\nFile names do not match . . . increment record number
+ expr 1 + 1
+ RECORD_NUMBER=2
+ true
+ sed -n -e 2p
+ cut -f1
+ 0< /prod/race/oem/tmp/mptr300_mptr299_raw_tesla_super.dat_ftplist.tmp
+ WORK_FTP_DIR_FILE_NAME=/prod/data/ftp/Business_Partners/mitchell/prod/oem/incoming/mptr299_raw_tesla_price.dat
+ [ -z /prod/data/ftp/Business_Partners/mitchell/prod/oem/incoming/mptr299_raw_tesla_price.dat ]
+ basename /prod/data/ftp/Business_Partners/mitchell/prod/oem/incoming/mptr299_raw_tesla_price.dat
+ WORK_FTP_XFR_FILE_NAME=mptr299_raw_tesla_price.dat
+ echo mptr299_raw_tesla_price.dat
+ sed '/.*/y/ABCDEFGHIJKLMNOPQRSTUVWXYZ/abcdefghijklmnopqrstuvwxyz/'
+ WORK_FTP_XFR_FILE_NAME_LOWER=mptr299_raw_tesla_price.dat
+ WORK_INP_FILE_NAME=mptr299_raw_tesla_super.dat
+ echo mptr299_raw_tesla_super.dat
+ sed '/.*/y/ABCDEFGHIJKLMNOPQRSTUVWXYZ/abcdefghijklmnopqrstuvwxyz/'
+ WORK_INP_FILE_NAME_LOWER=mptr299_raw_tesla_super.dat
+ [ mptr299_raw_tesla_price.dat '=' mptr299_raw_tesla_super.dat ]
+ echo '\nFile names do not match . . . increment record number'
\nFile names do not match . . . increment record number
+ expr 2 + 1
+ RECORD_NUMBER=3
+ true
+ sed -n -e 3p
+ cut -f1
+ 0< /prod/race/oem/tmp/mptr300_mptr299_raw_tesla_super.dat_ftplist.tmp
+ WORK_FTP_DIR_FILE_NAME=/prod/data/ftp/Business_Partners/mitchell/prod/oem/incoming/mptr299_raw_tesla_super.dat
+ [ -z /prod/data/ftp/Business_Partners/mitchell/prod/oem/incoming/mptr299_raw_tesla_super.dat ]
+ basename /prod/data/ftp/Business_Partners/mitchell/prod/oem/incoming/mptr299_raw_tesla_super.dat
+ WORK_FTP_XFR_FILE_NAME=mptr299_raw_tesla_super.dat
+ echo mptr299_raw_tesla_super.dat
+ sed '/.*/y/ABCDEFGHIJKLMNOPQRSTUVWXYZ/abcdefghijklmnopqrstuvwxyz/'
+ WORK_FTP_XFR_FILE_NAME_LOWER=mptr299_raw_tesla_super.dat
+ WORK_INP_FILE_NAME=mptr299_raw_tesla_super.dat
+ echo mptr299_raw_tesla_super.dat
+ sed '/.*/y/ABCDEFGHIJKLMNOPQRSTUVWXYZ/abcdefghijklmnopqrstuvwxyz/'
+ WORK_INP_FILE_NAME_LOWER=mptr299_raw_tesla_super.dat
+ [ mptr299_raw_tesla_super.dat '=' mptr299_raw_tesla_super.dat ]
+ INPUT_FILE_NAME=mptr299_raw_tesla_super.dat
+ export INPUT_FILE_NAME
+ break
+ [ GETIT '=' GETIT ]
+ [ mptr299_raw_tesla_super.dat '=' mptr299_raw_tesla_super.dat ]
+ FTP_XFR_FILE_NAME=/prod/race/oem/tmp/mptr300_mptr299_raw_tesla_super.dat
+ rm -f /prod/race/oem/tmp/mptr300_mptr299_raw_tesla_super.dat
+ echo '\nPreparing to scp file to /prod/race/oem/tmp/mptr300_mptr299_raw_tesla_super.dat\n'
\nPreparing to scp file to /prod/race/oem/tmp/mptr300_mptr299_raw_tesla_super.dat\n
+ scp race_b1@ftp-ssh.mitchell.com:/prod/data/ftp/Business_Partners/mitchell/prod/oem/incoming/mptr299_raw_tesla_super.dat /prod/race/oem/tmp/mptr300_mptr299_raw_tesla_super.dat
Warning: Permanently added 'ftp-ssh.mitchell.com' (ED25519) to the list of known hosts.

This system is for AUTHORIZED USERS ONLY.  
Individual use of this computer and/or network without authority, or in excess 
of your authority, is strictly prohibited.  Monitoring of transmissions or 
transactional information may be conducted to ensure the proper functioning 
and security of system resources.  Anyone using this system expressly consents 
to such monitoring and is advised that if such monitoring reveals possible 
criminal activity or policy violation, system personnel may provide evidence
of such monitoring to law enforcement or to other senior officials for 
disciplinary action.

+ [ ! -s /prod/race/oem/tmp/mptr300_mptr299_raw_tesla_super.dat ]
+ echo '\nInput file pulled from Mitchell FTP Site is good\n'
\nInput file pulled from Mitchell FTP Site is good\n
+ echo mptr299_raw_tesla_super.dat
+ awk -F . '{ print $NF }'
+ [[ dat = g01 ]]
+ echo mptr299_raw_tesla_super.dat
+ awk -F . '{ print $NF }'
+ FILE_SUFFIX=.dat
+ export FILE_SUFFIX
+ echo '\nFILE_SUFFIX: .dat\n'
\nFILE_SUFFIX: .dat\n
+ [[ .dat = .zip ]]
+ [[ .dat = .ZIP ]]
+ cp /prod/race/oem/tmp/mptr300_mptr299_raw_tesla_super.dat /prod/race/oem/dat/mptr300_araw_tes_us_super.dat
+ awk ' {print $1}'
+ wc -c /prod/race/oem/dat/mptr300_araw_tes_us_super.dat
+ RECCNT1=24030790
+ [ 24030790 '=' 0 ]
+ echo $'\\nCopied or gunzip\'d file /prod/race/oem/dat/mptr300_araw_tes_us_super.dat is good\\n'
\nCopied or gunzip'd file /prod/race/oem/dat/mptr300_araw_tes_us_super.dat is good\n
+ [ GETIT '=' BACKUP ]
+ expr 3 + 1
+ FILE_SEQUENCE=4
+ true
+ sed -n -e 4p
+ cut -f2 -d^
+ 0< /prod/race/oem/tmp/mptr300_oem_job_datafile.tmp
+ INPUT_FILE_NAME=''
+ export INPUT_FILE_NAME
+ [ -z '' ]
+ break
+ STEPNAME=Step020R
+ export STEPNAME
+ date '+%m/%d/%y %H:%M:%S'
+ echo '\n\n START ---> mptr300_oem_ref Step020R - ASCII Cleanup - ' 08/04/26 10:21:49 ' <--- START\n\n'
\n\n START ---> mptr300_oem_ref Step020R - ASCII Cleanup -  08/04/26 10:21:49  <--- START\n\n
+ oem_job_status_update.ksh R 'Step020R ASCII Cleanup'
+ FILE_SEQUENCE=1
+ export FILE_SEQUENCE
+ [ '' '=' Step020R ]
+ true
+ sed -n -e 1p
+ cut -f2 -d^
+ 0< /prod/race/oem/tmp/mptr300_oem_job_datafile.tmp
+ INPUT_FILE_NAME=mptr299_raw_tesla_price.dat
+ export INPUT_FILE_NAME
+ [ -z mptr299_raw_tesla_price.dat ]
+ sed -n -e 1p
+ cut -f3 -d^
+ 0< /prod/race/oem/tmp/mptr300_oem_job_datafile.tmp
+ XTAB_FILE_NAME=mptr300_xtab_oem_ref_mptr300_tes_price_raw.dat
+ export XTAB_FILE_NAME
+ sed -n -e 1p
+ cut -f4 -d^
+ 0< /prod/race/oem/tmp/mptr300_oem_job_datafile.tmp
+ XTAB_TABLE_NAME=xtab_oem_ref_mptr300_tes_price
+ export XTAB_TABLE_NAME
+ sed -n -e 1p
+ cut -f5 -d^
+ 0< /prod/race/oem/tmp/mptr300_oem_job_datafile.tmp
+ FTP_PROGRAM_NAME=''
+ export FTP_PROGRAM_NAME
+ sed -n -e 1p
+ cut -f6 -d^
+ 0< /prod/race/oem/tmp/mptr300_oem_job_datafile.tmp
+ FTP_LOCATION_CODE=N
+ export FTP_LOCATION_CODE
+ sed -n -e 1p
+ cut -f7 -d^
+ 0< /prod/race/oem/tmp/mptr300_oem_job_datafile.tmp
+ FORMAT_INDICATOR=A
+ export FORMAT_INDICATOR
+ sed -n -e 1p
+ cut -f8 -d^
+ 0< /prod/race/oem/tmp/mptr300_oem_job_datafile.tmp
+ SOURCE_FIELD_DELIMITER=,
+ export SOURCE_FIELD_DELIMITER
+ sed -n -e 1p
+ cut -f9 -d^
+ 0< /prod/race/oem/tmp/mptr300_oem_job_datafile.tmp
+ TARGET_FIELD_SIZE=''
+ export TARGET_FIELD_SIZE
+ sed -n -e 1p
+ cut -f10 -d^
+ 0< /prod/race/oem/tmp/mptr300_oem_job_datafile.tmp
+ BACKUP_SOURCE_FILE_NAME=mptr300_araw_tes_us_price.dat
+ export BACKUP_SOURCE_FILE_NAME
+ sed -n -e 1p
+ cut -f16 -d^
+ 0< /prod/race/oem/tmp/mptr300_oem_job_datafile.tmp
+ ENCODING_CHARSET=''
+ export ENCODING_CHARSET
+ STEP020_FILEIN=/prod/race/oem/dat/mptr300_araw_tes_us_price.dat
+ export STEP020_FILEIN
+ STEP020_FILEOUT=/prod/race/oem/tmp/mptr300_step020_tes_us_file_1.tmp
+ export STEP020_FILEOUT
+ STEP020_FILEIN_CONV=/prod/race/oem/dat/mptr300_araw_tes_us_conv.dat
+ export STEP020_FILEIN_CONV
+ STEP020_FILETMP=/prod/race/oem/tmp/mptr300_step020_tes_us_filetmp_1.tmp
+ export STEP020_FILETMP
+ echo '\n\n Input File:  /prod/race/oem/dat/mptr300_araw_tes_us_price.dat'
\n\n Input File:  /prod/race/oem/dat/mptr300_araw_tes_us_price.dat
+ echo '\n\n Output File: /prod/race/oem/tmp/mptr300_step020_tes_us_file_1.tmp'
\n\n Output File: /prod/race/oem/tmp/mptr300_step020_tes_us_file_1.tmp
+ [ A '=' A ]
+ [ ! -z '' ]
+ echo '\n\n Running ascii_cleanup.ksh /prod/race/oem/dat/mptr300_araw_tes_us_price.dat /prod/race/oem/tmp/mptr300_step020_tes_us_file_1.tmp /prod/race/oem/tmp/mptr300_step020_tes_us_filetmp_1.tmp'
\n\n Running ascii_cleanup.ksh /prod/race/oem/dat/mptr300_araw_tes_us_price.dat /prod/race/oem/tmp/mptr300_step020_tes_us_file_1.tmp /prod/race/oem/tmp/mptr300_step020_tes_us_filetmp_1.tmp
+ ascii_cleanup.ksh /prod/race/oem/dat/mptr300_araw_tes_us_price.dat /prod/race/oem/tmp/mptr300_step020_tes_us_file_1.tmp /prod/race/oem/tmp/mptr300_step020_tes_us_filetmp_1.tmp
: ascii_cleanup.ksh,v 1.5 2020/02/21 19:47:23 sg107540 Exp $
\n*-*-*-*-*-*-*-*-*-*-*-*-*-*-*-*-*-*-*-*-*-*-*-*-*-*-*-*-*-*-*-*-*-*-*-*-*-*-*-*-*-*-*
Starting ascii_cleanup.ksh\n
users@production.int = users@production.int
FILESIZE OK
\nExiting ascii_cleanup.ksh
*-*-*-*-*-*-*-*-*-*-*-*-*-*-*-*-*-*-*-*-*-*-*-*-*-*-*-*-*-*-*-*-*-*-*-*-*-*-*-*-*-*-*\n
+ expr 1 + 1
+ FILE_SEQUENCE=2
+ true
+ sed -n -e 2p
+ cut -f2 -d^
+ 0< /prod/race/oem/tmp/mptr300_oem_job_datafile.tmp
+ INPUT_FILE_NAME=mptr299_raw_tesla_catlg.dat
+ export INPUT_FILE_NAME
+ [ -z mptr299_raw_tesla_catlg.dat ]
+ sed -n -e 2p
+ cut -f3 -d^
+ 0< /prod/race/oem/tmp/mptr300_oem_job_datafile.tmp
+ XTAB_FILE_NAME=mptr300_xtab_oem_ref_mptr300_tes_catlg_raw.dat
+ export XTAB_FILE_NAME
+ sed -n -e 2p
+ cut -f4 -d^
+ 0< /prod/race/oem/tmp/mptr300_oem_job_datafile.tmp
+ XTAB_TABLE_NAME=xtab_oem_ref_mptr300_tes_catlg
+ export XTAB_TABLE_NAME
+ sed -n -e 2p
+ cut -f5 -d^
+ 0< /prod/race/oem/tmp/mptr300_oem_job_datafile.tmp
+ FTP_PROGRAM_NAME=''
+ export FTP_PROGRAM_NAME
+ sed -n -e 2p
+ cut -f6 -d^
+ 0< /prod/race/oem/tmp/mptr300_oem_job_datafile.tmp
+ FTP_LOCATION_CODE=N
+ export FTP_LOCATION_CODE
+ sed -n -e 2p
+ cut -f7 -d^
+ 0< /prod/race/oem/tmp/mptr300_oem_job_datafile.tmp
+ FORMAT_INDICATOR=A
+ export FORMAT_INDICATOR
+ sed -n -e 2p
+ cut -f8 -d^
+ 0< /prod/race/oem/tmp/mptr300_oem_job_datafile.tmp
+ SOURCE_FIELD_DELIMITER=,
+ export SOURCE_FIELD_DELIMITER
+ sed -n -e 2p
+ cut -f9 -d^
+ 0< /prod/race/oem/tmp/mptr300_oem_job_datafile.tmp
+ TARGET_FIELD_SIZE=''
+ export TARGET_FIELD_SIZE
+ sed -n -e 2p
+ cut -f10 -d^
+ 0< /prod/race/oem/tmp/mptr300_oem_job_datafile.tmp
+ BACKUP_SOURCE_FILE_NAME=mptr300_araw_tes_us_catlg.dat
+ export BACKUP_SOURCE_FILE_NAME
+ sed -n -e 2p
+ cut -f16 -d^
+ 0< /prod/race/oem/tmp/mptr300_oem_job_datafile.tmp
+ ENCODING_CHARSET=''
+ export ENCODING_CHARSET
+ STEP020_FILEIN=/prod/race/oem/dat/mptr300_araw_tes_us_catlg.dat
+ export STEP020_FILEIN
+ STEP020_FILEOUT=/prod/race/oem/tmp/mptr300_step020_tes_us_file_2.tmp
+ export STEP020_FILEOUT
+ STEP020_FILEIN_CONV=/prod/race/oem/dat/mptr300_araw_tes_us_conv.dat
+ export STEP020_FILEIN_CONV
+ STEP020_FILETMP=/prod/race/oem/tmp/mptr300_step020_tes_us_filetmp_2.tmp
+ export STEP020_FILETMP
+ echo '\n\n Input File:  /prod/race/oem/dat/mptr300_araw_tes_us_catlg.dat'
\n\n Input File:  /prod/race/oem/dat/mptr300_araw_tes_us_catlg.dat
+ echo '\n\n Output File: /prod/race/oem/tmp/mptr300_step020_tes_us_file_2.tmp'
\n\n Output File: /prod/race/oem/tmp/mptr300_step020_tes_us_file_2.tmp
+ [ A '=' A ]
+ [ ! -z '' ]
+ echo '\n\n Running ascii_cleanup.ksh /prod/race/oem/dat/mptr300_araw_tes_us_catlg.dat /prod/race/oem/tmp/mptr300_step020_tes_us_file_2.tmp /prod/race/oem/tmp/mptr300_step020_tes_us_filetmp_2.tmp'
\n\n Running ascii_cleanup.ksh /prod/race/oem/dat/mptr300_araw_tes_us_catlg.dat /prod/race/oem/tmp/mptr300_step020_tes_us_file_2.tmp /prod/race/oem/tmp/mptr300_step020_tes_us_filetmp_2.tmp
+ ascii_cleanup.ksh /prod/race/oem/dat/mptr300_araw_tes_us_catlg.dat /prod/race/oem/tmp/mptr300_step020_tes_us_file_2.tmp /prod/race/oem/tmp/mptr300_step020_tes_us_filetmp_2.tmp
: ascii_cleanup.ksh,v 1.5 2020/02/21 19:47:23 sg107540 Exp $
\n*-*-*-*-*-*-*-*-*-*-*-*-*-*-*-*-*-*-*-*-*-*-*-*-*-*-*-*-*-*-*-*-*-*-*-*-*-*-*-*-*-*-*
Starting ascii_cleanup.ksh\n
users@production.int = users@production.int
FILESIZE OK
\nExiting ascii_cleanup.ksh
*-*-*-*-*-*-*-*-*-*-*-*-*-*-*-*-*-*-*-*-*-*-*-*-*-*-*-*-*-*-*-*-*-*-*-*-*-*-*-*-*-*-*\n
+ expr 2 + 1
+ FILE_SEQUENCE=3
+ true
+ sed -n -e 3p
+ cut -f2 -d^
+ 0< /prod/race/oem/tmp/mptr300_oem_job_datafile.tmp
+ INPUT_FILE_NAME=mptr299_raw_tesla_super.dat
+ export INPUT_FILE_NAME
+ [ -z mptr299_raw_tesla_super.dat ]
+ sed -n -e 3p
+ cut -f3 -d^
+ 0< /prod/race/oem/tmp/mptr300_oem_job_datafile.tmp
+ XTAB_FILE_NAME=mptr300_xtab_oem_ref_mptr300_tes_super_raw.dat
+ export XTAB_FILE_NAME
+ sed -n -e 3p
+ cut -f4 -d^
+ 0< /prod/race/oem/tmp/mptr300_oem_job_datafile.tmp
+ XTAB_TABLE_NAME=xtab_oem_ref_mptr300_tes_super
+ export XTAB_TABLE_NAME
+ sed -n -e 3p
+ cut -f5 -d^
+ 0< /prod/race/oem/tmp/mptr300_oem_job_datafile.tmp
+ FTP_PROGRAM_NAME=''
+ export FTP_PROGRAM_NAME
+ sed -n -e 3p
+ cut -f6 -d^
+ 0< /prod/race/oem/tmp/mptr300_oem_job_datafile.tmp
+ FTP_LOCATION_CODE=N
+ export FTP_LOCATION_CODE
+ sed -n -e 3p
+ cut -f7 -d^
+ 0< /prod/race/oem/tmp/mptr300_oem_job_datafile.tmp
+ FORMAT_INDICATOR=A
+ export FORMAT_INDICATOR
+ sed -n -e 3p
+ cut -f8 -d^
+ 0< /prod/race/oem/tmp/mptr300_oem_job_datafile.tmp
+ SOURCE_FIELD_DELIMITER=,
+ export SOURCE_FIELD_DELIMITER
+ sed -n -e 3p
+ cut -f9 -d^
+ 0< /prod/race/oem/tmp/mptr300_oem_job_datafile.tmp
+ TARGET_FIELD_SIZE=''
+ export TARGET_FIELD_SIZE
+ sed -n -e 3p
+ cut -f10 -d^
+ 0< /prod/race/oem/tmp/mptr300_oem_job_datafile.tmp
+ BACKUP_SOURCE_FILE_NAME=mptr300_araw_tes_us_super.dat
+ export BACKUP_SOURCE_FILE_NAME
+ sed -n -e 3p
+ cut -f16 -d^
+ 0< /prod/race/oem/tmp/mptr300_oem_job_datafile.tmp
+ ENCODING_CHARSET=''
+ export ENCODING_CHARSET
+ STEP020_FILEIN=/prod/race/oem/dat/mptr300_araw_tes_us_super.dat
+ export STEP020_FILEIN
+ STEP020_FILEOUT=/prod/race/oem/tmp/mptr300_step020_tes_us_file_3.tmp
+ export STEP020_FILEOUT
+ STEP020_FILEIN_CONV=/prod/race/oem/dat/mptr300_araw_tes_us_conv.dat
+ export STEP020_FILEIN_CONV
+ STEP020_FILETMP=/prod/race/oem/tmp/mptr300_step020_tes_us_filetmp_3.tmp
+ export STEP020_FILETMP
+ echo '\n\n Input File:  /prod/race/oem/dat/mptr300_araw_tes_us_super.dat'
\n\n Input File:  /prod/race/oem/dat/mptr300_araw_tes_us_super.dat
+ echo '\n\n Output File: /prod/race/oem/tmp/mptr300_step020_tes_us_file_3.tmp'
\n\n Output File: /prod/race/oem/tmp/mptr300_step020_tes_us_file_3.tmp
+ [ A '=' A ]
+ [ ! -z '' ]
+ echo '\n\n Running ascii_cleanup.ksh /prod/race/oem/dat/mptr300_araw_tes_us_super.dat /prod/race/oem/tmp/mptr300_step020_tes_us_file_3.tmp /prod/race/oem/tmp/mptr300_step020_tes_us_filetmp_3.tmp'
\n\n Running ascii_cleanup.ksh /prod/race/oem/dat/mptr300_araw_tes_us_super.dat /prod/race/oem/tmp/mptr300_step020_tes_us_file_3.tmp /prod/race/oem/tmp/mptr300_step020_tes_us_filetmp_3.tmp
+ ascii_cleanup.ksh /prod/race/oem/dat/mptr300_araw_tes_us_super.dat /prod/race/oem/tmp/mptr300_step020_tes_us_file_3.tmp /prod/race/oem/tmp/mptr300_step020_tes_us_filetmp_3.tmp
: ascii_cleanup.ksh,v 1.5 2020/02/21 19:47:23 sg107540 Exp $
\n*-*-*-*-*-*-*-*-*-*-*-*-*-*-*-*-*-*-*-*-*-*-*-*-*-*-*-*-*-*-*-*-*-*-*-*-*-*-*-*-*-*-*
Starting ascii_cleanup.ksh\n
users@production.int = users@production.int
FILESIZE OK
\nExiting ascii_cleanup.ksh
*-*-*-*-*-*-*-*-*-*-*-*-*-*-*-*-*-*-*-*-*-*-*-*-*-*-*-*-*-*-*-*-*-*-*-*-*-*-*-*-*-*-*\n
+ expr 3 + 1
+ FILE_SEQUENCE=4
+ true
+ sed -n -e 4p
+ cut -f2 -d^
+ 0< /prod/race/oem/tmp/mptr300_oem_job_datafile.tmp
+ INPUT_FILE_NAME=''
+ export INPUT_FILE_NAME
+ [ -z '' ]
+ break
+ STEPNAME=Step030R
+ export STEPNAME
+ date '+%m/%d/%y %H:%M:%S'
+ echo '\n\nSTART ---> mptr300_oem_ref Step030R - delimit to fixed file conversion and xtab creation - ' 08/04/26 10:22:06 ' <--- START\n\n'
\n\nSTART ---> mptr300_oem_ref Step030R - delimit to fixed file conversion and xtab creation -  08/04/26 10:22:06  <--- START\n\n
+ oem_job_status_update.ksh R 'Step030R dlmt2fxd Process'
+ FILE_SEQUENCE=1
+ export FILE_SEQUENCE
+ [ '' '=' Step030R ]
+ true
+ sed -n -e 1p
+ cut -f2 -d^
+ 0< /prod/race/oem/tmp/mptr300_oem_job_datafile.tmp
+ INPUT_FILE_NAME=mptr299_raw_tesla_price.dat
+ export INPUT_FILE_NAME
+ [ -z mptr299_raw_tesla_price.dat ]
+ sed -n -e 1p
+ cut -f3 -d^
+ 0< /prod/race/oem/tmp/mptr300_oem_job_datafile.tmp
+ XTAB_FILE_NAME=mptr300_xtab_oem_ref_mptr300_tes_price_raw.dat
+ export XTAB_FILE_NAME
+ sed -n -e 1p
+ cut -f4 -d^
+ 0< /prod/race/oem/tmp/mptr300_oem_job_datafile.tmp
+ XTAB_TABLE_NAME=xtab_oem_ref_mptr300_tes_price
+ export XTAB_TABLE_NAME
+ sed -n -e 1p
+ cut -f5 -d^
+ 0< /prod/race/oem/tmp/mptr300_oem_job_datafile.tmp
+ FTP_PROGRAM_NAME=''
+ export FTP_PROGRAM_NAME
+ sed -n -e 1p
+ cut -f6 -d^
+ 0< /prod/race/oem/tmp/mptr300_oem_job_datafile.tmp
+ FTP_LOCATION_CODE=N
+ export FTP_LOCATION_CODE
+ sed -n -e 1p
+ cut -f7 -d^
+ 0< /prod/race/oem/tmp/mptr300_oem_job_datafile.tmp
+ FORMAT_INDICATOR=A
+ export FORMAT_INDICATOR
+ sed -n -e 1p
+ cut -f8 -d^
+ 0< /prod/race/oem/tmp/mptr300_oem_job_datafile.tmp
+ SOURCE_FIELD_DELIMITER=,
+ export SOURCE_FIELD_DELIMITER
+ sed -n -e 1p
+ cut -f9 -d^
+ 0< /prod/race/oem/tmp/mptr300_oem_job_datafile.tmp
+ TARGET_FIELD_SIZE=''
+ export TARGET_FIELD_SIZE
+ sed -n -e 1p
+ cut -f10 -d^
+ 0< /prod/race/oem/tmp/mptr300_oem_job_datafile.tmp
+ BACKUP_SOURCE_FILE_NAME=mptr300_araw_tes_us_price.dat
+ export BACKUP_SOURCE_FILE_NAME
+ sed -n -e 1p
+ cut -f11 -d^
+ 0< /prod/race/oem/tmp/mptr300_oem_job_datafile.tmp
+ FTP_SOURCE_FILE_NAME=''
+ export FTP_SOURCE_FILE_NAME
+ eval FTP_SOURCE_FILE_NAME=
+ FTP_SOURCE_FILE_NAME=''
+ sed -n -e 1p
+ cut -f12 -d^
+ 0< /prod/race/oem/tmp/mptr300_oem_job_datafile.tmp
+ SOURCE_FILE_UPDATE_FREQUENCY=1
+ export SOURCE_FILE_UPDATE_FREQUENCY
+ sed -n -e 1p
+ cut -f13 -d^
+ 0< /prod/race/oem/tmp/mptr300_oem_job_datafile.tmp
+ SOURCE_FILE_UPDATE_DATE=07/20/2026
+ export SOURCE_FILE_UPDATE_DATE
+ sed -n -e 1p
+ cut -f14 -d^
+ 0< /prod/race/oem/tmp/mptr300_oem_job_datafile.tmp
+ FTP_PARM_FILE_NAME=''
+ export FTP_PARM_FILE_NAME
+ STEP030_FILEIN=/prod/race/oem/tmp/mptr300_step020_tes_us_file_1.tmp
+ export STEP030_FILEIN
+ STEP030_FILEOUT=/prod/race/oem/dat/mptr300_xtab_oem_ref_mptr300_tes_price_raw.dat
+ export STEP030_FILEOUT
+ STEP030_PREVRAW=/prod/race/oem/dat/mptr300_xtab_oem_ref_mptr300_tes_price_raw.dat_prevraw.dat
+ export STEP030_PREVRAW
+ echo $'\\n\\n Create previous raw from last run\'s raw.dat file'
\n\n Create previous raw from last run's raw.dat file
+ [ -f /prod/race/oem/dat/mptr300_xtab_oem_ref_mptr300_tes_price_raw.dat ]
+ cp -p /prod/race/oem/dat/mptr300_xtab_oem_ref_mptr300_tes_price_raw.dat /prod/race/oem/dat/mptr300_xtab_oem_ref_mptr300_tes_price_raw.dat_prevraw.dat
+ echo '\n\n Input File:  /prod/race/oem/tmp/mptr300_step020_tes_us_file_1.tmp'
\n\n Input File:  /prod/race/oem/tmp/mptr300_step020_tes_us_file_1.tmp
+ echo '\n\n Output File: /prod/race/oem/dat/mptr300_xtab_oem_ref_mptr300_tes_price_raw.dat'
\n\n Output File: /prod/race/oem/dat/mptr300_xtab_oem_ref_mptr300_tes_price_raw.dat
+ [ ! -z '' ]
+ echo 'Copy input file to output file to create new xtab dat.'
Copy input file to output file to create new xtab dat.
+ cp /prod/race/oem/tmp/mptr300_step020_tes_us_file_1.tmp /prod/race/oem/dat/mptr300_xtab_oem_ref_mptr300_tes_price_raw.dat
+ DIFF_FILE=/prod/race/oem/tmp/mptr300_step030_tesus.diff
+ echo '\n\n'
\n\n
+ echo 'Current  Input File: /prod/race/oem/dat/mptr300_xtab_oem_ref_mptr300_tes_price_raw.dat'
Current  Input File: /prod/race/oem/dat/mptr300_xtab_oem_ref_mptr300_tes_price_raw.dat
+ echo 'Previous Input File: /prod/race/oem/dat/mptr300_xtab_oem_ref_mptr300_tes_price_raw.dat_prevraw.dat'
Previous Input File: /prod/race/oem/dat/mptr300_xtab_oem_ref_mptr300_tes_price_raw.dat_prevraw.dat
+ [ -f /prod/race/oem/dat/mptr300_xtab_oem_ref_mptr300_tes_price_raw.dat_prevraw.dat ]
+ trap - err
+ diff /prod/race/oem/dat/mptr300_xtab_oem_ref_mptr300_tes_price_raw.dat_prevraw.dat /prod/race/oem/dat/mptr300_xtab_oem_ref_mptr300_tes_price_raw.dat
+ 1> /prod/race/oem/tmp/mptr300_step030_tesus.diff
+ [ ! -s /prod/race/oem/tmp/mptr300_step030_tesus.diff ]
+ echo 'Update source_file_update_date'
Update source_file_update_date
+ sqlplus -s
+ 0<< \%
racejob/q1w2e3r4
SET ECHO ON;
SET FEEDBACK OFF;
SET VERIFY ON;
SET LINESIZE 80;
SET SERVEROUTPUT ON;
whenever sqlerror exit sql.sqlcode
    exec pkg_oem_job_datafile.p_oem_job_datafile_upd_01(p_reformat_job  => 'mptr300',                                                               p_file_sequence => '1',                                                         p_log_directory => 'RACE_OEM_LOG_DIR',                                                            p_log_filename  => 'mptr300_20260804102052.log');
QUIT;
%
2>& 1
+ trap 'oem_abndalrt.ksh $?' err
+ expr 1 + 1
+ FILE_SEQUENCE=2
+ true
+ sed -n -e 2p
+ cut -f2 -d^
+ 0< /prod/race/oem/tmp/mptr300_oem_job_datafile.tmp
+ INPUT_FILE_NAME=mptr299_raw_tesla_catlg.dat
+ export INPUT_FILE_NAME
+ [ -z mptr299_raw_tesla_catlg.dat ]
+ sed -n -e 2p
+ cut -f3 -d^
+ 0< /prod/race/oem/tmp/mptr300_oem_job_datafile.tmp
+ XTAB_FILE_NAME=mptr300_xtab_oem_ref_mptr300_tes_catlg_raw.dat
+ export XTAB_FILE_NAME
+ sed -n -e 2p
+ cut -f4 -d^
+ 0< /prod/race/oem/tmp/mptr300_oem_job_datafile.tmp
+ XTAB_TABLE_NAME=xtab_oem_ref_mptr300_tes_catlg
+ export XTAB_TABLE_NAME
+ sed -n -e 2p
+ cut -f5 -d^
+ 0< /prod/race/oem/tmp/mptr300_oem_job_datafile.tmp
+ FTP_PROGRAM_NAME=''
+ export FTP_PROGRAM_NAME
+ sed -n -e 2p
+ cut -f6 -d^
+ 0< /prod/race/oem/tmp/mptr300_oem_job_datafile.tmp
+ FTP_LOCATION_CODE=N
+ export FTP_LOCATION_CODE
+ sed -n -e 2p
+ cut -f7 -d^
+ 0< /prod/race/oem/tmp/mptr300_oem_job_datafile.tmp
+ FORMAT_INDICATOR=A
+ export FORMAT_INDICATOR
+ sed -n -e 2p
+ cut -f8 -d^
+ 0< /prod/race/oem/tmp/mptr300_oem_job_datafile.tmp
+ SOURCE_FIELD_DELIMITER=,
+ export SOURCE_FIELD_DELIMITER
+ sed -n -e 2p
+ cut -f9 -d^
+ 0< /prod/race/oem/tmp/mptr300_oem_job_datafile.tmp
+ TARGET_FIELD_SIZE=''
+ export TARGET_FIELD_SIZE
+ sed -n -e 2p
+ cut -f10 -d^
+ 0< /prod/race/oem/tmp/mptr300_oem_job_datafile.tmp
+ BACKUP_SOURCE_FILE_NAME=mptr300_araw_tes_us_catlg.dat
+ export BACKUP_SOURCE_FILE_NAME
+ sed -n -e 2p
+ cut -f11 -d^
+ 0< /prod/race/oem/tmp/mptr300_oem_job_datafile.tmp
+ FTP_SOURCE_FILE_NAME=''
+ export FTP_SOURCE_FILE_NAME
+ eval FTP_SOURCE_FILE_NAME=
+ FTP_SOURCE_FILE_NAME=''
+ sed -n -e 2p
+ cut -f12 -d^
+ 0< /prod/race/oem/tmp/mptr300_oem_job_datafile.tmp
+ SOURCE_FILE_UPDATE_FREQUENCY=1
+ export SOURCE_FILE_UPDATE_FREQUENCY
+ sed -n -e 2p
+ cut -f13 -d^
+ 0< /prod/race/oem/tmp/mptr300_oem_job_datafile.tmp
+ SOURCE_FILE_UPDATE_DATE=07/20/2026
+ export SOURCE_FILE_UPDATE_DATE
+ sed -n -e 2p
+ cut -f14 -d^
+ 0< /prod/race/oem/tmp/mptr300_oem_job_datafile.tmp
+ FTP_PARM_FILE_NAME=''
+ export FTP_PARM_FILE_NAME
+ STEP030_FILEIN=/prod/race/oem/tmp/mptr300_step020_tes_us_file_2.tmp
+ export STEP030_FILEIN
+ STEP030_FILEOUT=/prod/race/oem/dat/mptr300_xtab_oem_ref_mptr300_tes_catlg_raw.dat
+ export STEP030_FILEOUT
+ STEP030_PREVRAW=/prod/race/oem/dat/mptr300_xtab_oem_ref_mptr300_tes_catlg_raw.dat_prevraw.dat
+ export STEP030_PREVRAW
+ echo $'\\n\\n Create previous raw from last run\'s raw.dat file'
\n\n Create previous raw from last run's raw.dat file
+ [ -f /prod/race/oem/dat/mptr300_xtab_oem_ref_mptr300_tes_catlg_raw.dat ]
+ cp -p /prod/race/oem/dat/mptr300_xtab_oem_ref_mptr300_tes_catlg_raw.dat /prod/race/oem/dat/mptr300_xtab_oem_ref_mptr300_tes_catlg_raw.dat_prevraw.dat
+ echo '\n\n Input File:  /prod/race/oem/tmp/mptr300_step020_tes_us_file_2.tmp'
\n\n Input File:  /prod/race/oem/tmp/mptr300_step020_tes_us_file_2.tmp
+ echo '\n\n Output File: /prod/race/oem/dat/mptr300_xtab_oem_ref_mptr300_tes_catlg_raw.dat'
\n\n Output File: /prod/race/oem/dat/mptr300_xtab_oem_ref_mptr300_tes_catlg_raw.dat
+ [ ! -z '' ]
+ echo 'Copy input file to output file to create new xtab dat.'
Copy input file to output file to create new xtab dat.
+ cp /prod/race/oem/tmp/mptr300_step020_tes_us_file_2.tmp /prod/race/oem/dat/mptr300_xtab_oem_ref_mptr300_tes_catlg_raw.dat
+ DIFF_FILE=/prod/race/oem/tmp/mptr300_step030_tesus.diff
+ echo '\n\n'
\n\n
+ echo 'Current  Input File: /prod/race/oem/dat/mptr300_xtab_oem_ref_mptr300_tes_catlg_raw.dat'
Current  Input File: /prod/race/oem/dat/mptr300_xtab_oem_ref_mptr300_tes_catlg_raw.dat
+ echo 'Previous Input File: /prod/race/oem/dat/mptr300_xtab_oem_ref_mptr300_tes_catlg_raw.dat_prevraw.dat'
Previous Input File: /prod/race/oem/dat/mptr300_xtab_oem_ref_mptr300_tes_catlg_raw.dat_prevraw.dat
+ [ -f /prod/race/oem/dat/mptr300_xtab_oem_ref_mptr300_tes_catlg_raw.dat_prevraw.dat ]
+ trap - err
+ diff /prod/race/oem/dat/mptr300_xtab_oem_ref_mptr300_tes_catlg_raw.dat_prevraw.dat /prod/race/oem/dat/mptr300_xtab_oem_ref_mptr300_tes_catlg_raw.dat
+ 1> /prod/race/oem/tmp/mptr300_step030_tesus.diff
+ [ ! -s /prod/race/oem/tmp/mptr300_step030_tesus.diff ]
+ echo 'Update source_file_update_date'
Update source_file_update_date
+ sqlplus -s
+ 0<< \%
racejob/q1w2e3r4
SET ECHO ON;
SET FEEDBACK OFF;
SET VERIFY ON;
SET LINESIZE 80;
SET SERVEROUTPUT ON;
whenever sqlerror exit sql.sqlcode
    exec pkg_oem_job_datafile.p_oem_job_datafile_upd_01(p_reformat_job  => 'mptr300',                                                               p_file_sequence => '2',                                                         p_log_directory => 'RACE_OEM_LOG_DIR',                                                            p_log_filename  => 'mptr300_20260804102052.log');
QUIT;
%
2>& 1
+ trap 'oem_abndalrt.ksh $?' err
+ expr 2 + 1
+ FILE_SEQUENCE=3
+ true
+ sed -n -e 3p
+ cut -f2 -d^
+ 0< /prod/race/oem/tmp/mptr300_oem_job_datafile.tmp
+ INPUT_FILE_NAME=mptr299_raw_tesla_super.dat
+ export INPUT_FILE_NAME
+ [ -z mptr299_raw_tesla_super.dat ]
+ sed -n -e 3p
+ cut -f3 -d^
+ 0< /prod/race/oem/tmp/mptr300_oem_job_datafile.tmp
+ XTAB_FILE_NAME=mptr300_xtab_oem_ref_mptr300_tes_super_raw.dat
+ export XTAB_FILE_NAME
+ sed -n -e 3p
+ cut -f4 -d^
+ 0< /prod/race/oem/tmp/mptr300_oem_job_datafile.tmp
+ XTAB_TABLE_NAME=xtab_oem_ref_mptr300_tes_super
+ export XTAB_TABLE_NAME
+ sed -n -e 3p
+ cut -f5 -d^
+ 0< /prod/race/oem/tmp/mptr300_oem_job_datafile.tmp
+ FTP_PROGRAM_NAME=''
+ export FTP_PROGRAM_NAME
+ sed -n -e 3p
+ cut -f6 -d^
+ 0< /prod/race/oem/tmp/mptr300_oem_job_datafile.tmp
+ FTP_LOCATION_CODE=N
+ export FTP_LOCATION_CODE
+ sed -n -e 3p
+ cut -f7 -d^
+ 0< /prod/race/oem/tmp/mptr300_oem_job_datafile.tmp
+ FORMAT_INDICATOR=A
+ export FORMAT_INDICATOR
+ sed -n -e 3p
+ cut -f8 -d^
+ 0< /prod/race/oem/tmp/mptr300_oem_job_datafile.tmp
+ SOURCE_FIELD_DELIMITER=,
+ export SOURCE_FIELD_DELIMITER
+ sed -n -e 3p
+ cut -f9 -d^
+ 0< /prod/race/oem/tmp/mptr300_oem_job_datafile.tmp
+ TARGET_FIELD_SIZE=''
+ export TARGET_FIELD_SIZE
+ sed -n -e 3p
+ cut -f10 -d^
+ 0< /prod/race/oem/tmp/mptr300_oem_job_datafile.tmp
+ BACKUP_SOURCE_FILE_NAME=mptr300_araw_tes_us_super.dat
+ export BACKUP_SOURCE_FILE_NAME
+ sed -n -e 3p
+ cut -f11 -d^
+ 0< /prod/race/oem/tmp/mptr300_oem_job_datafile.tmp
+ FTP_SOURCE_FILE_NAME=''
+ export FTP_SOURCE_FILE_NAME
+ eval FTP_SOURCE_FILE_NAME=
+ FTP_SOURCE_FILE_NAME=''
+ sed -n -e 3p
+ cut -f12 -d^
+ 0< /prod/race/oem/tmp/mptr300_oem_job_datafile.tmp
+ SOURCE_FILE_UPDATE_FREQUENCY=1
+ export SOURCE_FILE_UPDATE_FREQUENCY
+ sed -n -e 3p
+ cut -f13 -d^
+ 0< /prod/race/oem/tmp/mptr300_oem_job_datafile.tmp
+ SOURCE_FILE_UPDATE_DATE=07/20/2026
+ export SOURCE_FILE_UPDATE_DATE
+ sed -n -e 3p
+ cut -f14 -d^
+ 0< /prod/race/oem/tmp/mptr300_oem_job_datafile.tmp
+ FTP_PARM_FILE_NAME=''
+ export FTP_PARM_FILE_NAME
+ STEP030_FILEIN=/prod/race/oem/tmp/mptr300_step020_tes_us_file_3.tmp
+ export STEP030_FILEIN
+ STEP030_FILEOUT=/prod/race/oem/dat/mptr300_xtab_oem_ref_mptr300_tes_super_raw.dat
+ export STEP030_FILEOUT
+ STEP030_PREVRAW=/prod/race/oem/dat/mptr300_xtab_oem_ref_mptr300_tes_super_raw.dat_prevraw.dat
+ export STEP030_PREVRAW
+ echo $'\\n\\n Create previous raw from last run\'s raw.dat file'
\n\n Create previous raw from last run's raw.dat file
+ [ -f /prod/race/oem/dat/mptr300_xtab_oem_ref_mptr300_tes_super_raw.dat ]
+ cp -p /prod/race/oem/dat/mptr300_xtab_oem_ref_mptr300_tes_super_raw.dat /prod/race/oem/dat/mptr300_xtab_oem_ref_mptr300_tes_super_raw.dat_prevraw.dat
+ echo '\n\n Input File:  /prod/race/oem/tmp/mptr300_step020_tes_us_file_3.tmp'
\n\n Input File:  /prod/race/oem/tmp/mptr300_step020_tes_us_file_3.tmp
+ echo '\n\n Output File: /prod/race/oem/dat/mptr300_xtab_oem_ref_mptr300_tes_super_raw.dat'
\n\n Output File: /prod/race/oem/dat/mptr300_xtab_oem_ref_mptr300_tes_super_raw.dat
+ [ ! -z '' ]
+ echo 'Copy input file to output file to create new xtab dat.'
Copy input file to output file to create new xtab dat.
+ cp /prod/race/oem/tmp/mptr300_step020_tes_us_file_3.tmp /prod/race/oem/dat/mptr300_xtab_oem_ref_mptr300_tes_super_raw.dat
+ DIFF_FILE=/prod/race/oem/tmp/mptr300_step030_tesus.diff
+ echo '\n\n'
\n\n
+ echo 'Current  Input File: /prod/race/oem/dat/mptr300_xtab_oem_ref_mptr300_tes_super_raw.dat'
Current  Input File: /prod/race/oem/dat/mptr300_xtab_oem_ref_mptr300_tes_super_raw.dat
+ echo 'Previous Input File: /prod/race/oem/dat/mptr300_xtab_oem_ref_mptr300_tes_super_raw.dat_prevraw.dat'
Previous Input File: /prod/race/oem/dat/mptr300_xtab_oem_ref_mptr300_tes_super_raw.dat_prevraw.dat
+ [ -f /prod/race/oem/dat/mptr300_xtab_oem_ref_mptr300_tes_super_raw.dat_prevraw.dat ]
+ trap - err
+ diff /prod/race/oem/dat/mptr300_xtab_oem_ref_mptr300_tes_super_raw.dat_prevraw.dat /prod/race/oem/dat/mptr300_xtab_oem_ref_mptr300_tes_super_raw.dat
+ 1> /prod/race/oem/tmp/mptr300_step030_tesus.diff
+ [ ! -s /prod/race/oem/tmp/mptr300_step030_tesus.diff ]
+ echo 'Update source_file_update_date'
Update source_file_update_date
+ sqlplus -s
+ 0<< \%
racejob/q1w2e3r4
SET ECHO ON;
SET FEEDBACK OFF;
SET VERIFY ON;
SET LINESIZE 80;
SET SERVEROUTPUT ON;
whenever sqlerror exit sql.sqlcode
    exec pkg_oem_job_datafile.p_oem_job_datafile_upd_01(p_reformat_job  => 'mptr300',                                                               p_file_sequence => '3',                                                         p_log_directory => 'RACE_OEM_LOG_DIR',                                                            p_log_filename  => 'mptr300_20260804102052.log');
QUIT;
%
2>& 1
+ trap 'oem_abndalrt.ksh $?' err
+ expr 3 + 1
+ FILE_SEQUENCE=4
+ true
+ sed -n -e 4p
+ cut -f2 -d^
+ 0< /prod/race/oem/tmp/mptr300_oem_job_datafile.tmp
+ INPUT_FILE_NAME=''
+ export INPUT_FILE_NAME
+ [ -z '' ]
+ break
+ STEPNAME=Step040R
+ export STEPNAME
+ date '+%m/%d/%y %H:%M:%S'
+ echo '\n\nSTART ---> mptr300_oem_ref Step040R - Check for Preprocess Script - ' 08/04/26 10:24:05 ' <--- START\n\n'
\n\nSTART ---> mptr300_oem_ref Step040R - Check for Preprocess Script -  08/04/26 10:24:05  <--- START\n\n
+ oem_job_status_update.ksh R 'Step040R Check for Preprocess Script'
+ [ -z '' ]
+ break
+ STEPNAME=Step049R
+ export STEPNAME
+ date '+%m/%d/%y %H:%M:%S'
+ echo '\n\nSTART ---> mptr300_oem_ref Step049R - Price Format Checker - ' 08/04/26 10:24:05 ' <--- START\n\n'
\n\nSTART ---> mptr300_oem_ref Step049R - Price Format Checker -  08/04/26 10:24:05  <--- START\n\n
+ oem_job_status_update.ksh R 'Step049R p_oem_ref_price_check'
+ sqlplus -s
+ 0<< \%
racejob/q1w2e3r4
SET ECHO ON;
SET FEEDBACK OFF;
SET VERIFY ON;
SET LINESIZE 80;
SET SERVEROUTPUT ON;
whenever sqlerror exit sql.sqlcode
    exec pkg_oem_ref_price_check.p_main_price_check(p_reformat_job       => 'mptr300',                                                          p_log_directory      => 'RACE_OEM_LOG_DIR',                                                           p_log_filename       => 'mptr300_20260804102052.log',                                                              p_debug_level        => '0',                                                     p_dbms_profiler_flag => 'N');
QUIT;
%
2>& 1
+ STEPNAME=Step050R
+ export STEPNAME
+ date '+%m/%d/%y %H:%M:%S'
+ echo '\n\nSTART ---> mptr300_oem_ref Step050R - 1st reformat - ' 08/04/26 10:24:06 ' <--- START\n\n'
\n\nSTART ---> mptr300_oem_ref Step050R - 1st reformat -  08/04/26 10:24:06  <--- START\n\n
+ oem_job_status_update.ksh R 'Step050R pkg_oem_ref_047'
+ TRANS_FILE=mptr300_step050_transout.tmp
+ RTRANS_FILE=mptr300_step050_rtransout.tmp
+ date +%C%y%m%d%H%M%S
+ REPORT_FILE=mptr300a_reftesus_20260804102406.rpt
+ rm -f '/prod/race/oem/tmp/mptr300_xtab_oem_ref_*.bad'
+ rm -f '/prod/race/oem/tmp/mptr300_xtab_oem_ref_*.dis'
+ rm -f '/prod/race/oem/tmp/mptr300_xtab_oem_ref_*.log'
+ sqlplus -s
+ 0<< \%
racejob/q1w2e3r4
SET ECHO ON;
SET FEEDBACK OFF;
SET VERIFY ON;
SET LINESIZE 80;
SET SERVEROUTPUT ON;
whenever sqlerror exit sql.sqlcode
    exec pkg_oem_ref_047.p_main_reformat_records(p_reformat_job       => 'mptr300',                                                         p_log_directory      => 'RACE_OEM_LOG_DIR',                                                          p_log_filename       => 'mptr300_20260804102052.log',                                                             p_trans_directory    => 'RACE_OEM_TMP_DIR',                                                          p_trans_filename     => 'mptr300_step050_transout.tmp',                                                          p_rtrans_directory   => 'RACE_OEM_TMP_DIR',                                                          p_rtrans_filename    => 'mptr300_step050_rtransout.tmp',                                                         p_report_directory   => 'RACE_OEM_RPT_DIR',                                                          p_report_filename    => 'mptr300a_reftesus_20260804102406.rpt',                                                         p_debug_level        => '0',                                                    p_dbms_profiler_flag => 'N');
QUIT;
%
2>& 1
+ STEPNAME=Step051R
+ export STEPNAME
+ date '+%m/%d/%y %H:%M:%S'
+ echo '\n\nSTART ---> mptr300_oem_ref Step051R - Report Distribution - ' 08/04/26 10:25:24 ' <--- START\n\n'
\n\nSTART ---> mptr300_oem_ref Step051R - Report Distribution -  08/04/26 10:25:24  <--- START\n\n
+ oem_job_status_update.ksh R 'Step051R Report Distribution'
+ email_rpt.ksh mptr300a
RCS : email_rpt.ksh,v 1.7 2021/11/02 19:13:13 pg2697 Exp $
LATEST REPORT TO BE EMAILED: mptr300a_reftesus_20260804102406.txt from /prod/race/oem/tmp.
+ rpt_log_retention.ksh mptr300a
\n Begin rpt_log_retention.ksh \n
Processing REPORTID=mptr300a
oldest file removed: /prod/race/oem/rpt/mptr300a_reftesus_20260720123936.rpt (due to retention)
\n End rpt_log_retention.ksh
+ STEPNAME=Step055R
+ export STEPNAME
+ date '+%m/%d/%y %H:%M:%S'
+ echo '\n\nSTART ---> mptr300_oem_ref Step055R - 2nd reformat, if needed - ' 08/04/26 10:25:26 ' <--- START\n\n'
\n\nSTART ---> mptr300_oem_ref Step055R - 2nd reformat, if needed -  08/04/26 10:25:26  <--- START\n\n
+ oem_job_status_update.ksh R 'Step055R '
+ [ ! -z '' ]
+ STEPNAME=Step060R
+ export STEPNAME
+ date '+%m/%d/%y %H:%M:%S'
+ echo '\n\nSTART ---> mptr300_oem_ref Step060R - XTAB Bad File Checker' 08/04/26 10:25:26 ' <--- START\n\n'
\n\nSTART ---> mptr300_oem_ref Step060R - XTAB Bad File Checker 08/04/26 10:25:26  <--- START\n\n
+ FILE_OF_XTABNAME=mptr300_xtabname.tmp
+ sqlplus -s
+ 0<< \%
racejob/q1w2e3r4
SET VERIFY OFF
SET FEEDBACK OFF
SET TAB OFF
SET LINESIZE 100
SET PAGES 0
SET TRIMSPOOL ON
whenever sqlerror exit sql.sqlcode
    exec pkg_oem_job_datafile.p_oem_job_datafile_sel_02(p_reformat_job  => 'mptr300',                                                              p_tmp_directory => 'RACE_OEM_TMP_DIR',                                                               p_tmp_filename  => 'mptr300_xtabname.tmp',                                                         p_log_directory => 'RACE_OEM_LOG_DIR',                                                               p_log_filename  => 'mptr300_20260804102052.log');
QUIT;
%
2>& 1
+ XTABNAME_FILE_ROW=1
+ export XTABNAME_FILE_ROW
+ true
                                            + sed -n -e 1p
+ cut -f1 -d^
+ 0< /prod/race/oem/tmp/mptr300_xtabname.tmp
+ XTABNAME=xtab_oem_ref_mptr300_tes_catlg
+ export XTABNAME
+ [ -z xtab_oem_ref_mptr300_tes_catlg ]
+ BADFILE_NAME=/prod/race/oem/tmp/mptr300_xtab_oem_ref_mptr300_tes_catlg.bad
+ [ -s /prod/race/oem/tmp/mptr300_xtab_oem_ref_mptr300_tes_catlg.bad ]
+ expr 1 + 1
+ XTABNAME_FILE_ROW=2
+ true
+ sed -n -e 2p
+ cut -f1 -d^
+ 0< /prod/race/oem/tmp/mptr300_xtabname.tmp
+ XTABNAME=xtab_oem_ref_mptr300_tes_super
+ export XTABNAME
+ [ -z xtab_oem_ref_mptr300_tes_super ]
+ BADFILE_NAME=/prod/race/oem/tmp/mptr300_xtab_oem_ref_mptr300_tes_super.bad
+ [ -s /prod/race/oem/tmp/mptr300_xtab_oem_ref_mptr300_tes_super.bad ]
+ expr 2 + 1
+ XTABNAME_FILE_ROW=3
+ true
+ sed -n -e 3p
+ cut -f1 -d^
+ 0< /prod/race/oem/tmp/mptr300_xtabname.tmp
+ XTABNAME=xtab_oem_ref_mptr300_tes_price
+ export XTABNAME
+ [ -z xtab_oem_ref_mptr300_tes_price ]
+ BADFILE_NAME=/prod/race/oem/tmp/mptr300_xtab_oem_ref_mptr300_tes_price.bad
+ [ -s /prod/race/oem/tmp/mptr300_xtab_oem_ref_mptr300_tes_price.bad ]
+ expr 3 + 1
+ XTABNAME_FILE_ROW=4
+ true
+ sed -n -e 4p
+ cut -f1 -d^
+ 0< /prod/race/oem/tmp/mptr300_xtabname.tmp
+ XTABNAME=''
+ export XTABNAME
+ [ -z '' ]
+ break
+ STEPNAME=Step100R
+ export STEPNAME
+ date '+%m/%d/%y %H:%M:%S'
+ echo '\n\nSTART ---> mptr300_oem_ref Step100R - Create XTAB backup(s) - ' 08/04/26 10:25:26 ' <--- START\n\n'
\n\nSTART ---> mptr300_oem_ref Step100R - Create XTAB backup(s) -  08/04/26 10:25:26  <--- START\n\n
+ oem_job_status_update.ksh R 'Step100R Backup External Table Flat Files'
+ FILE_SEQUENCE=1
+ export FILE_SEQUENCE
+ [ '' '=' Step100R ]
+ true
+ sed -n -e 1p
+ cut -f2 -d^
+ 0< /prod/race/oem/tmp/mptr300_oem_job_datafile.tmp
+ INPUT_FILE_NAME=mptr299_raw_tesla_price.dat
+ export INPUT_FILE_NAME
+ [ -z mptr299_raw_tesla_price.dat ]
+ sed -n -e 1p
+ cut -f3 -d^
+ 0< /prod/race/oem/tmp/mptr300_oem_job_datafile.tmp
+ XTAB_FILE_NAME=mptr300_xtab_oem_ref_mptr300_tes_price_raw.dat
+ export XTAB_FILE_NAME
+ sed -n -e 1p
+ cut -f4 -d^
+ 0< /prod/race/oem/tmp/mptr300_oem_job_datafile.tmp
+ XTAB_TABLE_NAME=xtab_oem_ref_mptr300_tes_price
+ export XTAB_TABLE_NAME
+ sed -n -e 1p
+ cut -f5 -d^
+ 0< /prod/race/oem/tmp/mptr300_oem_job_datafile.tmp
+ FTP_PROGRAM_NAME=''
+ export FTP_PROGRAM_NAME
+ sed -n -e 1p
+ cut -f6 -d^
+ 0< /prod/race/oem/tmp/mptr300_oem_job_datafile.tmp
+ FTP_LOCATION_CODE=N
+ export FTP_LOCATION_CODE
+ sed -n -e 1p
+ cut -f7 -d^
+ 0< /prod/race/oem/tmp/mptr300_oem_job_datafile.tmp
+ FORMAT_INDICATOR=A
+ export FORMAT_INDICATOR
+ sed -n -e 1p
+ cut -f8 -d^
+ 0< /prod/race/oem/tmp/mptr300_oem_job_datafile.tmp
+ SOURCE_FIELD_DELIMITER=,
+ export SOURCE_FIELD_DELIMITER
+ sed -n -e 1p
+ cut -f9 -d^
+ 0< /prod/race/oem/tmp/mptr300_oem_job_datafile.tmp
+ TARGET_FIELD_SIZE=''
+ export TARGET_FIELD_SIZE
+ sed -n -e 1p
+ cut -f10 -d^
+ 0< /prod/race/oem/tmp/mptr300_oem_job_datafile.tmp
+ BACKUP_SOURCE_FILE_NAME=mptr300_araw_tes_us_price.dat
+ export BACKUP_SOURCE_FILE_NAME
+ sed -n -e 1p
+ cut -f11 -d^
+ 0< /prod/race/oem/tmp/mptr300_oem_job_datafile.tmp
+ FTP_SOURCE_FILE_NAME=''
+ export FTP_SOURCE_FILE_NAME
+ eval FTP_SOURCE_FILE_NAME=
+ FTP_SOURCE_FILE_NAME=''
+ sed -n -e 1p
+ cut -f14 -d^
+ 0< /prod/race/oem/tmp/mptr300_oem_job_datafile.tmp
+ FTP_PARM_FILE_NAME=''
+ export FTP_PARM_FILE_NAME
+ sed -n -e 1p
+ cut -f15 -d^
+ 0< /prod/race/oem/tmp/mptr300_oem_job_datafile.tmp
+ DELETE_PROGRAM_NAME=''
+ export DELETE_PROGRAM_NAME
+ PREVRAW_FILE=/prod/race/oem/dat/mptr300_xtab_oem_ref_mptr300_tes_price_raw.dat_prevraw.dat
+ [ -f /prod/race/oem/dat/mptr300_xtab_oem_ref_mptr300_tes_price_raw.dat_prevraw.dat ]
+ setgdg.ksh '/prod/race/oem/dat/mptr300_xtab_oem_ref_mptr300_tes_price_raw.dat(+01)' NEW 3
+ BACKUP_FILE=/prod/race/oem/dat/mptr300_xtab_oem_ref_mptr300_tes_price_raw.dat.g92
+ cp -p /prod/race/oem/dat/mptr300_xtab_oem_ref_mptr300_tes_price_raw.dat_prevraw.dat /prod/race/oem/dat/mptr300_xtab_oem_ref_mptr300_tes_price_raw.dat.g92
+ rm /prod/race/oem/dat/mptr300_xtab_oem_ref_mptr300_tes_price_raw.dat_prevraw.dat
+ [ N '=' M ]
+ [ '' '=' delete_sftp_file.pl ]
+ expr 1 + 1
+ FILE_SEQUENCE=2
+ true
+ sed -n -e 2p
+ cut -f2 -d^
+ 0< /prod/race/oem/tmp/mptr300_oem_job_datafile.tmp
+ INPUT_FILE_NAME=mptr299_raw_tesla_catlg.dat
+ export INPUT_FILE_NAME
+ [ -z mptr299_raw_tesla_catlg.dat ]
+ sed -n -e 2p
+ cut -f3 -d^
+ 0< /prod/race/oem/tmp/mptr300_oem_job_datafile.tmp
+ XTAB_FILE_NAME=mptr300_xtab_oem_ref_mptr300_tes_catlg_raw.dat
+ export XTAB_FILE_NAME
+ sed -n -e 2p
+ cut -f4 -d^
+ 0< /prod/race/oem/tmp/mptr300_oem_job_datafile.tmp
+ XTAB_TABLE_NAME=xtab_oem_ref_mptr300_tes_catlg
+ export XTAB_TABLE_NAME
+ sed -n -e 2p
+ cut -f5 -d^
+ 0< /prod/race/oem/tmp/mptr300_oem_job_datafile.tmp
+ FTP_PROGRAM_NAME=''
+ export FTP_PROGRAM_NAME
+ sed -n -e 2p
+ cut -f6 -d^
+ 0< /prod/race/oem/tmp/mptr300_oem_job_datafile.tmp
+ FTP_LOCATION_CODE=N
+ export FTP_LOCATION_CODE
+ sed -n -e 2p
+ cut -f7 -d^
+ 0< /prod/race/oem/tmp/mptr300_oem_job_datafile.tmp
+ FORMAT_INDICATOR=A
+ export FORMAT_INDICATOR
+ sed -n -e 2p
+ cut -f8 -d^
+ 0< /prod/race/oem/tmp/mptr300_oem_job_datafile.tmp
+ SOURCE_FIELD_DELIMITER=,
+ export SOURCE_FIELD_DELIMITER
+ sed -n -e 2p
+ cut -f9 -d^
+ 0< /prod/race/oem/tmp/mptr300_oem_job_datafile.tmp
+ TARGET_FIELD_SIZE=''
+ export TARGET_FIELD_SIZE
+ sed -n -e 2p
+ cut -f10 -d^
+ 0< /prod/race/oem/tmp/mptr300_oem_job_datafile.tmp
+ BACKUP_SOURCE_FILE_NAME=mptr300_araw_tes_us_catlg.dat
+ export BACKUP_SOURCE_FILE_NAME
+ sed -n -e 2p
+ cut -f11 -d^
+ 0< /prod/race/oem/tmp/mptr300_oem_job_datafile.tmp
+ FTP_SOURCE_FILE_NAME=''
+ export FTP_SOURCE_FILE_NAME
+ eval FTP_SOURCE_FILE_NAME=
+ FTP_SOURCE_FILE_NAME=''
+ sed -n -e 2p
+ cut -f14 -d^
+ 0< /prod/race/oem/tmp/mptr300_oem_job_datafile.tmp
+ FTP_PARM_FILE_NAME=''
+ export FTP_PARM_FILE_NAME
+ sed -n -e 2p
+ cut -f15 -d^
+ 0< /prod/race/oem/tmp/mptr300_oem_job_datafile.tmp
+ DELETE_PROGRAM_NAME=''
+ export DELETE_PROGRAM_NAME
+ PREVRAW_FILE=/prod/race/oem/dat/mptr300_xtab_oem_ref_mptr300_tes_catlg_raw.dat_prevraw.dat
+ [ -f /prod/race/oem/dat/mptr300_xtab_oem_ref_mptr300_tes_catlg_raw.dat_prevraw.dat ]
+ setgdg.ksh '/prod/race/oem/dat/mptr300_xtab_oem_ref_mptr300_tes_catlg_raw.dat(+01)' NEW 3
+ BACKUP_FILE=/prod/race/oem/dat/mptr300_xtab_oem_ref_mptr300_tes_catlg_raw.dat.g57
+ cp -p /prod/race/oem/dat/mptr300_xtab_oem_ref_mptr300_tes_catlg_raw.dat_prevraw.dat /prod/race/oem/dat/mptr300_xtab_oem_ref_mptr300_tes_catlg_raw.dat.g57
+ rm /prod/race/oem/dat/mptr300_xtab_oem_ref_mptr300_tes_catlg_raw.dat_prevraw.dat
+ [ N '=' M ]
+ [ '' '=' delete_sftp_file.pl ]
+ expr 2 + 1
+ FILE_SEQUENCE=3
+ true
+ sed -n -e 3p
+ cut -f2 -d^
+ 0< /prod/race/oem/tmp/mptr300_oem_job_datafile.tmp
+ INPUT_FILE_NAME=mptr299_raw_tesla_super.dat
+ export INPUT_FILE_NAME
+ [ -z mptr299_raw_tesla_super.dat ]
+ sed -n -e 3p
+ cut -f3 -d^
+ 0< /prod/race/oem/tmp/mptr300_oem_job_datafile.tmp
+ XTAB_FILE_NAME=mptr300_xtab_oem_ref_mptr300_tes_super_raw.dat
+ export XTAB_FILE_NAME
+ sed -n -e 3p
+ cut -f4 -d^
+ 0< /prod/race/oem/tmp/mptr300_oem_job_datafile.tmp
+ XTAB_TABLE_NAME=xtab_oem_ref_mptr300_tes_super
+ export XTAB_TABLE_NAME
+ sed -n -e 3p
+ cut -f5 -d^
+ 0< /prod/race/oem/tmp/mptr300_oem_job_datafile.tmp
+ FTP_PROGRAM_NAME=''
+ export FTP_PROGRAM_NAME
+ sed -n -e 3p
+ cut -f6 -d^
+ 0< /prod/race/oem/tmp/mptr300_oem_job_datafile.tmp
+ FTP_LOCATION_CODE=N
+ export FTP_LOCATION_CODE
+ sed -n -e 3p
+ cut -f7 -d^
+ 0< /prod/race/oem/tmp/mptr300_oem_job_datafile.tmp
+ FORMAT_INDICATOR=A
+ export FORMAT_INDICATOR
+ sed -n -e 3p
+ cut -f8 -d^
+ 0< /prod/race/oem/tmp/mptr300_oem_job_datafile.tmp
+ SOURCE_FIELD_DELIMITER=,
+ export SOURCE_FIELD_DELIMITER
+ sed -n -e 3p
+ cut -f9 -d^
+ 0< /prod/race/oem/tmp/mptr300_oem_job_datafile.tmp
+ TARGET_FIELD_SIZE=''
+ export TARGET_FIELD_SIZE
+ sed -n -e 3p
+ cut -f10 -d^
+ 0< /prod/race/oem/tmp/mptr300_oem_job_datafile.tmp
+ BACKUP_SOURCE_FILE_NAME=mptr300_araw_tes_us_super.dat
+ export BACKUP_SOURCE_FILE_NAME
+ sed -n -e 3p
+ cut -f11 -d^
+ 0< /prod/race/oem/tmp/mptr300_oem_job_datafile.tmp
+ FTP_SOURCE_FILE_NAME=''
+ export FTP_SOURCE_FILE_NAME
+ eval FTP_SOURCE_FILE_NAME=
+ FTP_SOURCE_FILE_NAME=''
+ sed -n -e 3p
+ cut -f14 -d^
+ 0< /prod/race/oem/tmp/mptr300_oem_job_datafile.tmp
+ FTP_PARM_FILE_NAME=''
+ export FTP_PARM_FILE_NAME
+ sed -n -e 3p
+ cut -f15 -d^
+ 0< /prod/race/oem/tmp/mptr300_oem_job_datafile.tmp
+ DELETE_PROGRAM_NAME=''
+ export DELETE_PROGRAM_NAME
+ PREVRAW_FILE=/prod/race/oem/dat/mptr300_xtab_oem_ref_mptr300_tes_super_raw.dat_prevraw.dat
+ [ -f /prod/race/oem/dat/mptr300_xtab_oem_ref_mptr300_tes_super_raw.dat_prevraw.dat ]
+ setgdg.ksh '/prod/race/oem/dat/mptr300_xtab_oem_ref_mptr300_tes_super_raw.dat(+01)' NEW 3
+ BACKUP_FILE=/prod/race/oem/dat/mptr300_xtab_oem_ref_mptr300_tes_super_raw.dat.g06
+ cp -p /prod/race/oem/dat/mptr300_xtab_oem_ref_mptr300_tes_super_raw.dat_prevraw.dat /prod/race/oem/dat/mptr300_xtab_oem_ref_mptr300_tes_super_raw.dat.g06
+ rm /prod/race/oem/dat/mptr300_xtab_oem_ref_mptr300_tes_super_raw.dat_prevraw.dat
+ [ N '=' M ]
+ [ '' '=' delete_sftp_file.pl ]
+ expr 3 + 1
+ FILE_SEQUENCE=4
+ true
+ sed -n -e 4p
+ cut -f2 -d^
+ 0< /prod/race/oem/tmp/mptr300_oem_job_datafile.tmp
+ INPUT_FILE_NAME=''
+ export INPUT_FILE_NAME
+ [ -z '' ]
+ break
\n\n**************************************************************************************************************
Finished: oem_ref.ksh    Datetime: 08/04/26 10:25:30   Script: /tmp/mptr300_oem_ref.ksh_run
**************************************************************************************************************\n\n
\n\n**********************************************************************************
Restart Step was NOT included in the job execution. Job will run from the beginning.
**********************************************************************************\n\n
\n\n**************************************************************************************************************
Calling:  oem_ref_trans_check_and_split.ksh    Datetime: 08/04/26 10:25:30   Script: /tmp/mptr300_oem_ref_trans_check_and_split.ksh_run
**************************************************************************************************************\n\n
RCS : oem_ref_trans_check_and_split.ksh,v 1.15 2020/08/26 00:54:25 pg2697 Exp $
print ProcessId = $$
+ print ProcessId '=' 43188
ProcessId = 43188
#****************************************************************************************
#      NOTE:  This script is very similiar to oem_ref_trans_split_only.ksh
#   Changes here should also be considered in oem_ref_trans_split_only.ksh.
#****************************************************************************************
trap 'oem_abndalrt.ksh $?' err
+ trap 'oem_abndalrt.ksh $?' err
export PROCNAME=$(basename $0 .ksh_run)
+ basename /tmp/mptr300_oem_ref_trans_check_and_split.ksh_run .ksh_run
+ PROCNAME=mptr300_oem_ref_trans_check_and_split
+ export PROCNAME
#****************************************************************************************
#  Build environment variables for the job (based on jobname)
#****************************************************************************************
. oem_job.ksh 
+ . oem_job.ksh
#!/bin/ksh
echo "RCS $Id: oem_job.ksh,v 1.7 2026/08/04 17:14:37 rj132422 Exp $"
#*****************************************************************************************
# PROCNAME oem_job.ksh
# PURPOSE  Retreive and build UNIX Environment Variables from Oracle Tables
#          Used by RACE OEM Parts Reformat and Update jobs
#*****************************************************************************************
trap 'oem_abndalrt.ksh $?' err
MPTUSERID=`cat ${RACE}/prm/zmptpass.prm`
LOGFILE=$(basename ${JOBLOGNAME})
#*****************************************************************************************
#  Build UNIX environment variables for the job (based on jobname)
#*****************************************************************************************
REFORMATJOB=${JOBNAME}
UPDATEJOB=${JOBNAME}
WORKFILE=${JOBNAME}_oem_job.tmp
#-----------------------------------------------------------------------------------------
(sqlplus -s << % 2>&1)
${MPTUSERID}
SET VERIFY OFF
SET FEEDBACK OFF
SET TAB OFF
SET LINESIZE 100
SET PAGES 0
SET TRIMSPOOL ON
whenever sqlerror exit sql.sqlcode
    exec pkg_oem_job.p_oem_job_sel_03(p_jobname       => '${JOBNAME}',    \
                                      p_tmp_directory => '${OBJ_TMPDIR}', \
                                      p_tmp_filename  => '${WORKFILE}',   \
                                      p_log_directory => '${OBJ_LOGDIR}', \
                                      p_log_filename  => '${LOGFILE%.log}.db.log');
QUIT;
%

# rj132422 - This code was added to avoid race condition between db and shell due the nfs
DB_LOG=${LOGDIR}/${LOGFILE%.log}.db.log
if [ -s "$DB_LOG" ]; then
    cat "$DB_LOG" >> "${LOGDIR}/${LOGFILE}"
    rm  "$DB_LOG"
fi

#-----------------------------------------------------------------------------------------
export WORKFILE=${RACE}/tmp/${WORKFILE}

#If the ReformatJob Environment variable isn't defined, abend the process
export REFORMATJOB=`cat ${WORKFILE}                   | cut -f1  -d","`
if [ -z "${REFORMATJOB}" ]
then
   abndalrt.ksh environment_not_found_in_oem_job_table.tmp
fi
export UPDATEJOB=`cat ${WORKFILE}                     | cut -f2  -d","`
export JOBOEM=`cat ${WORKFILE}                        | cut -f3  -d","`
export JOBCTRY=`cat ${WORKFILE}                       | cut -f4  -d","`
export JOBOEMNAME=`cat ${WORKFILE}                    | cut -f5  -d","`
export OEMABBRLOWER=`cat ${WORKFILE}                  | cut -f6  -d","`
export JOBPARM=`cat ${WORKFILE}                       | cut -f7  -d","`
export FORMATOEM=`cat ${WORKFILE}                     | cut -f8  -d","`
export FORMATCTRY=`cat ${WORKFILE}                    | cut -f9  -d","`
export JOBFILE_OEMCTRY=`cat ${WORKFILE}               | cut -f10 -d","`
export REPORTSUFFIX=`cat ${WORKFILE}                  | cut -f11 -d","`
export REVERSE_SUPER_JOBPARM=`cat ${WORKFILE}         | cut -f12 -d","`
export PACKAGE_NAME_1=`cat ${WORKFILE}                | cut -f13 -d","`
export PACKAGE_NAME_2=`cat ${WORKFILE}                | cut -f14 -d","`
export DUPLICATE_PARTS_EXPECTED_FLAG=`cat ${WORKFILE} | cut -f15 -d","`
export REFORMAT_BUILDS_RTRANS_FLAG=`cat ${WORKFILE}   | cut -f16 -d","`
export OBSOLETE_JOB_FLAG=`cat ${WORKFILE}             | cut -f17 -d","`
export PREPROCESS_SCRIPT_NAME=`cat ${WORKFILE}        | cut -f18 -d","`


##########################################################################################
# The various Oracle Package call by the OEM system use Global Temporary Tables.
# For some reason (only in the test system at this point in time), the indexes on these
# Global Tempoary Tables are missing.
# The missing indexes result in slooooow processing and often aren't discovered missing
# right away.  To curtail this problem, run a quick check to see if the indexes exist.
# When an index for a Global Temporary Table is not found, it will be created.
##########################################################################################
#-----------------------------------------------------------------------------------------
(sqlplus -s << % 2>&1)
${MPTUSERID}
SET VERIFY OFF
SET FEEDBACK OFF
SET TAB OFF
SET LINESIZE 100
SET PAGES 0
SET TRIMSPOOL ON
SET SERVEROUTPUT ON SIZE 1000000
whenever sqlerror exit sql.sqlcode
    exec pkg_oem_ref_utilities.p_check_gtmp_indexes(p_jobname       => '${JOBNAME}',       \
                                                    p_log_directory => '${OBJ_LOGDIR}',    \
                                                    p_log_filename  => '${LOGFILE%.log}.db.log',       \
                                                    p_debug_level   => '${RACE_DEBUG_LEVEL}');
QUIT;
%

# rj132422 - This code was added to avoid race condition between db and shell due the nfs
DB_LOG=${LOGDIR}/${LOGFILE%.log}.db.log
if [ -s "$DB_LOG" ]; then
    cat "$DB_LOG" >> "${LOGDIR}/${LOGFILE}"
    rm  "$DB_LOG"
fi
#-----------------------------------------------------------------------------------------

#*****************************************************************************************
# END oem_job.ksh
#*****************************************************************************************
+ echo 'RCS : oem_job.ksh,v 1.7 2026/08/04 17:14:37 rj132422 Exp $'
RCS : oem_job.ksh,v 1.7 2026/08/04 17:14:37 rj132422 Exp $
+ trap 'oem_abndalrt.ksh $?' err
cat ${RACE}/prm/zmptpass.prm
+ cat /prod/race/oem/prm/zmptpass.prm
+ MPTUSERID=racejob/q1w2e3r4
+ basename /prod/race/oem/log/mptr300_20260804102052.log
+ LOGFILE=mptr300_20260804102052.log
+ REFORMATJOB=mptr300
+ UPDATEJOB=mptr300
+ WORKFILE=mptr300_oem_job.tmp
+ sqlplus -s
+ 0<< \%
racejob/q1w2e3r4
SET VERIFY OFF
SET FEEDBACK OFF
SET TAB OFF
SET LINESIZE 100
SET PAGES 0
SET TRIMSPOOL ON
whenever sqlerror exit sql.sqlcode
    exec pkg_oem_job.p_oem_job_sel_03(p_jobname       => 'mptr300',                                          p_tmp_directory => 'RACE_OEM_TMP_DIR',                                       p_tmp_filename  => 'mptr300_oem_job.tmp',                                         p_log_directory => 'RACE_OEM_LOG_DIR',                                       p_log_filename  => 'mptr300_20260804102052.db.log');
QUIT;
%
2>& 1
+ DB_LOG=/prod/race/oem/log/mptr300_20260804102052.db.log
+ [ -s /prod/race/oem/log/mptr300_20260804102052.db.log ]
+ cat /prod/race/oem/log/mptr300_20260804102052.db.log
+ 1>> /prod/race/oem/log/mptr300_20260804102052.log

1^mptr299_raw_tesla_price.dat^mptr300_xtab_oem_ref_mptr300_tes_price_raw.dat^xtab_oem_ref_mptr300_tes_price^^N^A^,^^mptr300_araw_tes_us_price.dat^^1^07/20/2026^^^^

2^mptr299_raw_tesla_catlg.dat^mptr300_xtab_oem_ref_mptr300_tes_catlg_raw.dat^xtab_oem_ref_mptr300_tes_catlg^^N^A^,^^mptr300_araw_tes_us_catlg.dat^^1^07/20/2026^^^^

3^mptr299_raw_tesla_super.dat^mptr300_xtab_oem_ref_mptr300_tes_super_raw.dat^xtab_oem_ref_mptr300_tes_super^^N^A^,^^mptr300_araw_tes_us_super.dat^^1^07/20/2026^^^^


mptr300,mptr301,090,US,TES,tes,zmpt301a,090,US,tes_us,tesus,,pkg_oem_ref_047,,Y,Y,N,,,N,

+ rm /prod/race/oem/log/mptr300_20260804102052.db.log
+ WORKFILE=/prod/race/oem/tmp/mptr300_oem_job.tmp
+ export WORKFILE
cat ${WORKFILE}                   | cut -f1  -d","
+ cut -f1 -d,
+ cat /prod/race/oem/tmp/mptr300_oem_job.tmp
+ REFORMATJOB=mptr300
+ export REFORMATJOB
+ [ -z mptr300 ]
cat ${WORKFILE}                     | cut -f2  -d","
+ cut -f2 -d,
+ cat /prod/race/oem/tmp/mptr300_oem_job.tmp
+ UPDATEJOB=mptr301
+ export UPDATEJOB
cat ${WORKFILE}                        | cut -f3  -d","
+ cut -f3 -d,
+ cat /prod/race/oem/tmp/mptr300_oem_job.tmp
+ JOBOEM=090
+ export JOBOEM
cat ${WORKFILE}                       | cut -f4  -d","
+ cut -f4 -d,
+ cat /prod/race/oem/tmp/mptr300_oem_job.tmp
+ JOBCTRY=US
+ export JOBCTRY
cat ${WORKFILE}                    | cut -f5  -d","
+ cut -f5 -d,
+ cat /prod/race/oem/tmp/mptr300_oem_job.tmp
+ JOBOEMNAME=TES
+ export JOBOEMNAME
cat ${WORKFILE}                  | cut -f6  -d","
+ cut -f6 -d,
+ cat /prod/race/oem/tmp/mptr300_oem_job.tmp
+ OEMABBRLOWER=tes
+ export OEMABBRLOWER
cat ${WORKFILE}                       | cut -f7  -d","
+ cut -f7 -d,
+ cat /prod/race/oem/tmp/mptr300_oem_job.tmp
+ JOBPARM=zmpt301a
+ export JOBPARM
cat ${WORKFILE}                     | cut -f8  -d","
+ cut -f8 -d,
+ cat /prod/race/oem/tmp/mptr300_oem_job.tmp
+ FORMATOEM=090
+ export FORMATOEM
cat ${WORKFILE}                    | cut -f9  -d","
+ cut -f9 -d,
+ cat /prod/race/oem/tmp/mptr300_oem_job.tmp
+ FORMATCTRY=US
+ export FORMATCTRY
cat ${WORKFILE}               | cut -f10 -d","
+ cut -f10 -d,
+ cat /prod/race/oem/tmp/mptr300_oem_job.tmp
+ JOBFILE_OEMCTRY=tes_us
+ export JOBFILE_OEMCTRY
cat ${WORKFILE}                  | cut -f11 -d","
+ cut -f11 -d,
+ cat /prod/race/oem/tmp/mptr300_oem_job.tmp
+ REPORTSUFFIX=tesus
+ export REPORTSUFFIX
cat ${WORKFILE}         | cut -f12 -d","
+ cut -f12 -d,
+ cat /prod/race/oem/tmp/mptr300_oem_job.tmp
+ REVERSE_SUPER_JOBPARM=''
+ export REVERSE_SUPER_JOBPARM
cat ${WORKFILE}                | cut -f13 -d","
+ cut -f13 -d,
+ cat /prod/race/oem/tmp/mptr300_oem_job.tmp
+ PACKAGE_NAME_1=pkg_oem_ref_047
+ export PACKAGE_NAME_1
cat ${WORKFILE}                | cut -f14 -d","
+ cut -f14 -d,
+ cat /prod/race/oem/tmp/mptr300_oem_job.tmp
+ PACKAGE_NAME_2=''
+ export PACKAGE_NAME_2
cat ${WORKFILE} | cut -f15 -d","
+ cut -f15 -d,
+ cat /prod/race/oem/tmp/mptr300_oem_job.tmp
+ DUPLICATE_PARTS_EXPECTED_FLAG=Y
+ export DUPLICATE_PARTS_EXPECTED_FLAG
cat ${WORKFILE}   | cut -f16 -d","
+ cut -f16 -d,
+ cat /prod/race/oem/tmp/mptr300_oem_job.tmp
+ REFORMAT_BUILDS_RTRANS_FLAG=Y
+ export REFORMAT_BUILDS_RTRANS_FLAG
cat ${WORKFILE}             | cut -f17 -d","
+ cut -f17 -d,
+ cat /prod/race/oem/tmp/mptr300_oem_job.tmp
+ OBSOLETE_JOB_FLAG=N
+ export OBSOLETE_JOB_FLAG
cat ${WORKFILE}        | cut -f18 -d","
+ cut -f18 -d,
+ cat /prod/race/oem/tmp/mptr300_oem_job.tmp
+ PREPROCESS_SCRIPT_NAME=''
+ export PREPROCESS_SCRIPT_NAME
+ sqlplus -s
+ 0<< \%
racejob/q1w2e3r4
SET VERIFY OFF
SET FEEDBACK OFF
SET TAB OFF
SET LINESIZE 100
SET PAGES 0
SET TRIMSPOOL ON
SET SERVEROUTPUT ON SIZE 1000000
whenever sqlerror exit sql.sqlcode
    exec pkg_oem_ref_utilities.p_check_gtmp_indexes(p_jobname       => 'mptr300',                                                           p_log_directory => 'RACE_OEM_LOG_DIR',                                                        p_log_filename  => 'mptr300_20260804102052.db.log',                                                           p_debug_level   => '0');
QUIT;
%
2>& 1
+ DB_LOG=/prod/race/oem/log/mptr300_20260804102052.db.log
+ [ -s /prod/race/oem/log/mptr300_20260804102052.db.log ]
+ cat /prod/race/oem/log/mptr300_20260804102052.db.log
+ 1>> /prod/race/oem/log/mptr300_20260804102052.log

Start mptr300 pkg_oem_ref_utilities.p_check_gtmp_indexes


 End  mptr300 pkg_oem_ref_utilities.p_check_gtmp_indexes
+ rm /prod/race/oem/log/mptr300_20260804102052.db.log
#****************************************************************************************


#STEP Step200R
 export STEPNAME=Step200R
+ STEPNAME=Step200R
+ export STEPNAME
 echo "\n\nSTART ---> ${PROCNAME} ${STEPNAME}" $(date +'%m/%d/%y %H:%M:%S')  " <--- START\n\n"
+ date '+%m/%d/%y %H:%M:%S'
+ echo '\n\nSTART ---> mptr300_oem_ref_trans_check_and_split Step200R' 08/04/26 10:25:31 ' <--- START\n\n'
\n\nSTART ---> mptr300_oem_ref_trans_check_and_split Step200R 08/04/26 10:25:31  <--- START\n\n
 oem_job_status_update.ksh "R" "${STEPNAME} Sort RTRANS if file exists"
+ oem_job_status_update.ksh R 'Step200R Sort RTRANS if file exists'
 #***************************************************************************************
 #  Program: SORT  - Sorts "R" TRANS if file exists
 #  Move RTRANS file to location expected by oem_upd.ksh
 #***************************************************************************************
 RTRANS_SORTIN=${RACE}/tmp/${JOBNAME}_step050_rtransout.tmp
+ RTRANS_SORTIN=/prod/race/oem/tmp/mptr300_step050_rtransout.tmp
 RTRANS_SORTOUT=${RACE}/dat/${JOBNAME}_rtrans.tmp
+ RTRANS_SORTOUT=/prod/race/oem/dat/mptr300_rtrans.tmp
 if [ -f ${RTRANS_SORTIN} ]
 then     
   #      +------------+------------+----------+-----------+
   #      | YYYY desc  | MM/DD desc | Old Part | New Part  |
   #      +------------+------------+----------+-----------+
   sort -u -k1.63,1.66r -k1.57,1.61r -k1.7,1.31 -k1.32,1.56 -o ${RTRANS_SORTOUT} ${RTRANS_SORTIN}
 fi


+ [ -f /prod/race/oem/tmp/mptr300_step050_rtransout.tmp ]
+ sort -u -k1.63,1.66r -k1.57,1.61r -k1.7,1.31 -k1.32,1.56 -o /prod/race/oem/dat/mptr300_rtrans.tmp /prod/race/oem/tmp/mptr300_step050_rtransout.tmp
#STEP Step205R
  export STEPNAME=Step205R
+ STEPNAME=Step205R
+ export STEPNAME
  echo "\n\nSTART ---> ${PROCNAME} ${STEPNAME}" $(date +'%m/%d/%y %H:%M:%S')  " <--- START\n\n"
+ date '+%m/%d/%y %H:%M:%S'
+ echo '\n\nSTART ---> mptr300_oem_ref_trans_check_and_split Step205R' 08/04/26 10:25:31 ' <--- START\n\n'
\n\nSTART ---> mptr300_oem_ref_trans_check_and_split Step205R 08/04/26 10:25:31  <--- START\n\n
  oem_job_status_update.ksh "R" "${STEPNAME} pkg_oem_ref_trans_dupes_rpt"
+ oem_job_status_update.ksh R 'Step205R pkg_oem_ref_trans_dupes_rpt'
  #**************************************************************************************
  #  Program: pkg_oem_ref_trans_dupes_rpt
  #**************************************************************************************
  INPUT_FILENAME=${JOBNAME}_step050_transout.tmp
+ INPUT_FILENAME=mptr300_step050_transout.tmp
  OUTPUT_FILENAME=${JOBNAME}_step205_transout.tmp
+ OUTPUT_FILENAME=mptr300_step205_transout.tmp
#----------------------------------------------------------------------------------------
(sqlplus -s << % 2>&1)
${MPTUSERID}
SET ECHO ON;
SET FEEDBACK OFF;
SET VERIFY ON;
SET LINESIZE 80;
SET SERVEROUTPUT ON;
whenever sqlerror exit sql.sqlcode
    exec pkg_oem_ref_fix_trans_cleanup.p_main_procedure(p_reformat_job       => '${REFORMATJOB}',      \
                                                        p_log_directory      => '${OBJ_LOGDIR}',       \
                                                        p_log_filename       => '${LOGFILE}',          \
                                                        p_input_directory    => '${OBJ_TMPDIR}',       \
                                                        p_input_filename     => '${INPUT_FILENAME}',   \
                                                        p_output_directory   => '${OBJ_TMPDIR}',       \
                                                        p_output_filename    => '${OUTPUT_FILENAME}',  \
                                                        p_debug_level        => '${RACE_DEBUG_LEVEL}', \
                                                        p_dbms_profiler_flag => '${RACE_DBMS_PROFILER_FLAG}');
QUIT;
%
+ sqlplus -s
+ 0<< \%
racejob/q1w2e3r4
SET ECHO ON;
SET FEEDBACK OFF;
SET VERIFY ON;
SET LINESIZE 80;
SET SERVEROUTPUT ON;
whenever sqlerror exit sql.sqlcode
    exec pkg_oem_ref_fix_trans_cleanup.p_main_procedure(p_reformat_job       => 'mptr300',                                                              p_log_directory      => 'RACE_OEM_LOG_DIR',                                                               p_log_filename       => 'mptr300_20260804102052.log',                                                                  p_input_directory    => 'RACE_OEM_TMP_DIR',                                                               p_input_filename     => 'mptr300_step050_transout.tmp',                                                           p_output_directory   => 'RACE_OEM_TMP_DIR',                                                               p_output_filename    => 'mptr300_step205_transout.tmp',                                                          p_debug_level        => '0',                                                         p_dbms_profiler_flag => 'N');
QUIT;
%
2>& 1
#----------------------------------------------------------------------------------------


#STEP Step210R
  export STEPNAME=Step210R
+ STEPNAME=Step210R
+ export STEPNAME
  echo "\n\nSTART ---> ${PROCNAME} ${STEPNAME}" $(date +'%m/%d/%y %H:%M:%S')  " <--- START\n\n"
+ date '+%m/%d/%y %H:%M:%S'
+ echo '\n\nSTART ---> mptr300_oem_ref_trans_check_and_split Step210R' 08/04/26 10:25:39 ' <--- START\n\n'
\n\nSTART ---> mptr300_oem_ref_trans_check_and_split Step210R 08/04/26 10:25:39  <--- START\n\n
  oem_job_status_update.ksh "R" "${STEPNAME} pkg_oem_ref_trans_dupes_rpt"
+ oem_job_status_update.ksh R 'Step210R pkg_oem_ref_trans_dupes_rpt'
  #**************************************************************************************
  #  Program: pkg_oem_ref_trans_dupes_rpt
  #**************************************************************************************
  INPUT_FILENAME=${JOBNAME}_step205_transout.tmp

+ INPUT_FILENAME=mptr300_step205_transout.tmp
  REPORT_FILE=${JOBNAME}y_dup${REPORTSUFFIX}_$(date +'%C%y%m%d%H%M%S').rpt

+ date +%C%y%m%d%H%M%S
+ REPORT_FILE=mptr300y_duptesus_20260804102539.rpt
#----------------------------------------------------------------------------------------
(sqlplus -s << % 2>&1)
${MPTUSERID}
SET ECHO ON;
SET FEEDBACK OFF;
SET VERIFY ON;
SET LINESIZE 80;
SET SERVEROUTPUT ON;
whenever sqlerror exit sql.sqlcode
    exec pkg_oem_ref_trans_dupes_rpt.p_main_procedure(p_reformat_job       => '${REFORMATJOB}',      \
                                                      p_log_directory      => '${OBJ_LOGDIR}',       \
                                                      p_log_filename       => '${LOGFILE}',          \
                                                      p_input_directory    => '${OBJ_TMPDIR}',       \
                                                      p_input_filename     => '${INPUT_FILENAME}',   \
                                                      p_report_directory   => '${OBJ_RPTDIR}',       \
                                                      p_report_filename    => '${REPORT_FILE}', \
                                                      p_debug_level        => '${RACE_DEBUG_LEVEL}', \
                                                      p_dbms_profiler_flag => '${RACE_DBMS_PROFILER_FLAG}');
QUIT;
%
+ sqlplus -s
+ 0<< \%
racejob/q1w2e3r4
SET ECHO ON;
SET FEEDBACK OFF;
SET VERIFY ON;
SET LINESIZE 80;
SET SERVEROUTPUT ON;
whenever sqlerror exit sql.sqlcode
    exec pkg_oem_ref_trans_dupes_rpt.p_main_procedure(p_reformat_job       => 'mptr300',                                                            p_log_directory      => 'RACE_OEM_LOG_DIR',                                                             p_log_filename       => 'mptr300_20260804102052.log',                                                                p_input_directory    => 'RACE_OEM_TMP_DIR',                                                             p_input_filename     => 'mptr300_step205_transout.tmp',                                                         p_report_directory   => 'RACE_OEM_RPT_DIR',                                                             p_report_filename    => 'mptr300y_duptesus_20260804102539.rpt',                                                       p_debug_level        => '0',                                                       p_dbms_profiler_flag => 'N');
QUIT;
%
2>& 1
#----------------------------------------------------------------------------------------

#STEP Step211R
  export STEPNAME=Step211R
+ STEPNAME=Step211R
+ export STEPNAME
  echo "\n\nSTART ---> ${PROCNAME} ${STEPNAME}" $(date +'%m/%d/%y %H:%M:%S')  " <--- START\n\n"
+ date '+%m/%d/%y %H:%M:%S'
+ echo '\n\nSTART ---> mptr300_oem_ref_trans_check_and_split Step211R' 08/04/26 10:25:40 ' <--- START\n\n'
\n\nSTART ---> mptr300_oem_ref_trans_check_and_split Step211R 08/04/26 10:25:40  <--- START\n\n
  oem_job_status_update.ksh "R" "${STEPNAME} Report Distribution"
+ oem_job_status_update.ksh R 'Step211R Report Distribution'
  #**************************************************************************************
  #  Emails and Handles Retention for Report(s) created in previous step  
  #**************************************************************************************
  email_rpt.ksh "${JOBNAME}y"              
+ email_rpt.ksh mptr300y
RCS : email_rpt.ksh,v 1.7 2021/11/02 19:13:13 pg2697 Exp $
LATEST REPORT TO BE EMAILED: mptr300y_duptesus_20260804102539.txt from /prod/race/oem/tmp.
  rpt_log_retention.ksh "${JOBNAME}y"

+ rpt_log_retention.ksh mptr300y
\n Begin rpt_log_retention.ksh \n
Processing REPORTID=mptr300y
oldest file removed: /prod/race/oem/rpt/mptr300y_duptesus_20260720131501.rpt (due to retention)
\n End rpt_log_retention.ksh
  
#STEP Step215R
  export STEPNAME=Step215R
+ STEPNAME=Step215R
+ export STEPNAME
  echo "\n\nSTART ---> ${PROCNAME} ${STEPNAME}" $(date +'%m/%d/%y %H:%M:%S')  " <--- START\n\n"
+ date '+%m/%d/%y %H:%M:%S'
+ echo '\n\nSTART ---> mptr300_oem_ref_trans_check_and_split Step215R' 08/04/26 10:25:42 ' <--- START\n\n'
\n\nSTART ---> mptr300_oem_ref_trans_check_and_split Step215R 08/04/26 10:25:42  <--- START\n\n
  oem_job_status_update.ksh "R" "${STEPNAME} Sort by Transcode, Old Part, New Part, Price desc, Description desc"
+ oem_job_status_update.ksh R 'Step215R Sort by Transcode, Old Part, New Part, Price desc, Description desc'
  #**************************************************************************************
  #  Program: Sort
  #**************************************************************************************
  TRANS_SORTIN=${RACE}/tmp/${JOBNAME}_step205_transout.tmp
+ TRANS_SORTIN=/prod/race/oem/tmp/mptr300_step205_transout.tmp
  TRANS_SORTOUT=${RACE}/tmp/${JOBNAME}_step215_transout_sorted.tmp
+ TRANS_SORTOUT=/prod/race/oem/tmp/mptr300_step215_transout_sorted.tmp
  #           +---------+----------+-----------+------------+-----------------+
  #           |Transcode| Old Part |  New Part | Price Desc | Description Desc|
  #           +---------+----------+-----------+------------+-----------------+
  sort -T /tmp -k1.1,1.1 -k1.7,1.31 -k1.32,1.56 -k1.57,1.71r -k1.88,1.167r -o ${TRANS_SORTOUT} ${TRANS_SORTIN}


+ sort -T /tmp -k1.1,1.1 -k1.7,1.31 -k1.32,1.56 -k1.57,1.71r -k1.88,1.167r -o /prod/race/oem/tmp/mptr300_step215_transout_sorted.tmp /prod/race/oem/tmp/mptr300_step205_transout.tmp
#STEP Step216R
  export STEPNAME=Step216R
+ STEPNAME=Step216R
+ export STEPNAME
  echo "\n\nSTART ---> ${PROCNAME} ${STEPNAME}" $(date +'%m/%d/%y %H:%M:%S')  " <--- START\n\n"
+ date '+%m/%d/%y %H:%M:%S'
+ echo '\n\nSTART ---> mptr300_oem_ref_trans_check_and_split Step216R' 08/04/26 10:25:45 ' <--- START\n\n'
\n\nSTART ---> mptr300_oem_ref_trans_check_and_split Step216R 08/04/26 10:25:45  <--- START\n\n
  oem_job_status_update.ksh "R" "${STEPNAME} mpt_elim_dup_old_new_part.awk"
+ oem_job_status_update.ksh R 'Step216R mpt_elim_dup_old_new_part.awk'
  #**************************************************************************************
  #  Program: mpt_elim_dup_old_new_part.awk
  #**************************************************************************************
  SORTED_FILEIN=${RACE}/tmp/${JOBNAME}_step215_transout_sorted.tmp
+ SORTED_FILEIN=/prod/race/oem/tmp/mptr300_step215_transout_sorted.tmp
  REFORMAT_FILEOUT=${RACE}/tmp/${JOBNAME}_step216_ref_${JOBFILE_OEMCTRY}.tmp
+ REFORMAT_FILEOUT=/prod/race/oem/tmp/mptr300_step216_ref_tes_us.tmp
  
  if [ "${DUPLICATE_PARTS_EXPECTED_FLAG}" = "Y" ]
  then
    export sort_type=tcd_old_part_new_part
    cat ${SORTED_FILEIN} | awk -f ${RACE}/bin/mpt_elim_dup_old_new_part.awk > ${REFORMAT_FILEOUT}
  else
     cp ${SORTED_FILEIN} ${REFORMAT_FILEOUT}
  fi 


+ [ Y '=' Y ]
+ sort_type=tcd_old_part_new_part
+ export sort_type
+ awk -f /prod/race/oem/bin/mpt_elim_dup_old_new_part.awk
+ 1> /prod/race/oem/tmp/mptr300_step216_ref_tes_us.tmp
+ cat /prod/race/oem/tmp/mptr300_step215_transout_sorted.tmp
#STEP Step220R
  export STEPNAME=Step220R
+ STEPNAME=Step220R
+ export STEPNAME
  echo "\n\nSTART ---> ${PROCNAME} ${STEPNAME}" $(date +'%m/%d/%y %H:%M:%S')  " <--- START\n\n"
+ date '+%m/%d/%y %H:%M:%S'
+ echo '\n\nSTART ---> mptr300_oem_ref_trans_check_and_split Step220R' 08/04/26 10:25:46 ' <--- START\n\n'
\n\nSTART ---> mptr300_oem_ref_trans_check_and_split Step220R 08/04/26 10:25:46  <--- START\n\n
  oem_job_status_update.ksh "R" "${STEPNAME} Extract the P and N transaction records"
+ oem_job_status_update.ksh R 'Step220R Extract the P and N transaction records'
  #**************************************************************************************
  #  Check the newly reformated transaction file for looping supersessions - remove loops
  #**************************************************************************************

  . oem_rpt_validate_supers.ksh
+ . oem_rpt_validate_supers.ksh
#!/bin/ksh
echo "RCS $Id: oem_rpt_validate_supers.ksh,v 1.14 2020/08/26 00:55:48 pg2697 Exp $"
set -xv
print ProcessId = $$
#****************************************************************************************
#  Description: Run process to validate supersessions and create reports
#****************************************************************************************
trap 'oem_abndalrt.ksh $?' err
export PROCNAME=$(basename $0 .ksh_run)
#****************************************************************************************
#  Build environment variables for the job (based on jobname)
#****************************************************************************************
. oem_job.ksh
#****************************************************************************************

#STEP Step510
  export STEPNAME=Step510
  echo "\n\nSTART ---> ${PROCNAME} ${STEPNAME}" $(date +'%m/%d/%y %H:%M:%S')  " <--- START\n\n"
  oem_job_status_update.ksh "R" "${STEPNAME} Extract the P and N records"
  #**************************************************************************************
  #                                          Extract the P and N records
  #**************************************************************************************
  REFORMAT_WORKOUT=${RACE}/tmp/${JOBNAME}_step510_oemrecs.tmp
  if [ ${JOBNAME} = ${REFORMATJOB} ]
  then
     #**************************************************************************************
     # Reformat Job? Only extract N records (From Step216R)
     #**************************************************************************************
     REFORMAT_FILEIN=${RACE}/tmp/${JOBNAME}_step216_ref_${JOBFILE_OEMCTRY}.tmp
     awk '{ if (substr($0,1,1)=="N") print $0 }' ${REFORMAT_FILEIN} > ${REFORMAT_WORKOUT}
  else
     #**************************************************************************************
     # Update Job? Only extract N and P records
     #**************************************************************************************
     REFORMAT_FILEIN=$(setgdg.ksh "${RACE}/dat/${REFORMATJOB}_ref_${JOBFILE_OEMCTRY}.dat(0)")
     awk '{ if (substr($0,1,1)=="P") print $0 }' ${REFORMAT_FILEIN} >  ${REFORMAT_WORKOUT}
     awk '{ if (substr($0,1,1)=="N") print $0 }' ${REFORMAT_FILEIN} >> ${REFORMAT_WORKOUT}
  fi


#STEP Step515
  export STEPNAME=Step515
  echo "\n\nSTART ---> ${PROCNAME} ${STEPNAME}" $(date +'%m/%d/%y %H:%M:%S')  " <--- START\n\n"
  oem_job_status_update.ksh "R" "${STEPNAME} Sort unique"
  #**************************************************************************************
  #                                          Sort unique 
  #**************************************************************************************
  SORTFILE_FILEIN=${RACE}/tmp/${JOBNAME}_step510_oemrecs.tmp
  SORT_FILEOUT=${RACE}/tmp/${JOBNAME}_step515_oemrecs_sort.tmp
  rm -f $SORT_FILEOUT
  #      +----------+
  #      |OLD & NEW |
  #      +----------+
  sort -u -k1.7,1.56 -o ${SORT_FILEOUT} ${SORTFILE_FILEIN}


#STEP Step530
  export STEPNAME=Step530
  echo "\n\nSTART ---> ${PROCNAME} ${STEPNAME}" $(date +'%m/%d/%y %H:%M:%S')  " <--- START\n\n"
  oem_job_status_update.ksh "R" "${STEPNAME} pkg_oem_rpt_validate_supers"
  #**************************************************************************************
  #                                          pkg_oem_rpt_validate_supers
  #  Execute Supersession Validation Program - Check the chains for loops
  #                                            and for "middle" parts with pricing
  #**************************************************************************************
  INPUT_FILENAME=${JOBNAME}_step515_oemrecs_sort.tmp
  OUTPUT_HTRANS=${JOBNAME}_step530_htrans_${JOBFILE_OEMCTRY}.tmp
  OUTPUT_PTRANS=${JOBNAME}_step530_ptrans_${JOBFILE_OEMCTRY}.tmp
  OUTPUT_RTRANS=${JOBNAME}_step530_rtrans_${JOBFILE_OEMCTRY}.tmp
  OUTPUT_NTRANS=${JOBNAME}_step530_ntrans_${JOBFILE_OEMCTRY}.tmp    # Used when checking for loops OEM Reformat File

  if [ ${JOBNAME} = ${REFORMATJOB} ]
  then
    REPORT_FILENAME=${JOBNAME}n_sup${REPORTSUFFIX}_$(date +'%C%y%m%d%H%M%S').rpt
  else
    REPORT_FILENAME=${JOBNAME}a_sup${REPORTSUFFIX}_$(date +'%C%y%m%d%H%M%S').rpt
  fi

#----------------------------------------------------------------------------------------
(sqlplus -s << % 2>&1)
${MPTUSERID}
SET VERIFY OFF
SET FEEDBACK OFF
SET TAB OFF
SET LINESIZE 100
SET PAGES 0
SET TRIMSPOOL ON
whenever sqlerror exit sql.sqlcode
    exec pkg_oem_rpt_validate_supers.p_main_procedure(p_this_job           => '${JOBNAME}',          \
                                                      p_reformat_job       => '${REFORMATJOB}',      \
                                                      p_log_directory      => '${OBJ_LOGDIR}',       \
                                                      p_log_filename       => '${LOGFILE}',          \
                                                      p_input_directory    => '${OBJ_TMPDIR}',       \
                                                      p_input_filename     => '${INPUT_FILENAME}',   \
                                                      p_output_directory   => '${OBJ_TMPDIR}',       \
                                                      p_output_htrans      => '${OUTPUT_HTRANS}',    \
                                                      p_output_ptrans      => '${OUTPUT_PTRANS}',    \
                                                      p_output_rtrans      => '${OUTPUT_RTRANS}',    \
                                                      p_output_ntrans      => '${OUTPUT_NTRANS}',    \
                                                      p_report_directory   => '${OBJ_RPTDIR}',       \
                                                      p_report_filename    => '${REPORT_FILENAME}',  \
                                                      p_debug_level        => '${RACE_DEBUG_LEVEL}', \
                                                      p_dbms_profiler_flag => '${RACE_DBMS_PROFILER_FLAG}');
QUIT;
%
#----------------------------------------------------------------------------------------


#STEP Step531R
  export STEPNAME=Step531R
  echo "\n\nSTART ---> ${PROCNAME} ${STEPNAME}" $(date +'%m/%d/%y %H:%M:%S')  " <--- START\n\n"
  oem_job_status_update.ksh "R" "${STEPNAME} Report Distribution"
  #**************************************************************************************
  #  Emails and Handles Retention for Report(s) created in previous step  
  #**************************************************************************************
  if [ ${JOBNAME} = ${REFORMATJOB} ]
  then
    email_rpt.ksh "${JOBNAME}n"
    rpt_log_retention.ksh "${JOBNAME}n" 
    
  else
    email_rpt.ksh "${JOBNAME}a" 
    rpt_log_retention.ksh "${JOBNAME}a" 
  fi


#STEP Step570
  export STEPNAME=Step570
  echo "\n\nSTART ---> ${PROCNAME} ${STEPNAME}" $(date +'%m/%d/%y %H:%M:%S')  " <--- START\n\n"
  oem_job_status_update.ksh "R" "${STEPNAME} Save files"
  #**************************************************************************************
  #   REFORMAT - Save ntrans
  #   UPDATE   - Save rtrans, htrans, and ptrans files
  #**************************************************************************************
  if [ ${JOBNAME} = ${REFORMATJOB} ]
  then
               cp ${RACE}/tmp/${JOBNAME}_step530_ntrans_${JOBFILE_OEMCTRY}.tmp \
    $(setgdg.ksh "${RACE}/dat/${JOBNAME}_looping_oem_ntrans_${JOBFILE_OEMCTRY}.dat(+1)" NEW 3)
  else
               cp ${RACE}/tmp/${JOBNAME}_step530_htrans_${JOBFILE_OEMCTRY}.tmp \
    $(setgdg.ksh "${RACE}/dat/${JOBNAME}_validate_htrans_${JOBFILE_OEMCTRY}.dat(+1)" NEW 3)
               cp ${RACE}/tmp/${JOBNAME}_step530_rtrans_${JOBFILE_OEMCTRY}.tmp \
    $(setgdg.ksh "${RACE}/dat/${JOBNAME}_validate_rtrans_${JOBFILE_OEMCTRY}.dat(+1)" NEW 3)
               cp ${RACE}/tmp/${JOBNAME}_step530_ptrans_${JOBFILE_OEMCTRY}.tmp \
    $(setgdg.ksh "${RACE}/dat/${JOBNAME}_validate_ptrans_${JOBFILE_OEMCTRY}.dat(+1)" NEW 3)
  fi


#STEP Step599
  export STEPNAME=Step599
  echo "\n\nSTART ---> ${PROCNAME} ${STEPNAME}" $(date +'%m/%d/%y %H:%M:%S')  " <--- START\n\n"
  #************************************************************************************************
  #  Delete temporary datasets 
  #************************************************************************************************
  if [ ${JOBNAME} = ${REFORMATJOB} ]
  then
    rm -f ${RACE}/tmp/${JOBNAME}_step5*
  else
    rm -f ${RACE}/tmp/${JOBNAME}*
  fi
  
#**************************************************************************************************
# END oem_rpt_validate_supers.ksh
#**************************************************************************************************
+ echo 'RCS : oem_rpt_validate_supers.ksh,v 1.14 2020/08/26 00:55:48 pg2697 Exp $'
RCS : oem_rpt_validate_supers.ksh,v 1.14 2020/08/26 00:55:48 pg2697 Exp $
+ set -xv
+ print ProcessId '=' 43188
ProcessId = 43188
+ trap 'oem_abndalrt.ksh $?' err
+ basename /tmp/mptr300_oem_ref_trans_check_and_split.ksh_run .ksh_run
+ PROCNAME=mptr300_oem_ref_trans_check_and_split
+ export PROCNAME
+ . oem_job.ksh
#!/bin/ksh
echo "RCS $Id: oem_job.ksh,v 1.7 2026/08/04 17:14:37 rj132422 Exp $"
#*****************************************************************************************
# PROCNAME oem_job.ksh
# PURPOSE  Retreive and build UNIX Environment Variables from Oracle Tables
#          Used by RACE OEM Parts Reformat and Update jobs
#*****************************************************************************************
trap 'oem_abndalrt.ksh $?' err
MPTUSERID=`cat ${RACE}/prm/zmptpass.prm`
LOGFILE=$(basename ${JOBLOGNAME})
#*****************************************************************************************
#  Build UNIX environment variables for the job (based on jobname)
#*****************************************************************************************
REFORMATJOB=${JOBNAME}
UPDATEJOB=${JOBNAME}
WORKFILE=${JOBNAME}_oem_job.tmp
#-----------------------------------------------------------------------------------------
(sqlplus -s << % 2>&1)
${MPTUSERID}
SET VERIFY OFF
SET FEEDBACK OFF
SET TAB OFF
SET LINESIZE 100
SET PAGES 0
SET TRIMSPOOL ON
whenever sqlerror exit sql.sqlcode
    exec pkg_oem_job.p_oem_job_sel_03(p_jobname       => '${JOBNAME}',    \
                                      p_tmp_directory => '${OBJ_TMPDIR}', \
                                      p_tmp_filename  => '${WORKFILE}',   \
                                      p_log_directory => '${OBJ_LOGDIR}', \
                                      p_log_filename  => '${LOGFILE%.log}.db.log');
QUIT;
%

# rj132422 - This code was added to avoid race condition between db and shell due the nfs
DB_LOG=${LOGDIR}/${LOGFILE%.log}.db.log
if [ -s "$DB_LOG" ]; then
    cat "$DB_LOG" >> "${LOGDIR}/${LOGFILE}"
    rm  "$DB_LOG"
fi

#-----------------------------------------------------------------------------------------
export WORKFILE=${RACE}/tmp/${WORKFILE}

#If the ReformatJob Environment variable isn't defined, abend the process
export REFORMATJOB=`cat ${WORKFILE}                   | cut -f1  -d","`
if [ -z "${REFORMATJOB}" ]
then
   abndalrt.ksh environment_not_found_in_oem_job_table.tmp
fi
export UPDATEJOB=`cat ${WORKFILE}                     | cut -f2  -d","`
export JOBOEM=`cat ${WORKFILE}                        | cut -f3  -d","`
export JOBCTRY=`cat ${WORKFILE}                       | cut -f4  -d","`
export JOBOEMNAME=`cat ${WORKFILE}                    | cut -f5  -d","`
export OEMABBRLOWER=`cat ${WORKFILE}                  | cut -f6  -d","`
export JOBPARM=`cat ${WORKFILE}                       | cut -f7  -d","`
export FORMATOEM=`cat ${WORKFILE}                     | cut -f8  -d","`
export FORMATCTRY=`cat ${WORKFILE}                    | cut -f9  -d","`
export JOBFILE_OEMCTRY=`cat ${WORKFILE}               | cut -f10 -d","`
export REPORTSUFFIX=`cat ${WORKFILE}                  | cut -f11 -d","`
export REVERSE_SUPER_JOBPARM=`cat ${WORKFILE}         | cut -f12 -d","`
export PACKAGE_NAME_1=`cat ${WORKFILE}                | cut -f13 -d","`
export PACKAGE_NAME_2=`cat ${WORKFILE}                | cut -f14 -d","`
export DUPLICATE_PARTS_EXPECTED_FLAG=`cat ${WORKFILE} | cut -f15 -d","`
export REFORMAT_BUILDS_RTRANS_FLAG=`cat ${WORKFILE}   | cut -f16 -d","`
export OBSOLETE_JOB_FLAG=`cat ${WORKFILE}             | cut -f17 -d","`
export PREPROCESS_SCRIPT_NAME=`cat ${WORKFILE}        | cut -f18 -d","`


##########################################################################################
# The various Oracle Package call by the OEM system use Global Temporary Tables.
# For some reason (only in the test system at this point in time), the indexes on these
# Global Tempoary Tables are missing.
# The missing indexes result in slooooow processing and often aren't discovered missing
# right away.  To curtail this problem, run a quick check to see if the indexes exist.
# When an index for a Global Temporary Table is not found, it will be created.
##########################################################################################
#-----------------------------------------------------------------------------------------
(sqlplus -s << % 2>&1)
${MPTUSERID}
SET VERIFY OFF
SET FEEDBACK OFF
SET TAB OFF
SET LINESIZE 100
SET PAGES 0
SET TRIMSPOOL ON
SET SERVEROUTPUT ON SIZE 1000000
whenever sqlerror exit sql.sqlcode
    exec pkg_oem_ref_utilities.p_check_gtmp_indexes(p_jobname       => '${JOBNAME}',       \
                                                    p_log_directory => '${OBJ_LOGDIR}',    \
                                                    p_log_filename  => '${LOGFILE%.log}.db.log',       \
                                                    p_debug_level   => '${RACE_DEBUG_LEVEL}');
QUIT;
%

# rj132422 - This code was added to avoid race condition between db and shell due the nfs
DB_LOG=${LOGDIR}/${LOGFILE%.log}.db.log
if [ -s "$DB_LOG" ]; then
    cat "$DB_LOG" >> "${LOGDIR}/${LOGFILE}"
    rm  "$DB_LOG"
fi
#-----------------------------------------------------------------------------------------

#*****************************************************************************************
# END oem_job.ksh
#*****************************************************************************************
+ echo 'RCS : oem_job.ksh,v 1.7 2026/08/04 17:14:37 rj132422 Exp $'
RCS : oem_job.ksh,v 1.7 2026/08/04 17:14:37 rj132422 Exp $
+ trap 'oem_abndalrt.ksh $?' err
cat ${RACE}/prm/zmptpass.prm
+ cat /prod/race/oem/prm/zmptpass.prm
+ MPTUSERID=racejob/q1w2e3r4
+ basename /prod/race/oem/log/mptr300_20260804102052.log
+ LOGFILE=mptr300_20260804102052.log
+ REFORMATJOB=mptr300
+ UPDATEJOB=mptr300
+ WORKFILE=mptr300_oem_job.tmp
+ sqlplus -s
+ 0<< \%
racejob/q1w2e3r4
SET VERIFY OFF
SET FEEDBACK OFF
SET TAB OFF
SET LINESIZE 100
SET PAGES 0
SET TRIMSPOOL ON
whenever sqlerror exit sql.sqlcode
    exec pkg_oem_job.p_oem_job_sel_03(p_jobname       => 'mptr300',                                          p_tmp_directory => 'RACE_OEM_TMP_DIR',                                       p_tmp_filename  => 'mptr300_oem_job.tmp',                                         p_log_directory => 'RACE_OEM_LOG_DIR',                                       p_log_filename  => 'mptr300_20260804102052.db.log');
QUIT;
%
2>& 1
+ DB_LOG=/prod/race/oem/log/mptr300_20260804102052.db.log
+ [ -s /prod/race/oem/log/mptr300_20260804102052.db.log ]
+ cat /prod/race/oem/log/mptr300_20260804102052.db.log
+ 1>> /prod/race/oem/log/mptr300_20260804102052.log

mptr300,mptr301,090,US,TES,tes,zmpt301a,090,US,tes_us,tesus,,pkg_oem_ref_047,,Y,Y,N,,,N,

+ rm /prod/race/oem/log/mptr300_20260804102052.db.log
+ WORKFILE=/prod/race/oem/tmp/mptr300_oem_job.tmp
+ export WORKFILE
cat ${WORKFILE}                   | cut -f1  -d","
+ cut -f1 -d,
+ cat /prod/race/oem/tmp/mptr300_oem_job.tmp
+ REFORMATJOB=mptr300
+ export REFORMATJOB
+ [ -z mptr300 ]
cat ${WORKFILE}                     | cut -f2  -d","
+ cut -f2 -d,
+ cat /prod/race/oem/tmp/mptr300_oem_job.tmp
+ UPDATEJOB=mptr301
+ export UPDATEJOB
cat ${WORKFILE}                        | cut -f3  -d","
+ cut -f3 -d,
+ cat /prod/race/oem/tmp/mptr300_oem_job.tmp
+ JOBOEM=090
+ export JOBOEM
cat ${WORKFILE}                       | cut -f4  -d","
+ cut -f4 -d,
+ cat /prod/race/oem/tmp/mptr300_oem_job.tmp
+ JOBCTRY=US
+ export JOBCTRY
cat ${WORKFILE}                    | cut -f5  -d","
+ cut -f5 -d,
+ cat /prod/race/oem/tmp/mptr300_oem_job.tmp
+ JOBOEMNAME=TES
+ export JOBOEMNAME
cat ${WORKFILE}                  | cut -f6  -d","
+ cut -f6 -d,
+ cat /prod/race/oem/tmp/mptr300_oem_job.tmp
+ OEMABBRLOWER=tes
+ export OEMABBRLOWER
cat ${WORKFILE}                       | cut -f7  -d","
+ cut -f7 -d,
+ cat /prod/race/oem/tmp/mptr300_oem_job.tmp
+ JOBPARM=zmpt301a
+ export JOBPARM
cat ${WORKFILE}                     | cut -f8  -d","
+ cut -f8 -d,
+ cat /prod/race/oem/tmp/mptr300_oem_job.tmp
+ FORMATOEM=090
+ export FORMATOEM
cat ${WORKFILE}                    | cut -f9  -d","
+ cut -f9 -d,
+ cat /prod/race/oem/tmp/mptr300_oem_job.tmp
+ FORMATCTRY=US
+ export FORMATCTRY
cat ${WORKFILE}               | cut -f10 -d","
+ cut -f10 -d,
+ cat /prod/race/oem/tmp/mptr300_oem_job.tmp
+ JOBFILE_OEMCTRY=tes_us
+ export JOBFILE_OEMCTRY
cat ${WORKFILE}                  | cut -f11 -d","
+ cut -f11 -d,
+ cat /prod/race/oem/tmp/mptr300_oem_job.tmp
+ REPORTSUFFIX=tesus
+ export REPORTSUFFIX
cat ${WORKFILE}         | cut -f12 -d","
+ cut -f12 -d,
+ cat /prod/race/oem/tmp/mptr300_oem_job.tmp
+ REVERSE_SUPER_JOBPARM=''
+ export REVERSE_SUPER_JOBPARM
cat ${WORKFILE}                | cut -f13 -d","
+ cut -f13 -d,
+ cat /prod/race/oem/tmp/mptr300_oem_job.tmp
+ PACKAGE_NAME_1=pkg_oem_ref_047
+ export PACKAGE_NAME_1
cat ${WORKFILE}                | cut -f14 -d","
+ cut -f14 -d,
+ cat /prod/race/oem/tmp/mptr300_oem_job.tmp
+ PACKAGE_NAME_2=''
+ export PACKAGE_NAME_2
cat ${WORKFILE} | cut -f15 -d","
+ cat /prod/race/oem/tmp/mptr300_oem_job.tmp
+ cut -f15 -d,
+ DUPLICATE_PARTS_EXPECTED_FLAG=Y
+ export DUPLICATE_PARTS_EXPECTED_FLAG
cat ${WORKFILE}   | cut -f16 -d","
+ cut -f16 -d,
+ cat /prod/race/oem/tmp/mptr300_oem_job.tmp
+ REFORMAT_BUILDS_RTRANS_FLAG=Y
+ export REFORMAT_BUILDS_RTRANS_FLAG
cat ${WORKFILE}             | cut -f17 -d","
+ cut -f17 -d,
+ cat /prod/race/oem/tmp/mptr300_oem_job.tmp
+ OBSOLETE_JOB_FLAG=N
+ export OBSOLETE_JOB_FLAG
cat ${WORKFILE}        | cut -f18 -d","
+ cat /prod/race/oem/tmp/mptr300_oem_job.tmp
+ cut -f18 -d,
+ PREPROCESS_SCRIPT_NAME=''
+ export PREPROCESS_SCRIPT_NAME
+ sqlplus -s
+ 0<< \%
racejob/q1w2e3r4
SET VERIFY OFF
SET FEEDBACK OFF
SET TAB OFF
SET LINESIZE 100
SET PAGES 0
SET TRIMSPOOL ON
SET SERVEROUTPUT ON SIZE 1000000
whenever sqlerror exit sql.sqlcode
    exec pkg_oem_ref_utilities.p_check_gtmp_indexes(p_jobname       => 'mptr300',                                                           p_log_directory => 'RACE_OEM_LOG_DIR',                                                        p_log_filename  => 'mptr300_20260804102052.db.log',                                                           p_debug_level   => '0');
QUIT;
%
2>& 1
+ DB_LOG=/prod/race/oem/log/mptr300_20260804102052.db.log
+ [ -s /prod/race/oem/log/mptr300_20260804102052.db.log ]
+ cat /prod/race/oem/log/mptr300_20260804102052.db.log
+ 1>> /prod/race/oem/log/mptr300_20260804102052.log

Start mptr300 pkg_oem_ref_utilities.p_check_gtmp_indexes


 End  mptr300 pkg_oem_ref_utilities.p_check_gtmp_indexes
+ rm /prod/race/oem/log/mptr300_20260804102052.db.log
+ STEPNAME=Step510
+ export STEPNAME
+ date '+%m/%d/%y %H:%M:%S'
+ echo '\n\nSTART ---> mptr300_oem_ref_trans_check_and_split Step510' 08/04/26 10:25:47 ' <--- START\n\n'
\n\nSTART ---> mptr300_oem_ref_trans_check_and_split Step510 08/04/26 10:25:47  <--- START\n\n
+ oem_job_status_update.ksh R 'Step510 Extract the P and N records'
+ REFORMAT_WORKOUT=/prod/race/oem/tmp/mptr300_step510_oemrecs.tmp
+ [ mptr300 '=' mptr300 ]
+ REFORMAT_FILEIN=/prod/race/oem/tmp/mptr300_step216_ref_tes_us.tmp
+ awk '{ if (substr($0,1,1)=="N") print $0 }' /prod/race/oem/tmp/mptr300_step216_ref_tes_us.tmp
+ 1> /prod/race/oem/tmp/mptr300_step510_oemrecs.tmp
+ STEPNAME=Step515
+ export STEPNAME
+ date '+%m/%d/%y %H:%M:%S'
+ echo '\n\nSTART ---> mptr300_oem_ref_trans_check_and_split Step515' 08/04/26 10:25:47 ' <--- START\n\n'
\n\nSTART ---> mptr300_oem_ref_trans_check_and_split Step515 08/04/26 10:25:47  <--- START\n\n
+ oem_job_status_update.ksh R 'Step515 Sort unique'
+ SORTFILE_FILEIN=/prod/race/oem/tmp/mptr300_step510_oemrecs.tmp
+ SORT_FILEOUT=/prod/race/oem/tmp/mptr300_step515_oemrecs_sort.tmp
+ rm -f /prod/race/oem/tmp/mptr300_step515_oemrecs_sort.tmp
+ sort -u -k1.7,1.56 -o /prod/race/oem/tmp/mptr300_step515_oemrecs_sort.tmp /prod/race/oem/tmp/mptr300_step510_oemrecs.tmp
+ STEPNAME=Step530
+ export STEPNAME
+ date '+%m/%d/%y %H:%M:%S'
+ echo '\n\nSTART ---> mptr300_oem_ref_trans_check_and_split Step530' 08/04/26 10:25:47 ' <--- START\n\n'
\n\nSTART ---> mptr300_oem_ref_trans_check_and_split Step530 08/04/26 10:25:47  <--- START\n\n
+ oem_job_status_update.ksh R 'Step530 pkg_oem_rpt_validate_supers'
+ INPUT_FILENAME=mptr300_step515_oemrecs_sort.tmp
+ OUTPUT_HTRANS=mptr300_step530_htrans_tes_us.tmp
+ OUTPUT_PTRANS=mptr300_step530_ptrans_tes_us.tmp
+ OUTPUT_RTRANS=mptr300_step530_rtrans_tes_us.tmp
+ OUTPUT_NTRANS=mptr300_step530_ntrans_tes_us.tmp
+ [ mptr300 '=' mptr300 ]
+ date +%C%y%m%d%H%M%S
+ REPORT_FILENAME=mptr300n_suptesus_20260804102548.rpt
+ sqlplus -s
+ 0<< \%
racejob/q1w2e3r4
SET VERIFY OFF
SET FEEDBACK OFF
SET TAB OFF
SET LINESIZE 100
SET PAGES 0
SET TRIMSPOOL ON
whenever sqlerror exit sql.sqlcode
    exec pkg_oem_rpt_validate_supers.p_main_procedure(p_this_job           => 'mptr300',                                                                p_reformat_job       => 'mptr300',                                                            p_log_directory      => 'RACE_OEM_LOG_DIR',                                                             p_log_filename       => 'mptr300_20260804102052.log',                                                                p_input_directory    => 'RACE_OEM_TMP_DIR',                                                             p_input_filename     => 'mptr300_step515_oemrecs_sort.tmp',                                                         p_output_directory   => 'RACE_OEM_TMP_DIR',                                                             p_output_htrans      => 'mptr300_step530_htrans_tes_us.tmp',                                                          p_output_ptrans      => 'mptr300_step530_ptrans_tes_us.tmp',                                                          p_output_rtrans      => 'mptr300_step530_rtrans_tes_us.tmp',                                                          p_output_ntrans      => 'mptr300_step530_ntrans_tes_us.tmp',                                                          p_report_directory   => 'RACE_OEM_RPT_DIR',                                                             p_report_filename    => 'mptr300n_suptesus_20260804102548.rpt',                                                        p_debug_level        => '0',                                                       p_dbms_profiler_flag => 'N');
QUIT;
%
2>& 1
+ STEPNAME=Step531R
+ export STEPNAME
+ date '+%m/%d/%y %H:%M:%S'
+ echo '\n\nSTART ---> mptr300_oem_ref_trans_check_and_split Step531R' 08/04/26 10:25:48 ' <--- START\n\n'
\n\nSTART ---> mptr300_oem_ref_trans_check_and_split Step531R 08/04/26 10:25:48  <--- START\n\n
+ oem_job_status_update.ksh R 'Step531R Report Distribution'
+ [ mptr300 '=' mptr300 ]
+ email_rpt.ksh mptr300n
RCS : email_rpt.ksh,v 1.7 2021/11/02 19:13:13 pg2697 Exp $
LATEST REPORT TO BE EMAILED: mptr300n_suptesus_20260804102548.txt from /prod/race/oem/tmp.
Report is empty or does not exist. Report will not be distributed.
+ rpt_log_retention.ksh mptr300n
\n Begin rpt_log_retention.ksh \n
Processing REPORTID=mptr300n
oldest file removed: /prod/race/oem/rpt/mptr300n_suptesus_20260720131510.rpt (due to retention)
\n End rpt_log_retention.ksh
+ STEPNAME=Step570
+ export STEPNAME
+ date '+%m/%d/%y %H:%M:%S'
+ echo '\n\nSTART ---> mptr300_oem_ref_trans_check_and_split Step570' 08/04/26 10:25:50 ' <--- START\n\n'
\n\nSTART ---> mptr300_oem_ref_trans_check_and_split Step570 08/04/26 10:25:50  <--- START\n\n
+ oem_job_status_update.ksh R 'Step570 Save files'
+ [ mptr300 '=' mptr300 ]
+ setgdg.ksh '/prod/race/oem/dat/mptr300_looping_oem_ntrans_tes_us.dat(+1)' NEW 3
+ cp /prod/race/oem/tmp/mptr300_step530_ntrans_tes_us.tmp /prod/race/oem/dat/mptr300_looping_oem_ntrans_tes_us.dat.g91
+ STEPNAME=Step599
+ export STEPNAME
+ date '+%m/%d/%y %H:%M:%S'
+ echo '\n\nSTART ---> mptr300_oem_ref_trans_check_and_split Step599' 08/04/26 10:25:50 ' <--- START\n\n'
\n\nSTART ---> mptr300_oem_ref_trans_check_and_split Step599 08/04/26 10:25:50  <--- START\n\n
+ [ mptr300 '=' mptr300 ]
+ rm -f /prod/race/oem/tmp/mptr300_step510_oemrecs.tmp /prod/race/oem/tmp/mptr300_step515_oemrecs_sort.tmp /prod/race/oem/tmp/mptr300_step530_ntrans_tes_us.tmp
  

#STEP Step222R
  export STEPNAME=Step222R
+ STEPNAME=Step222R
+ export STEPNAME
  echo "\n\nSTART ---> ${PROCNAME} ${STEPNAME}" $(date +'%m/%d/%y %H:%M:%S')  " <--- START\n\n"
+ date '+%m/%d/%y %H:%M:%S'
+ echo '\n\nSTART ---> mptr300_oem_ref_trans_check_and_split Step222R' 08/04/26 10:25:50 ' <--- START\n\n'
\n\nSTART ---> mptr300_oem_ref_trans_check_and_split Step222R 08/04/26 10:25:50  <--- START\n\n
  oem_job_status_update.ksh "R" "${STEPNAME} Drop supersessions reported by pkg_oem_rpt_validate_supers"
+ oem_job_status_update.ksh R 'Step222R Drop supersessions reported by pkg_oem_rpt_validate_supers'
  #*************************************************************************************************
  #    *** Drop identified looping supersessions from Reformat File using these 6 steps          ***
  #    *** NOTE: at the end of this step, the REFORMAT_FILEIN is OVERLAYED                       ***
  #*************************************************************************************************
  # 1. awk to create subset of all Reformat Transactions EXCEPT for the ntrans in the Reformat File
  # 2. awk to create subset of all ntrans records in the Reformat
  # 3. cat to combine Reformat ntrans with LOOPING Ntrans (identified by pkg_oem_rpt_validate_supers)
  # 4. awk the 1st 56 bytes of the combined file to identify "duplicated" 'N' supersession records.
  #    *** This will get rid of BOTH duplicate records from the combined file which is effectively 
  #        eliminating the identifiable loops from being sent to the Update Job!
  # 5. sort "other trans" and "reduced ntrans" together to rebuild the "complete" Reformat transaction file
  #*************************************************************************************************
  SUPLOOPS_FILEIN=$(setgdg.ksh "${RACE}/dat/${REFORMATJOB}_looping_oem_ntrans_${JOBFILE_OEMCTRY}.dat(0)") 
+ setgdg.ksh '/prod/race/oem/dat/mptr300_looping_oem_ntrans_tes_us.dat(0)'
+ SUPLOOPS_FILEIN=/prod/race/oem/dat/mptr300_looping_oem_ntrans_tes_us.dat.g91
  REFORMAT_FILEIN=${RACE}/tmp/${JOBNAME}_step216_ref_${JOBFILE_OEMCTRY}.tmp                            
+ REFORMAT_FILEIN=/prod/race/oem/tmp/mptr300_step216_ref_tes_us.tmp
  REFORMAT_FILEOUT=${RACE}/tmp/${JOBNAME}_step222_ref_${JOBFILE_OEMCTRY}.tmp
+ REFORMAT_FILEOUT=/prod/race/oem/tmp/mptr300_step222_ref_tes_us.tmp
  #*************************************************************************************************
  # 1. Subset for REFORMAT File of all NON-supersession records ('A','C','D','P',etc)
  MAINREF_OTHERS=${RACE}/tmp/${JOBNAME}_step222_ref_others_${JOBFILE_OEMCTRY}.tmp
+ MAINREF_OTHERS=/prod/race/oem/tmp/mptr300_step222_ref_others_tes_us.tmp
  awk '{ if (substr($0,1,1)!="N") print $0 }' ${REFORMAT_FILEIN} > ${MAINREF_OTHERS}
+ awk '{ if (substr($0,1,1)!="N") print $0 }' /prod/race/oem/tmp/mptr300_step216_ref_tes_us.tmp
+ 1> /prod/race/oem/tmp/mptr300_step222_ref_others_tes_us.tmp
  #*************************************************************************************************
  # 2. Subset for REFORMAT File of all supersession 'N' records
  MAINREF_NTRANS=${RACE}/tmp/${JOBNAME}_step222_ref_ntrans_${JOBFILE_OEMCTRY}.tmp
+ MAINREF_NTRANS=/prod/race/oem/tmp/mptr300_step222_ref_ntrans_tes_us.tmp
  awk '{ if (substr($0,1,1)=="N") print $0 }' ${REFORMAT_FILEIN} > ${MAINREF_NTRANS}
+ awk '{ if (substr($0,1,1)=="N") print $0 }' /prod/race/oem/tmp/mptr300_step216_ref_tes_us.tmp
+ 1> /prod/race/oem/tmp/mptr300_step222_ref_ntrans_tes_us.tmp
  #*************************************************************************************************
  # 3. cat to Combine Reformat Ntrans with LOOPING Ntrans (identified by pkg_oem_rpt_validate_supers)
  MERGED_NTRANS=${RACE}/tmp/${JOBNAME}_step222_ntrans_merged_${JOBFILE_OEMCTRY}.tmp
+ MERGED_NTRANS=/prod/race/oem/tmp/mptr300_step222_ntrans_merged_tes_us.tmp
  cat ${SUPLOOPS_FILEIN} ${MAINREF_NTRANS} > ${MERGED_NTRANS}   
+ cat /prod/race/oem/dat/mptr300_looping_oem_ntrans_tes_us.dat.g91 /prod/race/oem/tmp/mptr300_step222_ref_ntrans_tes_us.tmp
+ 1> /prod/race/oem/tmp/mptr300_step222_ntrans_merged_tes_us.tmp
  #*************************************************************************************************
  # 4. awk the 1st 56 bytes of the combined file to identify "duplicate" 'N' supersession records.
  #    This will get rid of BOTH duplicate records from the combined file (effectively eliminating the identifiable loops)
  REDUCED_NTRANS=${RACE}/tmp/${JOBNAME}_step222_reduced_ntrans_${JOBFILE_OEMCTRY}.tmp
+ REDUCED_NTRANS=/prod/race/oem/tmp/mptr300_step222_reduced_ntrans_tes_us.tmp
  awk '{ k=substr($0,1,56) ; line[k]=$0 ; freq[k]++ } END { for (x in freq) if (freq[x]==1) print line[x]}' ${MERGED_NTRANS} > ${REDUCED_NTRANS}
+ awk '{ k=substr($0,1,56) ; line[k]=$0 ; freq[k]++ } END { for (x in freq) if (freq[x]==1) print line[x]}' /prod/race/oem/tmp/mptr300_step222_ntrans_merged_tes_us.tmp
+ 1> /prod/race/oem/tmp/mptr300_step222_reduced_ntrans_tes_us.tmp
  #*************************************************************************************************
  # 5. sort "other trans" and "reduced ntrans" together to rebuild the "complete" Reformat transaction file
  #                  +---------+----------+-----------+------------+-----------------+
  #                  |Transcode| Old Part |  New Part |Price Revrsd| Descrip Reversed|
  #                  +---------+----------+-----------+------------+-----------------+                  
  SORTIN_BOTH="${MAINREF_OTHERS} ${REDUCED_NTRANS}"
+ SORTIN_BOTH='/prod/race/oem/tmp/mptr300_step222_ref_others_tes_us.tmp /prod/race/oem/tmp/mptr300_step222_reduced_ntrans_tes_us.tmp'
  
  sort -T ${RACE}/tmp -k1.1,1.1 -k1.7,1.31 -k1.32,1.56 -k1.57,1.71r -k1.88,1.167r -o ${REFORMAT_FILEOUT} ${SORTIN_BOTH}  


+ sort -T /prod/race/oem/tmp -k1.1,1.1 -k1.7,1.31 -k1.32,1.56 -k1.57,1.71r -k1.88,1.167r -o /prod/race/oem/tmp/mptr300_step222_ref_tes_us.tmp /prod/race/oem/tmp/mptr300_step222_ref_others_tes_us.tmp /prod/race/oem/tmp/mptr300_step222_reduced_ntrans_tes_us.tmp
#STEP Step250R
  export STEPNAME=Step250R
+ STEPNAME=Step250R
+ export STEPNAME
  echo "    Start " ${STEPNAME} "    "$(date)
+ date
+ echo '    Start ' Step250R '    Tue' Aug 4 10:25:52 AM PDT 2026
    Start  Step250R     Tue Aug 4 10:25:52 AM PDT 2026
  oem_job_status_update.ksh "R" "${STEPNAME} pkg_oem_upd_utilities.p_electronic_balancing_check"
+ oem_job_status_update.ksh R 'Step250R pkg_oem_upd_utilities.p_electronic_balancing_check'
  #********************************************************************************************
  # Check p_electronic_balancing_check
  #********************************************************************************************
#----------------------------------------------------------------------------------------------
(sqlplus -s << % 2>&1)
${MPTUSERID}
SET VERIFY OFF
SET FEEDBACK OFF
SET TAB OFF
SET LINESIZE 100
SET PAGES 0
SET TRIMSPOOL ON
whenever sqlerror exit sql.sqlcode
    exec pkg_oem_upd_utilities.p_electronic_balancing_check(p_jobtype         => 'R',            \
                                                            p_jobname         => '${JOBNAME}',   \
                                                            p_log_directory   => '${OBJ_LOGDIR}',\
                                                            p_log_filename    => '${LOGFILE}',   \
                                                            p_input_directory => '${OBJ_PRMDIR}',\
                                                            p_input_filename  => '${JOBPARM}.prm');
QUIT;
%
+ sqlplus -s
+ 0<< \%
racejob/q1w2e3r4
SET VERIFY OFF
SET FEEDBACK OFF
SET TAB OFF
SET LINESIZE 100
SET PAGES 0
SET TRIMSPOOL ON
whenever sqlerror exit sql.sqlcode
    exec pkg_oem_upd_utilities.p_electronic_balancing_check(p_jobtype         => 'R',                                                                        p_jobname         => 'mptr300',                                                               p_log_directory   => 'RACE_OEM_LOG_DIR',                                                            p_log_filename    => 'mptr300_20260804102052.log',                                                               p_input_directory => 'RACE_OEM_PRM_DIR',                                                            p_input_filename  => 'zmpt301a.prm');
QUIT;
%
2>& 1
#----------------------------------------------------------------------------------------------


#STEP Step260R
  export STEPNAME=Step260R
+ STEPNAME=Step260R
+ export STEPNAME
  echo "\n\nSTART ---> ${PROCNAME} ${STEPNAME}" $(date +'%m/%d/%y %H:%M:%S')  " <--- START\n\n"
+ date '+%m/%d/%y %H:%M:%S'
+ echo '\n\nSTART ---> mptr300_oem_ref_trans_check_and_split Step260R' 08/04/26 10:25:54 ' <--- START\n\n'
\n\nSTART ---> mptr300_oem_ref_trans_check_and_split Step260R 08/04/26 10:25:54  <--- START\n\n
  oem_job_status_update.ksh "R" "${STEPNAME} Save 3 generations of Reformat Trans File"
+ oem_job_status_update.ksh R 'Step260R Save 3 generations of Reformat Trans File'
  #**************************************************************************************
  #  Save 3 generations of the reformated transaction file
  #**************************************************************************************
  REFORMAT_FILEIN=${RACE}/tmp/${JOBNAME}_step222_ref_${JOBFILE_OEMCTRY}.tmp
+ REFORMAT_FILEIN=/prod/race/oem/tmp/mptr300_step222_ref_tes_us.tmp
  REFORMAT_GDG_OUT=$(setgdg.ksh "${RACE}/dat/${JOBNAME}_ref_${JOBFILE_OEMCTRY}.dat(+01)" NEW 3 )

+ setgdg.ksh '/prod/race/oem/dat/mptr300_ref_tes_us.dat(+01)' NEW 3
+ REFORMAT_GDG_OUT=/prod/race/oem/dat/mptr300_ref_tes_us.dat.g87
  cp ${REFORMAT_FILEIN} ${REFORMAT_GDG_OUT}
+ cp /prod/race/oem/tmp/mptr300_step222_ref_tes_us.tmp /prod/race/oem/dat/mptr300_ref_tes_us.dat.g87
  
  
#STEP Step270R
  export STEPNAME=Step270R
+ STEPNAME=Step270R
+ export STEPNAME
  echo "\n\nSTART ---> ${PROCNAME} ${STEPNAME}" $(date +'%m/%d/%y %H:%M:%S')  " <--- START\n\n"
+ date '+%m/%d/%y %H:%M:%S'
+ echo '\n\nSTART ---> mptr300_oem_ref_trans_check_and_split Step270R' 08/04/26 10:25:54 ' <--- START\n\n'
\n\nSTART ---> mptr300_oem_ref_trans_check_and_split Step270R 08/04/26 10:25:54  <--- START\n\n
  oem_job_status_update.ksh "R" "${STEPNAME} pkg_oem_ref_part_number_check"
+ oem_job_status_update.ksh R 'Step270R pkg_oem_ref_part_number_check'
  #**************************************************************************************
  #  Program: pkg_oem_ref_part_number_check
  #**************************************************************************************
  INPUT_FILEPATH=$(setgdg.ksh "${RACE}/dat/${JOBNAME}_ref_${JOBFILE_OEMCTRY}.dat(0)")
+ setgdg.ksh '/prod/race/oem/dat/mptr300_ref_tes_us.dat(0)'
+ INPUT_FILEPATH=/prod/race/oem/dat/mptr300_ref_tes_us.dat.g87
  INPUT_FILENAME=$(basename ${INPUT_FILEPATH})

+ basename /prod/race/oem/dat/mptr300_ref_tes_us.dat.g87
+ INPUT_FILENAME=mptr300_ref_tes_us.dat.g87
  REPORT_FILE_D=${JOBNAME}d_edt${REPORTSUFFIX}_$(date +'%C%y%m%d%H%M%S').rpt
+ date +%C%y%m%d%H%M%S
+ REPORT_FILE_D=mptr300d_edttesus_20260804102555.rpt
  REPORT_FILE_C=${JOBNAME}c_cmp${REPORTSUFFIX}_$(date +'%C%y%m%d%H%M%S').rpt
+ date +%C%y%m%d%H%M%S
+ REPORT_FILE_C=mptr300c_cmptesus_20260804102555.rpt
  REPORT_FILE_X=${JOBNAME}x_dup${REPORTSUFFIX}_$(date +'%C%y%m%d%H%M%S').rpt

+ date +%C%y%m%d%H%M%S
+ REPORT_FILE_X=mptr300x_duptesus_20260804102555.rpt
#----------------------------------------------------------------------------------------
(sqlplus -s << % 2>&1)
${MPTUSERID}
SET ECHO ON;
SET FEEDBACK ON;
SET VERIFY ON;
SET LINESIZE 80;
SET SERVEROUTPUT ON;
whenever sqlerror exit sql.sqlcode
    exec pkg_oem_ref_part_number_check.p_main_procedure(p_reformat_job                => '${REFORMATJOB}',      \
                                                        p_log_directory               => '${OBJ_LOGDIR}',       \
                                                        p_log_filename                => '${LOGFILE}',          \
                                                        p_input_directory             => '${OBJ_DATDIR}',       \
                                                        p_input_filename              => '${INPUT_FILENAME}',   \
                                                        p_report_directory            => '${OBJ_RPTDIR}',       \
                                                        p_report_file_mask            => '${REPORT_FILE_D}', \
                                                        p_report_file_comp            => '${REPORT_FILE_C}', \
                                                        p_report_file_dups            => '${REPORT_FILE_X}', \
                                                        p_format_part_supplier_number => '${FORMATOEM}',        \
                                                        p_format_country_abbr         => '${FORMATCTRY}',       \
                                                        p_debug_level                 => '${RACE_DEBUG_LEVEL}', \
                                                        p_dbms_profiler_flag          => '${RACE_DBMS_PROFILER_FLAG}');
QUIT;
%
+ sqlplus -s
+ 0<< \%
racejob/q1w2e3r4
SET ECHO ON;
SET FEEDBACK ON;
SET VERIFY ON;
SET LINESIZE 80;
SET SERVEROUTPUT ON;
whenever sqlerror exit sql.sqlcode
    exec pkg_oem_ref_part_number_check.p_main_procedure(p_reformat_job                => 'mptr300',                                                              p_log_directory               => 'RACE_OEM_LOG_DIR',                                                               p_log_filename                => 'mptr300_20260804102052.log',                                                                  p_input_directory             => 'RACE_OEM_DAT_DIR',                                                               p_input_filename              => 'mptr300_ref_tes_us.dat.g87',                                                           p_report_directory            => 'RACE_OEM_RPT_DIR',                                                               p_report_file_mask            => 'mptr300d_edttesus_20260804102555.rpt',                                                         p_report_file_comp            => 'mptr300c_cmptesus_20260804102555.rpt',                                                         p_report_file_dups            => 'mptr300x_duptesus_20260804102555.rpt',                                                         p_format_part_supplier_number => '090',                                                                p_format_country_abbr         => 'US',                                                               p_debug_level                 => '0',                                                         p_dbms_profiler_flag          => 'N');
QUIT;
%
2>& 1

PL/SQL procedure successfully completed.

#----------------------------------------------------------------------------------------


#STEP Step271R
  export STEPNAME=Step271R
+ STEPNAME=Step271R
+ export STEPNAME
  echo "\n\nSTART ---> ${PROCNAME} ${STEPNAME}" $(date +'%m/%d/%y %H:%M:%S')  " <--- START\n\n"
+ date '+%m/%d/%y %H:%M:%S'
+ echo '\n\nSTART ---> mptr300_oem_ref_trans_check_and_split Step271R' 08/04/26 10:25:58 ' <--- START\n\n'
\n\nSTART ---> mptr300_oem_ref_trans_check_and_split Step271R 08/04/26 10:25:58  <--- START\n\n
  oem_job_status_update.ksh "R" "${STEPNAME} Report Distribution"
+ oem_job_status_update.ksh R 'Step271R Report Distribution'
  #**************************************************************************************
  #  Emails and Handles Retention for Report(s) created in previous step  
  #**************************************************************************************
    
  email_rpt.ksh "${JOBNAME}d" 
+ email_rpt.ksh mptr300d
RCS : email_rpt.ksh,v 1.7 2021/11/02 19:13:13 pg2697 Exp $
LATEST REPORT TO BE EMAILED: mptr300d_edttesus_20260804102555.txt from /prod/race/oem/tmp.
Report is empty or does not exist. Report will not be distributed.
  rpt_log_retention.ksh "${JOBNAME}d"  

+ rpt_log_retention.ksh mptr300d
\n Begin rpt_log_retention.ksh \n
Processing REPORTID=mptr300d
oldest file removed: /prod/race/oem/rpt/mptr300d_edttesus_20260227054857.rpt (due to retention)
\n End rpt_log_retention.ksh
  email_rpt.ksh "${JOBNAME}c"
+ email_rpt.ksh mptr300c
RCS : email_rpt.ksh,v 1.7 2021/11/02 19:13:13 pg2697 Exp $
LATEST REPORT TO BE EMAILED: mptr300c_cmptesus_20260804102555.txt from /prod/race/oem/tmp.
Report is empty or does not exist. Report will not be distributed.
  rpt_log_retention.ksh "${JOBNAME}c"  

+ rpt_log_retention.ksh mptr300c
\n Begin rpt_log_retention.ksh \n
Processing REPORTID=mptr300c
oldest file removed: /prod/race/oem/rpt/mptr300c_cmptesus_20251201084802.rpt (due to retention)
\n End rpt_log_retention.ksh
  email_rpt.ksh "${JOBNAME}x" 
+ email_rpt.ksh mptr300x
RCS : email_rpt.ksh,v 1.7 2021/11/02 19:13:13 pg2697 Exp $
LATEST REPORT TO BE EMAILED: mptr300x_duptesus_20260804102555.txt from /prod/race/oem/tmp.
Report is empty or does not exist. Report will not be distributed.
  rpt_log_retention.ksh "${JOBNAME}x"   

+ rpt_log_retention.ksh mptr300x
\n Begin rpt_log_retention.ksh \n
Processing REPORTID=mptr300x
oldest file removed: /prod/race/oem/rpt/mptr300x_duptesus_20260227054857.rpt (due to retention)
\n End rpt_log_retention.ksh
  
  
#STEP Step280R
  export STEPNAME=Step280R
+ STEPNAME=Step280R
+ export STEPNAME
  echo "\n\nSTART ---> ${PROCNAME} ${STEPNAME}" $(date +'%m/%d/%y %H:%M:%S')  " <--- START\n\n"
+ date '+%m/%d/%y %H:%M:%S'
+ echo '\n\nSTART ---> mptr300_oem_ref_trans_check_and_split Step280R' 08/04/26 10:25:59 ' <--- START\n\n'
\n\nSTART ---> mptr300_oem_ref_trans_check_and_split Step280R 08/04/26 10:25:59  <--- START\n\n
  oem_job_status_update.ksh "R" "${STEPNAME} pkg_oem_ref_actrans_preprocess"
+ oem_job_status_update.ksh R 'Step280R pkg_oem_ref_actrans_preprocess'
  #**************************************************************************************
  #  Program: pkg_oem_ref_actrans_preprocess
  #           Read old ACTRANS records and compare against the new Reformat records
  #           ACTRANS Old Part Numbers found in Reformat file are processed:
  #           Transaction type 'N' or 'P' --> drop ACTRANS
  #                            'A' or 'C' --> and new part number match rewrite ACTRANS
  #                                           otherwise, drop ACTRANS
  #                                   'D' --> rewrite ACTRANS
  #**************************************************************************************
  ACTRANS_FILEPATH=$(setgdg.ksh "${RACE}/dat/${UPDATEJOB}_actrans_${JOBFILE_OEMCTRY}.dat(0)")              
+ setgdg.ksh '/prod/race/oem/dat/mptr301_actrans_tes_us.dat(0)'
+ ACTRANS_FILEPATH=/prod/race/oem/dat/mptr301_actrans_tes_us.dat.g86
  INPUT_FILE_ACTRANS=$( basename ${ACTRANS_FILEPATH} )                               

+ basename /prod/race/oem/dat/mptr301_actrans_tes_us.dat.g86
+ INPUT_FILE_ACTRANS=mptr301_actrans_tes_us.dat.g86
  INPUT_FILEPATH=$(setgdg.ksh "${RACE}/dat/${JOBNAME}_ref_${JOBFILE_OEMCTRY}.dat(0)")
+ setgdg.ksh '/prod/race/oem/dat/mptr300_ref_tes_us.dat(0)'
+ INPUT_FILEPATH=/prod/race/oem/dat/mptr300_ref_tes_us.dat.g87
  INPUT_FILE_REF=$( basename ${INPUT_FILEPATH} )     

+ basename /prod/race/oem/dat/mptr300_ref_tes_us.dat.g87
+ INPUT_FILE_REF=mptr300_ref_tes_us.dat.g87
  OUTPUT_FILE_ACTRANS=${JOBNAME}_step280_actrans_${JOBFILE_OEMCTRY}.tmp

+ OUTPUT_FILE_ACTRANS=mptr300_step280_actrans_tes_us.tmp
  REPORT_FILE_COUNTS=${JOBNAME}t_act${REPORTSUFFIX}_$(date +'%C%y%m%d%H%M%S').rpt
+ date +%C%y%m%d%H%M%S
+ REPORT_FILE_COUNTS=mptr300t_acttesus_20260804102559.rpt
 
  
#----------------------------------------------------------------------------------------
(sqlplus -s << % 2>&1)
${MPTUSERID}
SET ECHO ON;
SET FEEDBACK ON;
SET VERIFY ON;
SET LINESIZE 80;
SET SERVEROUTPUT ON;
whenever sqlerror exit sql.sqlcode
    exec pkg_oem_ref_actrans_preprocess.p_main_procedure(p_reformat_job        => '${REFORMATJOB}',         \
                                                         p_log_directory       => '${OBJ_LOGDIR}',          \
                                                         p_log_filename        => '${LOGFILE}',             \
                                                         p_input_directory     => '${OBJ_DATDIR}',          \
                                                         p_input_file_ref      => '${INPUT_FILE_REF}',      \
                                                         p_input_file_actrans  => '${INPUT_FILE_ACTRANS}',  \
                                                         p_output_directory    => '${OBJ_TMPDIR}',          \
                                                         p_output_file_actrans => '${OUTPUT_FILE_ACTRANS}', \
                                                         p_report_directory    => '${OBJ_RPTDIR}',          \
                                                         p_report_file_counts  => '${REPORT_FILE_COUNTS}',  \
                                                         p_debug_level         => '${RACE_DEBUG_LEVEL}',    \
                                                         p_dbms_profiler_flag  => '${RACE_DBMS_PROFILER_FLAG}');
QUIT;
%
+ sqlplus -s
+ 0<< \%
racejob/q1w2e3r4
SET ECHO ON;
SET FEEDBACK ON;
SET VERIFY ON;
SET LINESIZE 80;
SET SERVEROUTPUT ON;
whenever sqlerror exit sql.sqlcode
    exec pkg_oem_ref_actrans_preprocess.p_main_procedure(p_reformat_job        => 'mptr300',                                                                  p_log_directory       => 'RACE_OEM_LOG_DIR',                                                                   p_log_filename        => 'mptr300_20260804102052.log',                                                                      p_input_directory     => 'RACE_OEM_DAT_DIR',                                                                   p_input_file_ref      => 'mptr300_ref_tes_us.dat.g87',                                                               p_input_file_actrans  => 'mptr301_actrans_tes_us.dat.g86',                                                           p_output_directory    => 'RACE_OEM_TMP_DIR',                                                                   p_output_file_actrans => 'mptr300_step280_actrans_tes_us.tmp',                                                          p_report_directory    => 'RACE_OEM_RPT_DIR',                                                                   p_report_file_counts  => 'mptr300t_acttesus_20260804102559.rpt',                                                           p_debug_level         => '0',                                                             p_dbms_profiler_flag  => 'N');
QUIT;
%
2>& 1

PL/SQL procedure successfully completed.

#----------------------------------------------------------------------------------------

#STEP Step281R
  export STEPNAME=Step281R
+ STEPNAME=Step281R
+ export STEPNAME
  echo "\n\nSTART ---> ${PROCNAME} ${STEPNAME}" $(date +'%m/%d/%y %H:%M:%S')  " <--- START\n\n"
+ date '+%m/%d/%y %H:%M:%S'
+ echo '\n\nSTART ---> mptr300_oem_ref_trans_check_and_split Step281R' 08/04/26 10:26:04 ' <--- START\n\n'
\n\nSTART ---> mptr300_oem_ref_trans_check_and_split Step281R 08/04/26 10:26:04  <--- START\n\n
  oem_job_status_update.ksh "R" "${STEPNAME} Report Distribution"
+ oem_job_status_update.ksh R 'Step281R Report Distribution'
  #**************************************************************************************
  #  Emails and Handles Retention for Report(s) created in previous step  
  #**************************************************************************************
  email_rpt.ksh "${JOBNAME}t" 
+ email_rpt.ksh mptr300t
RCS : email_rpt.ksh,v 1.7 2021/11/02 19:13:13 pg2697 Exp $
LATEST REPORT TO BE EMAILED: mptr300t_acttesus_20260804102559.txt from /prod/race/oem/tmp.
  rpt_log_retention.ksh "${JOBNAME}t" 

+ rpt_log_retention.ksh mptr300t
\n Begin rpt_log_retention.ksh \n
Processing REPORTID=mptr300t
oldest file removed: /prod/race/oem/rpt/mptr300t_acttesus_20260227054903.rpt (due to retention)
\n End rpt_log_retention.ksh
  
#STEP Step290R
  export STEPNAME=Step290R
+ STEPNAME=Step290R
+ export STEPNAME
  echo "\n\nSTART ---> ${PROCNAME} ${STEPNAME}" $(date +'%m/%d/%y %H:%M:%S')  " <--- START\n\n"
+ date '+%m/%d/%y %H:%M:%S'
+ echo '\n\nSTART ---> mptr300_oem_ref_trans_check_and_split Step290R' 08/04/26 10:26:05 ' <--- START\n\n'
\n\nSTART ---> mptr300_oem_ref_trans_check_and_split Step290R 08/04/26 10:26:05  <--- START\n\n
  if [ ${JOBNAME} = ${REFORMATJOB} ]
  then
    oem_job_status_update.ksh "R" "${STEPNAME} Drop duplicated ACtrans"
    #*************************************************************************************************
    #    *** Isolate "new" actrans and merge with "previous" actrans records ... elimiate duplicates
    # 1. awk to create subset of all transactions except for 'A' and 'C')
    # 2. awk to create subset of all atrans and all ctrans records in the Reformat File 
    # 3. sort -u to remove duplicate actrans creating "reduced" actrans
    # 4. merge and sort NON-actrans with "reduced" actrans 
    #*************************************************************************************************
    REFORMAT_FILEIN=$(setgdg.ksh "${RACE}/dat/${JOBNAME}_ref_${JOBFILE_OEMCTRY}.dat(0)")   #From Step260R
    TEMP_ACTRANS=${RACE}/tmp/${JOBNAME}_step280_actrans_${JOBFILE_OEMCTRY}.tmp             #From Step280R
    #*************************************************************************************************
    # 1. awk to create subset of all transaction except for 'A' and 'C'
    REFTRANS_NOT_ACTRANS=${RACE}/tmp/${JOBNAME}_step290_not_actrans_${JOBFILE_OEMCTRY}.tmp
    awk '{ if (substr($0,1,1)!="A" && substr($0,1,1)!="C") print $0 }' ${REFORMAT_FILEIN} > ${REFTRANS_NOT_ACTRANS}
    #*************************************************************************************************
    # 2. awk to create subset of all ACTrans
    REFTRANS_ACTRANS=${RACE}/tmp/${JOBNAME}_step290_ref_actrans_${JOBFILE_OEMCTRY}.tmp
    awk '{ if (substr($0,1,1)=="A" || substr($0,1,1)=="C") print $0 }' ${REFORMAT_FILEIN} > ${REFTRANS_ACTRANS}
    #*************************************************************************************************
    # 3. UNIQUE sort together actrans files (this may drop records which is the desired result)
    SORTIN_BOTH1="${REFTRANS_ACTRANS} ${TEMP_ACTRANS}"
    ACTRANS_REDUCED=${RACE}/tmp/${JOBNAME}_step290_actrans_reduced_${JOBFILE_OEMCTRY}.tmp
    #                     +---------+----------+-----------+
    #                     |Transcode| Old Part | New Part  |
    #                     +---------+----------+-----------+
    sort -T ${RACE}/tmp -u -k1.1,1.1 -k1.7,1.31 -k1.32,1.56 -o ${ACTRANS_REDUCED} ${SORTIN_BOTH1}
    #*************************************************************************************************
    # 4. sort together actrans and the "other" transactions
    SORTIN_BOTH2="${ACTRANS_REDUCED} ${REFTRANS_NOT_ACTRANS}"
    REFORMAT_SORTOUT=${RACE}/tmp/${JOBNAME}_step290_ref_${JOBFILE_OEMCTRY}_sorted.tmp
    #                  +---------+----------+-----------+------------+-----------------+
    #                  |Transcode| Old Part |  New Part |Price Revrsd| Descrip Reversed|
    #                  +---------+----------+-----------+------------+-----------------+                      
    sort -T ${RACE}/tmp -k1.1,1.1 -k1.7,1.31 -k1.32,1.56 -k1.57,1.71r -k1.88,1.167r -o ${REFORMAT_SORTOUT} ${SORTIN_BOTH2}      
  fi


+ [ mptr300 '=' mptr300 ]
+ oem_job_status_update.ksh R 'Step290R Drop duplicated ACtrans'
+ setgdg.ksh '/prod/race/oem/dat/mptr300_ref_tes_us.dat(0)'
+ REFORMAT_FILEIN=/prod/race/oem/dat/mptr300_ref_tes_us.dat.g87
+ TEMP_ACTRANS=/prod/race/oem/tmp/mptr300_step280_actrans_tes_us.tmp
+ REFTRANS_NOT_ACTRANS=/prod/race/oem/tmp/mptr300_step290_not_actrans_tes_us.tmp
+ awk '{ if (substr($0,1,1)!="A" && substr($0,1,1)!="C") print $0 }' /prod/race/oem/dat/mptr300_ref_tes_us.dat.g87
+ 1> /prod/race/oem/tmp/mptr300_step290_not_actrans_tes_us.tmp
+ REFTRANS_ACTRANS=/prod/race/oem/tmp/mptr300_step290_ref_actrans_tes_us.tmp
+ awk '{ if (substr($0,1,1)=="A" || substr($0,1,1)=="C") print $0 }' /prod/race/oem/dat/mptr300_ref_tes_us.dat.g87
+ 1> /prod/race/oem/tmp/mptr300_step290_ref_actrans_tes_us.tmp
+ SORTIN_BOTH1='/prod/race/oem/tmp/mptr300_step290_ref_actrans_tes_us.tmp /prod/race/oem/tmp/mptr300_step280_actrans_tes_us.tmp'
+ ACTRANS_REDUCED=/prod/race/oem/tmp/mptr300_step290_actrans_reduced_tes_us.tmp
+ sort -T /prod/race/oem/tmp -u -k1.1,1.1 -k1.7,1.31 -k1.32,1.56 -o /prod/race/oem/tmp/mptr300_step290_actrans_reduced_tes_us.tmp /prod/race/oem/tmp/mptr300_step290_ref_actrans_tes_us.tmp /prod/race/oem/tmp/mptr300_step280_actrans_tes_us.tmp
+ SORTIN_BOTH2='/prod/race/oem/tmp/mptr300_step290_actrans_reduced_tes_us.tmp /prod/race/oem/tmp/mptr300_step290_not_actrans_tes_us.tmp'
+ REFORMAT_SORTOUT=/prod/race/oem/tmp/mptr300_step290_ref_tes_us_sorted.tmp
+ sort -T /prod/race/oem/tmp -k1.1,1.1 -k1.7,1.31 -k1.32,1.56 -k1.57,1.71r -k1.88,1.167r -o /prod/race/oem/tmp/mptr300_step290_ref_tes_us_sorted.tmp /prod/race/oem/tmp/mptr300_step290_actrans_reduced_tes_us.tmp /prod/race/oem/tmp/mptr300_step290_not_actrans_tes_us.tmp
#STEP Step300R
  export STEPNAME=Step300R
+ STEPNAME=Step300R
+ export STEPNAME
  echo "\n\nSTART ---> ${PROCNAME} ${STEPNAME}" $(date +'%m/%d/%y %H:%M:%S')  " <--- START\n\n"
+ date '+%m/%d/%y %H:%M:%S'
+ echo '\n\nSTART ---> mptr300_oem_ref_trans_check_and_split Step300R' 08/04/26 10:26:08 ' <--- START\n\n'
\n\nSTART ---> mptr300_oem_ref_trans_check_and_split Step300R 08/04/26 10:26:08  <--- START\n\n
  oem_job_status_update.ksh "R" "${STEPNAME} mptz021 Transaction Split Processing"
+ oem_job_status_update.ksh R 'Step300R mptz021 Transaction Split Processing'
  #**************************************************************************************
  #  Executes mptz021 - Transaction Split Program
  #**************************************************************************************
  export DD_PARMSIN=${RACE}/prm/${JOBPARM}.prm

+ DD_PARMSIN=/prod/race/oem/prm/zmpt301a.prm
+ export DD_PARMSIN
  # NOTE: Use this "tmp" file because it contains the correct actrans records...
  #       It is tempting to use the new "ref" (0) file but don't do it.
  export DD_TRANSIN=${RACE}/tmp/${JOBNAME}_step290_ref_${JOBFILE_OEMCTRY}_sorted.tmp

+ DD_TRANSIN=/prod/race/oem/tmp/mptr300_step290_ref_tes_us_sorted.tmp
+ export DD_TRANSIN
  export DD_ATRANS=${RACE}/dat/${JOBNAME}_atrans.tmp
+ DD_ATRANS=/prod/race/oem/dat/mptr300_atrans.tmp
+ export DD_ATRANS
  export DD_CTRANS=${RACE}/dat/${JOBNAME}_ctrans.tmp
+ DD_CTRANS=/prod/race/oem/dat/mptr300_ctrans.tmp
+ export DD_CTRANS
  export DD_NTRANS=${RACE}/dat/${JOBNAME}_ntrans.tmp
+ DD_NTRANS=/prod/race/oem/dat/mptr300_ntrans.tmp
+ export DD_NTRANS
  export DD_DTRANS=${RACE}/dat/${JOBNAME}_dtrans.tmp
+ DD_DTRANS=/prod/race/oem/dat/mptr300_dtrans.tmp
+ export DD_DTRANS
  export DD_PTRANS=${RACE}/dat/${JOBNAME}_ptrans.tmp
+ DD_PTRANS=/prod/race/oem/dat/mptr300_ptrans.tmp
+ export DD_PTRANS
  export DD_CNTLRPT=${RACE}/rpt/${JOBNAME}s_splt${REPORTSUFFIX}_$(date +'%C%y%m%d%H%M%S').rpt

+ date +%C%y%m%d%H%M%S
+ DD_CNTLRPT=/prod/race/oem/rpt/mptr300s_splttesus_20260804102608.rpt
+ export DD_CNTLRPT
  mptz021 2>&1

+ mptz021
+ 2>& 1
Connected user(MFCONNECT) 
AUDITLOG.DISABLE_UDStamp
AUDITLOG.DISABLE_UpdateNonWipFix
AUDITLOG.DISABLE_LOGGING
WS-EFF-DT=07/31/2026
** CNTL PARM - EFF. DATE <=  LAST ASMB DATE **    
** FOR REGULAR RUN. MUST BE > LAST DATE     **    

-- cobabend called abend --oem_abndalrt.ksh $?+ oem_abndalrt.ksh 255
\n\n*** Begin oem_abndalrt.ksh ***\n\n
}
_=*43933*/bin/env
abin=/prod/race/altp/bin
ACT_LVL=prod
adat=/prod/race/altp/dat
adoc=/prod/race/altp/doc
alog=/prod/race/altp/log
APPSYS=oem
aprm=/prod/race/altp/prm
arpt=/prod/race/altp/rpt
asrc=/prod/race/altp/src
_AST_FEATURES=UNIVERSE - ucb
atmp=/prod/race/altp/tmp
A__z="*SHLVL="*TMOUT
BASH_FUNC_which%%=() {  ( alias;
cbin=/prod/race/ceg/bin
cdat=/prod/race/ceg/dat
cdoc=/prod/race/ceg/doc
clog=/prod/race/ceg/log
COBDIR=/opt/rocketsoftware/VisualCOBOL
cprm=/prod/race/ceg/prm
crpt=/prod/race/ceg/rpt
csrc=/prod/race/ceg/src
ctmp=/prod/race/ceg/tmp
DD_ATRANS=/prod/race/oem/dat/mptr300_atrans.tmp
DD_CNTLRPT=/prod/race/oem/rpt/mptr300s_splttesus_20260804102608.rpt
DD_CTRANS=/prod/race/oem/dat/mptr300_ctrans.tmp
DD_DTRANS=/prod/race/oem/dat/mptr300_dtrans.tmp
DD_NTRANS=/prod/race/oem/dat/mptr300_ntrans.tmp
DD_PARMSIN=/prod/race/oem/prm/zmpt301a.prm
DD_PTRANS=/prod/race/oem/dat/mptr300_ptrans.tmp
DD_TRANSIN=/prod/race/oem/tmp/mptr300_step290_ref_tes_us_sorted.tmp
DEBUGINFOD_IMA_CERT_PATH=/etc/keys/ima:
DUPLICATE_PARTS_EXPECTED_FLAG=Y
ebin=/prod/race/ext/bin
edat=/prod/race/ext/dat
edoc=/prod/race/ext/doc
elog=/prod/race/ext/log
ENV=/prod/race/share/bin/racekshrc.ksh
eprm=/prod/race/ext/prm
erpt=/prod/race/ext/rpt
esrc=/prod/race/ext/src
etmp=/prod/race/ext/tmp
 eval ${which_declare} ) | /usr/bin/which --tty-only --read-alias --read-functions --show-tilde --show-dot $@
EXINIT=set ic
FORMATCTRY=US
FORMATOEM=090
FTP_BUSINESS_PATH=/ftp1/Business_Partners
FTP_MITCHELL_BUSINESS_PATH=/prod/data/ftp/Business_Partners/mitchell
FTP_SERVER=prod3nt.production.int
FTP_SFTP_USER=race_b1@
FTP_SITE=ftp-ssh.mitchell.com
HISTCONTROL=ignoredups
HISTSIZE=1000
HOME=/home/production.int/svc-apd-race-prd
HOSTNAME=pawapp7017l
JOBCTRY=US
JOBFILE_OEMCTRY=tes_us
JOBLOGNAME=/prod/race/oem/log/mptr300_20260804102052.log
JOBNAME=mptr300
JOBOEM=090
JOBOEMNAME=TES
JOBPARM=zmpt301a
LANG=en_US.UTF-8
LD_LIBRARY_PATH=/opt/rocketsoftware/VisualCOBOL/lib:/opt/rocketsoftware/VisualCOBOL/lib64:/u01/app/oracle/product/19.3.0/client64/lib:/opt/rocketsoftware/VisualCOBOL/lib:/opt/rocketsoftware/VisualCOBOL/lib64:
LESSOPEN=||/usr/bin/lesspipe.sh %s
LIBPATH=/opt/ruby241/lib:/opt/freeware/lib
LOGDIR=/prod/race/oem/log
LOGNAME=svc-apd-race-prd@production.int
LOG=/prod/race/oem/log/mptr300_42319.sqlout
LS_COLORS=rs=0:di=01;34:ln=01;36:mh=00:pi=40;33:so=01;35:do=01;35:bd=40;33;01:cd=40;33;01:or=40;31;01:mi=01;37;41:su=37;41:sg=30;43:ca=30;41:tw=30;42:ow=34;42:st=37;44:ex=01;32:*.tar=01;31:*.tgz=01;31:*.arc=01;31:*.arj=01;31:*.taz=01;31:*.lha=01;31:*.lz4=01;31:*.lzh=01;31:*.lzma=01;31:*.tlz=01;31:*.txz=01;31:*.tzo=01;31:*.t7z=01;31:*.zip=01;31:*.z=01;31:*.dz=01;31:*.gz=01;31:*.lrz=01;31:*.lz=01;31:*.lzo=01;31:*.xz=01;31:*.zst=01;31:*.tzst=01;31:*.bz2=01;31:*.bz=01;31:*.tbz=01;31:*.tbz2=01;31:*.tz=01;31:*.deb=01;31:*.rpm=01;31:*.jar=01;31:*.war=01;31:*.ear=01;31:*.sar=01;31:*.rar=01;31:*.alz=01;31:*.ace=01;31:*.zoo=01;31:*.cpio=01;31:*.7z=01;31:*.rz=01;31:*.cab=01;31:*.wim=01;31:*.swm=01;31:*.dwm=01;31:*.esd=01;31:*.jpg=01;35:*.jpeg=01;35:*.mjpg=01;35:*.mjpeg=01;35:*.gif=01;35:*.bmp=01;35:*.pbm=01;35:*.pgm=01;35:*.ppm=01;35:*.tga=01;35:*.xbm=01;35:*.xpm=01;35:*.tif=01;35:*.tiff=01;35:*.png=01;35:*.svg=01;35:*.svgz=01;35:*.mng=01;35:*.pcx=01;35:*.mov=01;35:*.mpg=01;35:*.mpeg=01;35:*.m2v=01;35:*.mkv=01;35:*.webm=01;35:*.webp=01;35:*.ogm=01;35:*.mp4=01;35:*.m4v=01;35:*.mp4v=01;35:*.vob=01;35:*.qt=01;35:*.nuv=01;35:*.wmv=01;35:*.asf=01;35:*.rm=01;35:*.rmvb=01;35:*.flc=01;35:*.avi=01;35:*.fli=01;35:*.flv=01;35:*.gl=01;35:*.dl=01;35:*.xcf=01;35:*.xwd=01;35:*.yuv=01;35:*.cgm=01;35:*.emf=01;35:*.ogv=01;35:*.ogx=01;35:*.aac=01;36:*.au=01;36:*.flac=01;36:*.m4a=01;36:*.mid=01;36:*.midi=01;36:*.mka=01;36:*.mp3=01;36:*.mpc=01;36:*.ogg=01;36:*.ra=01;36:*.wav=01;36:*.oga=01;36:*.opus=01;36:*.spx=01;36:*.xspf=01;36:
MAIL=/var/spool/mail/svc-apd-race-prd@production.int
MANPATH=:usr/share/man:/prod/race/share/doc/man:/opt/freeware/man
MF_LICENSE_DIR=/opt/rocketsoftware/VisualCOBOL/etc
NOVELL=prod/
obin=/prod/race/oem/bin
OBJ_DATDIR=RACE_OEM_DAT_DIR
OBJ_LOGDIR=RACE_OEM_LOG_DIR
OBJ_PRMDIR=RACE_OEM_PRM_DIR
OBJ_RPTDIR=RACE_OEM_RPT_DIR
OBJ_TMPDIR=RACE_OEM_TMP_DIR
OBSOLETE_JOB_FLAG=N
odat=/prod/race/oem/dat
odoc=/prod/race/oem/doc
OEMABBRLOWER=tes
olog=/prod/race/oem/log
oprm=/prod/race/oem/prm
ORACLE_BASE=/u01/app/oracle
ORACLE_HOME=/u01/app/oracle/product/19.3.0/client64
ORACLE_HOSTNAME=pawapp7017l
ORACLE_SID=RADP.MITCHELL.COM
ORA_INVENTORY=/u01/app/oraInventory
orpt=/prod/race/oem/rpt
osrc=/prod/race/oem/src
otmp=/prod/race/oem/tmp
PACKAGE_NAME_1=pkg_oem_ref_047
PACKAGE_NAME_2=
PATH=/prod/race/oem/bin:/prod/race/share/bin:/prod/race/share/bin:/prod/race/oem/bin:/usr/local/bin:/sbin:/bin:/usr/sbin:/usr/bin:/usr/bin/X11:/usr/lib/cobol/bin:/usr/local/spfux/decbin:.:/prod/race/bin:/prod/race/ext/bin:/stage/race/share/bin:/stage/race/ext/bin:/opt/ruby241:/opt/ruby241/bin:/home/production.int/svc-apd-race-prd:/opt/rocketsoftware/VisualCOBOL/bin:/u01/app/oracle/product/19.3.0/client64/bin:/usr/lib/oracle/23/client64/bin:/etc:/root/.local/bin:/root/bin:/prod/util/share/bin:/opt/microfocus/cobol/bin:/stage/race/oem/bin
PREPROCESS_SCRIPT_NAME=
PROCNAME=mptr300_oem_ref_trans_check_and_split
PRODHOST=pawapp7017l
PWD=/home/production.int/svc-apd-race-prd
qbin=/prod/race/qrp/bin
qdat=/prod/race/qrp/dat
qdoc=/prod/race/qrp/doc
qlog=/prod/race/qrp/log
qprm=/prod/race/qrp/prm
qrpt=/prod/race/qrp/rpt
qsrc=/prod/race/qrp/src
qtmp=/prod/race/qrp/tmp
RACE_DBMS_PROFILER_FLAG=N
RACE_DEBUG_LEVEL=0
RACE=/prod/race/oem
RCSDIR=/prod/race
RCSHOST=race
REFORMAT_BUILDS_RTRANS_FLAG=Y
REFORMATJOB=mptr300
REPORTSUFFIX=tesus
RESTART=
RESTART_FILE_SEQUENCE=
REVERSE_SUPER_JOBPARM=
sbin=/prod/race/share/bin
S_COLORS=auto
sdat=/prod/race/share/dat
sdoc=/prod/race/share/doc
SERVER_NAME=pawapp7017l
SHELL=/bin/ksh
SHLVL=5
sinc=/prod/race/share/inc
slib=/prod/race/share/lib
slog=/prod/race/share/log
sort_type=tcd_old_part_new_part
sprm=/prod/race/share/prm
srpt=/prod/race/share/rpt
SRVR=pawapp7017l
ssrc=/prod/race/share/src
stage_abin=/stage/race/altp/bin
stage_aprm=/stage/race/altp/prm
stage_asrc=/stage/race/altp/src
stage_cbin=/stage/race/ceg/bin
stage_cprm=/stage/race/ceg/prm
stage_csrc=/stage/race/ceg/src
stage_obin=/stage/race/oem/bin
stage_oprm=/stage/race/oem/prm
stage_osrc=/stage/race/oem/src
stage_qbin=/stage/race/qrp/bin
stage_qprm=/stage/race/qrp/prm
stage_qsrc=/stage/race/qrp/src
stage_sbin=/stage/race/share/bin
stage_sinc=/stage/race/share/inc
stage_slib=/stage/race/share/lib
stage_sprm=/stage/race/share/prm
stage_ssrc=/stage/race/share/src
STAGE=/stage/race
STEPNAME=Step300R
stmp=/prod/race/share/tmp
TERM=vt100
TESTHOST=TESTHOSTgoesHERE
THISHOST=pawapp7017l
TMOUT=28800
TNS_ADMIN=/u01/app/oracle/product/19.3.0/client64/network/admin
TWO_TASK=RADP.MITCHELL.COM
UPDATEJOB=mptr301
USER=svc-apd-race-prd@production.int
which_declare=
WORKFILE=/prod/race/oem/tmp/mptr300_oem_job.tmp
XDG_DATA_DIRS=/home/production.int/svc-apd-race-prd/.local/share/flatpak/exports/share:/var/lib/flatpak/exports/share:/usr/local/share:/usr/share

 !!  PRODUCTION JOB--CONDITION CODE ERROR  !!
 !!     REPORT TO PRODUCTION CONTROL       !!
   ** mptr300:mptr300_oem_ref_trans_check_and_split[Step300R] failed, rc = 255 **
\n\n***  End  oem_abndalrt.ksh ***\n\n
/prod/race/share/bin/exec_restart.ksh: line 94: 43188: Killed
    Start  mptr300   Tue Aug 4 10:42:19 AM PDT 2026
\n\n**********************************************************************************
Restart Step Step300R has been included in the job execution.
**********************************************************************************\n\n
\n\n**********************************************************************************
Step Step300R is not found in script: /prod/race/oem/bin/oem_ref.ksh
Restart stepname is case sensitive (step010r will fail - use Step010R)
**********************************************************************************\n\n
\n\n**********************************************************************************
Restart Step Step300R has been included in the job execution.
**********************************************************************************\n\n
\n\n**************************************************************************************************************
Calling:  oem_ref_trans_check_and_split.ksh Step300R   Datetime: 08/04/26 10:42:20   Script: /tmp/mptr300_oem_ref_trans_check_and_split.ksh_run
**************************************************************************************************************\n\n
RCS : oem_ref_trans_check_and_split.ksh,v 1.15 2020/08/26 00:54:25 pg2697 Exp $
print ProcessId = $$
+ print ProcessId '=' 44317
ProcessId = 44317
#****************************************************************************************
#      NOTE:  This script is very similiar to oem_ref_trans_split_only.ksh
#   Changes here should also be considered in oem_ref_trans_split_only.ksh.
#****************************************************************************************
trap 'oem_abndalrt.ksh $?' err
+ trap 'oem_abndalrt.ksh $?' err
export PROCNAME=$(basename $0 .ksh_run)
+ basename /tmp/mptr300_oem_ref_trans_check_and_split.ksh_run .ksh_run
+ PROCNAME=mptr300_oem_ref_trans_check_and_split
+ export PROCNAME
#****************************************************************************************
#  Build environment variables for the job (based on jobname)
#****************************************************************************************
. oem_job.ksh 
+ . oem_job.ksh
#!/bin/ksh
echo "RCS $Id: oem_job.ksh,v 1.7 2026/08/04 17:14:37 rj132422 Exp $"
#*****************************************************************************************
# PROCNAME oem_job.ksh
# PURPOSE  Retreive and build UNIX Environment Variables from Oracle Tables
#          Used by RACE OEM Parts Reformat and Update jobs
#*****************************************************************************************
trap 'oem_abndalrt.ksh $?' err
MPTUSERID=`cat ${RACE}/prm/zmptpass.prm`
LOGFILE=$(basename ${JOBLOGNAME})
#*****************************************************************************************
#  Build UNIX environment variables for the job (based on jobname)
#*****************************************************************************************
REFORMATJOB=${JOBNAME}
UPDATEJOB=${JOBNAME}
WORKFILE=${JOBNAME}_oem_job.tmp
#-----------------------------------------------------------------------------------------
(sqlplus -s << % 2>&1)
${MPTUSERID}
SET VERIFY OFF
SET FEEDBACK OFF
SET TAB OFF
SET LINESIZE 100
SET PAGES 0
SET TRIMSPOOL ON
whenever sqlerror exit sql.sqlcode
    exec pkg_oem_job.p_oem_job_sel_03(p_jobname       => '${JOBNAME}',    \
                                      p_tmp_directory => '${OBJ_TMPDIR}', \
                                      p_tmp_filename  => '${WORKFILE}',   \
                                      p_log_directory => '${OBJ_LOGDIR}', \
                                      p_log_filename  => '${LOGFILE%.log}.db.log');
QUIT;
%

# rj132422 - This code was added to avoid race condition between db and shell due the nfs
DB_LOG=${LOGDIR}/${LOGFILE%.log}.db.log
if [ -s "$DB_LOG" ]; then
    cat "$DB_LOG" >> "${LOGDIR}/${LOGFILE}"
    rm  "$DB_LOG"
fi

#-----------------------------------------------------------------------------------------
export WORKFILE=${RACE}/tmp/${WORKFILE}

#If the ReformatJob Environment variable isn't defined, abend the process
export REFORMATJOB=`cat ${WORKFILE}                   | cut -f1  -d","`
if [ -z "${REFORMATJOB}" ]
then
   abndalrt.ksh environment_not_found_in_oem_job_table.tmp
fi
export UPDATEJOB=`cat ${WORKFILE}                     | cut -f2  -d","`
export JOBOEM=`cat ${WORKFILE}                        | cut -f3  -d","`
export JOBCTRY=`cat ${WORKFILE}                       | cut -f4  -d","`
export JOBOEMNAME=`cat ${WORKFILE}                    | cut -f5  -d","`
export OEMABBRLOWER=`cat ${WORKFILE}                  | cut -f6  -d","`
export JOBPARM=`cat ${WORKFILE}                       | cut -f7  -d","`
export FORMATOEM=`cat ${WORKFILE}                     | cut -f8  -d","`
export FORMATCTRY=`cat ${WORKFILE}                    | cut -f9  -d","`
export JOBFILE_OEMCTRY=`cat ${WORKFILE}               | cut -f10 -d","`
export REPORTSUFFIX=`cat ${WORKFILE}                  | cut -f11 -d","`
export REVERSE_SUPER_JOBPARM=`cat ${WORKFILE}         | cut -f12 -d","`
export PACKAGE_NAME_1=`cat ${WORKFILE}                | cut -f13 -d","`
export PACKAGE_NAME_2=`cat ${WORKFILE}                | cut -f14 -d","`
export DUPLICATE_PARTS_EXPECTED_FLAG=`cat ${WORKFILE} | cut -f15 -d","`
export REFORMAT_BUILDS_RTRANS_FLAG=`cat ${WORKFILE}   | cut -f16 -d","`
export OBSOLETE_JOB_FLAG=`cat ${WORKFILE}             | cut -f17 -d","`
export PREPROCESS_SCRIPT_NAME=`cat ${WORKFILE}        | cut -f18 -d","`


##########################################################################################
# The various Oracle Package call by the OEM system use Global Temporary Tables.
# For some reason (only in the test system at this point in time), the indexes on these
# Global Tempoary Tables are missing.
# The missing indexes result in slooooow processing and often aren't discovered missing
# right away.  To curtail this problem, run a quick check to see if the indexes exist.
# When an index for a Global Temporary Table is not found, it will be created.
##########################################################################################
#-----------------------------------------------------------------------------------------
(sqlplus -s << % 2>&1)
${MPTUSERID}
SET VERIFY OFF
SET FEEDBACK OFF
SET TAB OFF
SET LINESIZE 100
SET PAGES 0
SET TRIMSPOOL ON
SET SERVEROUTPUT ON SIZE 1000000
whenever sqlerror exit sql.sqlcode
    exec pkg_oem_ref_utilities.p_check_gtmp_indexes(p_jobname       => '${JOBNAME}',       \
                                                    p_log_directory => '${OBJ_LOGDIR}',    \
                                                    p_log_filename  => '${LOGFILE%.log}.db.log',       \
                                                    p_debug_level   => '${RACE_DEBUG_LEVEL}');
QUIT;
%

# rj132422 - This code was added to avoid race condition between db and shell due the nfs
DB_LOG=${LOGDIR}/${LOGFILE%.log}.db.log
if [ -s "$DB_LOG" ]; then
    cat "$DB_LOG" >> "${LOGDIR}/${LOGFILE}"
    rm  "$DB_LOG"
fi
#-----------------------------------------------------------------------------------------

#*****************************************************************************************
# END oem_job.ksh
#*****************************************************************************************
+ echo 'RCS : oem_job.ksh,v 1.7 2026/08/04 17:14:37 rj132422 Exp $'
RCS : oem_job.ksh,v 1.7 2026/08/04 17:14:37 rj132422 Exp $
+ trap 'oem_abndalrt.ksh $?' err
cat ${RACE}/prm/zmptpass.prm
+ cat /prod/race/oem/prm/zmptpass.prm
+ MPTUSERID=racejob/q1w2e3r4
+ basename /prod/race/oem/log/mptr300_20260804102052.log
+ LOGFILE=mptr300_20260804102052.log
+ REFORMATJOB=mptr300
+ UPDATEJOB=mptr300
+ WORKFILE=mptr300_oem_job.tmp
+ sqlplus -s
+ 0<< \%
racejob/q1w2e3r4
SET VERIFY OFF
SET FEEDBACK OFF
SET TAB OFF
SET LINESIZE 100
SET PAGES 0
SET TRIMSPOOL ON
whenever sqlerror exit sql.sqlcode
    exec pkg_oem_job.p_oem_job_sel_03(p_jobname       => 'mptr300',                                          p_tmp_directory => 'RACE_OEM_TMP_DIR',                                       p_tmp_filename  => 'mptr300_oem_job.tmp',                                         p_log_directory => 'RACE_OEM_LOG_DIR',                                       p_log_filename  => 'mptr300_20260804102052.db.log');
QUIT;
%
2>& 1
+ DB_LOG=/prod/race/oem/log/mptr300_20260804102052.db.log
+ [ -s /prod/race/oem/log/mptr300_20260804102052.db.log ]
+ cat /prod/race/oem/log/mptr300_20260804102052.db.log
+ 1>> /prod/race/oem/log/mptr300_20260804102052.log

mptr300,mptr301,090,US,TES,tes,zmpt301a,090,US,tes_us,tesus,,pkg_oem_ref_047,,Y,Y,N,,,N,

+ rm /prod/race/oem/log/mptr300_20260804102052.db.log
+ WORKFILE=/prod/race/oem/tmp/mptr300_oem_job.tmp
+ export WORKFILE
cat ${WORKFILE}                   | cut -f1  -d","
+ cut -f1 -d,
+ cat /prod/race/oem/tmp/mptr300_oem_job.tmp
+ REFORMATJOB=mptr300
+ export REFORMATJOB
+ [ -z mptr300 ]
cat ${WORKFILE}                     | cut -f2  -d","
+ cut -f2 -d,
+ cat /prod/race/oem/tmp/mptr300_oem_job.tmp
+ UPDATEJOB=mptr301
+ export UPDATEJOB
cat ${WORKFILE}                        | cut -f3  -d","
+ cat /prod/race/oem/tmp/mptr300_oem_job.tmp
+ cut -f3 -d,
+ JOBOEM=090
+ export JOBOEM
cat ${WORKFILE}                       | cut -f4  -d","
+ cut -f4 -d,
+ cat /prod/race/oem/tmp/mptr300_oem_job.tmp
+ JOBCTRY=US
+ export JOBCTRY
cat ${WORKFILE}                    | cut -f5  -d","
+ cut -f5 -d,
+ cat /prod/race/oem/tmp/mptr300_oem_job.tmp
+ JOBOEMNAME=TES
+ export JOBOEMNAME
cat ${WORKFILE}                  | cut -f6  -d","
+ cat /prod/race/oem/tmp/mptr300_oem_job.tmp
+ cut -f6 -d,
+ OEMABBRLOWER=tes
+ export OEMABBRLOWER
cat ${WORKFILE}                       | cut -f7  -d","
+ cut -f7 -d,
+ cat /prod/race/oem/tmp/mptr300_oem_job.tmp
+ JOBPARM=zmpt301a
+ export JOBPARM
cat ${WORKFILE}                     | cut -f8  -d","
+ cat /prod/race/oem/tmp/mptr300_oem_job.tmp
+ cut -f8 -d,
+ FORMATOEM=090
+ export FORMATOEM
cat ${WORKFILE}                    | cut -f9  -d","
+ cat /prod/race/oem/tmp/mptr300_oem_job.tmp
+ cut -f9 -d,
+ FORMATCTRY=US
+ export FORMATCTRY
cat ${WORKFILE}               | cut -f10 -d","
+ cut -f10 -d,
+ cat /prod/race/oem/tmp/mptr300_oem_job.tmp
+ JOBFILE_OEMCTRY=tes_us
+ export JOBFILE_OEMCTRY
cat ${WORKFILE}                  | cut -f11 -d","
+ cat /prod/race/oem/tmp/mptr300_oem_job.tmp
+ cut -f11 -d,
+ REPORTSUFFIX=tesus
+ export REPORTSUFFIX
cat ${WORKFILE}         | cut -f12 -d","
+ cut -f12 -d,
+ cat /prod/race/oem/tmp/mptr300_oem_job.tmp
+ REVERSE_SUPER_JOBPARM=''
+ export REVERSE_SUPER_JOBPARM
cat ${WORKFILE}                | cut -f13 -d","
+ cat /prod/race/oem/tmp/mptr300_oem_job.tmp
+ cut -f13 -d,
+ PACKAGE_NAME_1=pkg_oem_ref_047
+ export PACKAGE_NAME_1
cat ${WORKFILE}                | cut -f14 -d","
+ cut -f14 -d,
+ cat /prod/race/oem/tmp/mptr300_oem_job.tmp
+ PACKAGE_NAME_2=''
+ export PACKAGE_NAME_2
cat ${WORKFILE} | cut -f15 -d","
+ cut -f15 -d,
+ cat /prod/race/oem/tmp/mptr300_oem_job.tmp
+ DUPLICATE_PARTS_EXPECTED_FLAG=Y
+ export DUPLICATE_PARTS_EXPECTED_FLAG
cat ${WORKFILE}   | cut -f16 -d","
+ cut -f16 -d,
+ cat /prod/race/oem/tmp/mptr300_oem_job.tmp
+ REFORMAT_BUILDS_RTRANS_FLAG=Y
+ export REFORMAT_BUILDS_RTRANS_FLAG
cat ${WORKFILE}             | cut -f17 -d","
+ cut -f17 -d,
+ cat /prod/race/oem/tmp/mptr300_oem_job.tmp
+ OBSOLETE_JOB_FLAG=N
+ export OBSOLETE_JOB_FLAG
cat ${WORKFILE}        | cut -f18 -d","
+ cut -f18 -d,
+ cat /prod/race/oem/tmp/mptr300_oem_job.tmp
+ PREPROCESS_SCRIPT_NAME=''
+ export PREPROCESS_SCRIPT_NAME
+ sqlplus -s
+ 0<< \%
racejob/q1w2e3r4
SET VERIFY OFF
SET FEEDBACK OFF
SET TAB OFF
SET LINESIZE 100
SET PAGES 0
SET TRIMSPOOL ON
SET SERVEROUTPUT ON SIZE 1000000
whenever sqlerror exit sql.sqlcode
    exec pkg_oem_ref_utilities.p_check_gtmp_indexes(p_jobname       => 'mptr300',                                                           p_log_directory => 'RACE_OEM_LOG_DIR',                                                        p_log_filename  => 'mptr300_20260804102052.db.log',                                                           p_debug_level   => '0');
QUIT;
%
2>& 1
+ DB_LOG=/prod/race/oem/log/mptr300_20260804102052.db.log
+ [ -s /prod/race/oem/log/mptr300_20260804102052.db.log ]
+ cat /prod/race/oem/log/mptr300_20260804102052.db.log
+ 1>> /prod/race/oem/log/mptr300_20260804102052.log

Start mptr300 pkg_oem_ref_utilities.p_check_gtmp_indexes


 End  mptr300 pkg_oem_ref_utilities.p_check_gtmp_indexes
+ rm /prod/race/oem/log/mptr300_20260804102052.db.log
#****************************************************************************************


#STEP Step300R
  export STEPNAME=Step300R
+ STEPNAME=Step300R
+ export STEPNAME
  echo "\n\nSTART ---> ${PROCNAME} ${STEPNAME}" $(date +'%m/%d/%y %H:%M:%S')  " <--- START\n\n"
+ date '+%m/%d/%y %H:%M:%S'
+ echo '\n\nSTART ---> mptr300_oem_ref_trans_check_and_split Step300R' 08/04/26 10:42:21 ' <--- START\n\n'
\n\nSTART ---> mptr300_oem_ref_trans_check_and_split Step300R 08/04/26 10:42:21  <--- START\n\n
  oem_job_status_update.ksh "R" "${STEPNAME} mptz021 Transaction Split Processing"
+ oem_job_status_update.ksh R 'Step300R mptz021 Transaction Split Processing'
  #**************************************************************************************
  #  Executes mptz021 - Transaction Split Program
  #**************************************************************************************
  export DD_PARMSIN=${RACE}/prm/${JOBPARM}.prm

+ DD_PARMSIN=/prod/race/oem/prm/zmpt301a.prm
+ export DD_PARMSIN
  # NOTE: Use this "tmp" file because it contains the correct actrans records...
  #       It is tempting to use the new "ref" (0) file but don't do it.
  export DD_TRANSIN=${RACE}/tmp/${JOBNAME}_step290_ref_${JOBFILE_OEMCTRY}_sorted.tmp

+ DD_TRANSIN=/prod/race/oem/tmp/mptr300_step290_ref_tes_us_sorted.tmp
+ export DD_TRANSIN
  export DD_ATRANS=${RACE}/dat/${JOBNAME}_atrans.tmp
+ DD_ATRANS=/prod/race/oem/dat/mptr300_atrans.tmp
+ export DD_ATRANS
  export DD_CTRANS=${RACE}/dat/${JOBNAME}_ctrans.tmp
+ DD_CTRANS=/prod/race/oem/dat/mptr300_ctrans.tmp
+ export DD_CTRANS
  export DD_NTRANS=${RACE}/dat/${JOBNAME}_ntrans.tmp
+ DD_NTRANS=/prod/race/oem/dat/mptr300_ntrans.tmp
+ export DD_NTRANS
  export DD_DTRANS=${RACE}/dat/${JOBNAME}_dtrans.tmp
+ DD_DTRANS=/prod/race/oem/dat/mptr300_dtrans.tmp
+ export DD_DTRANS
  export DD_PTRANS=${RACE}/dat/${JOBNAME}_ptrans.tmp
+ DD_PTRANS=/prod/race/oem/dat/mptr300_ptrans.tmp
+ export DD_PTRANS
  export DD_CNTLRPT=${RACE}/rpt/${JOBNAME}s_splt${REPORTSUFFIX}_$(date +'%C%y%m%d%H%M%S').rpt

+ date +%C%y%m%d%H%M%S
+ DD_CNTLRPT=/prod/race/oem/rpt/mptr300s_splttesus_20260804104221.rpt
+ export DD_CNTLRPT
  mptz021 2>&1

+ mptz021
+ 2>& 1
Connected user(MFCONNECT) 
AUDITLOG.DISABLE_UDStamp
AUDITLOG.DISABLE_UpdateNonWipFix
AUDITLOG.DISABLE_LOGGING
MEDIA HEADER ROW NOT FOUND
OR EFFECTIVE DATE DOESN'T MATCH
PART-SUPPLIER-NUMBER : 090
PART-SUPPLIER-COUNTRY: US
EFFECTIVE-DATE  : 08/04/2026
REPLACEMENT IND : N

-- cobabend called abend --oem_abndalrt.ksh $?+ oem_abndalrt.ksh 255
\n\n*** Begin oem_abndalrt.ksh ***\n\n
}
_=*44378*/bin/env
abin=/prod/race/altp/bin
ACT_LVL=prod
adat=/prod/race/altp/dat
adoc=/prod/race/altp/doc
alog=/prod/race/altp/log
APPSYS=oem
aprm=/prod/race/altp/prm
arpt=/prod/race/altp/rpt
asrc=/prod/race/altp/src
_AST_FEATURES=UNIVERSE - ucb
atmp=/prod/race/altp/tmp
A__z="*SHLVL="*TMOUT
BASH_FUNC_which%%=() {  ( alias;
cbin=/prod/race/ceg/bin
cdat=/prod/race/ceg/dat
cdoc=/prod/race/ceg/doc
clog=/prod/race/ceg/log
COBDIR=/opt/rocketsoftware/VisualCOBOL
cprm=/prod/race/ceg/prm
crpt=/prod/race/ceg/rpt
csrc=/prod/race/ceg/src
ctmp=/prod/race/ceg/tmp
DD_ATRANS=/prod/race/oem/dat/mptr300_atrans.tmp
DD_CNTLRPT=/prod/race/oem/rpt/mptr300s_splttesus_20260804104221.rpt
DD_CTRANS=/prod/race/oem/dat/mptr300_ctrans.tmp
DD_DTRANS=/prod/race/oem/dat/mptr300_dtrans.tmp
DD_NTRANS=/prod/race/oem/dat/mptr300_ntrans.tmp
DD_PARMSIN=/prod/race/oem/prm/zmpt301a.prm
DD_PTRANS=/prod/race/oem/dat/mptr300_ptrans.tmp
DD_TRANSIN=/prod/race/oem/tmp/mptr300_step290_ref_tes_us_sorted.tmp
DEBUGINFOD_IMA_CERT_PATH=/etc/keys/ima:
DUPLICATE_PARTS_EXPECTED_FLAG=Y
ebin=/prod/race/ext/bin
edat=/prod/race/ext/dat
edoc=/prod/race/ext/doc
elog=/prod/race/ext/log
ENV=/prod/race/share/bin/racekshrc.ksh
eprm=/prod/race/ext/prm
erpt=/prod/race/ext/rpt
esrc=/prod/race/ext/src
etmp=/prod/race/ext/tmp
 eval ${which_declare} ) | /usr/bin/which --tty-only --read-alias --read-functions --show-tilde --show-dot $@
EXINIT=set ic
FORMATCTRY=US
FORMATOEM=090
FTP_BUSINESS_PATH=/ftp1/Business_Partners
FTP_MITCHELL_BUSINESS_PATH=/prod/data/ftp/Business_Partners/mitchell
FTP_SERVER=prod3nt.production.int
FTP_SFTP_USER=race_b1@
FTP_SITE=ftp-ssh.mitchell.com
HISTCONTROL=ignoredups
HISTSIZE=1000
HOME=/home/production.int/svc-apd-race-prd
HOSTNAME=pawapp7017l
JOBCTRY=US
JOBFILE_OEMCTRY=tes_us
JOBLOGNAME=/prod/race/oem/log/mptr300_20260804102052.log
JOBNAME=mptr300
JOBOEM=090
JOBOEMNAME=TES
JOBPARM=zmpt301a
LANG=en_US.UTF-8
LD_LIBRARY_PATH=/opt/rocketsoftware/VisualCOBOL/lib:/opt/rocketsoftware/VisualCOBOL/lib64:/u01/app/oracle/product/19.3.0/client64/lib:/opt/rocketsoftware/VisualCOBOL/lib:/opt/rocketsoftware/VisualCOBOL/lib64:
LESSOPEN=||/usr/bin/lesspipe.sh %s
LIBPATH=/opt/ruby241/lib:/opt/freeware/lib
LOGDIR=/prod/race/oem/log
LOGNAME=svc-apd-race-prd@production.int
LOG=/prod/race/oem/log/mptr300_44284.sqlout
LS_COLORS=rs=0:di=01;34:ln=01;36:mh=00:pi=40;33:so=01;35:do=01;35:bd=40;33;01:cd=40;33;01:or=40;31;01:mi=01;37;41:su=37;41:sg=30;43:ca=30;41:tw=30;42:ow=34;42:st=37;44:ex=01;32:*.tar=01;31:*.tgz=01;31:*.arc=01;31:*.arj=01;31:*.taz=01;31:*.lha=01;31:*.lz4=01;31:*.lzh=01;31:*.lzma=01;31:*.tlz=01;31:*.txz=01;31:*.tzo=01;31:*.t7z=01;31:*.zip=01;31:*.z=01;31:*.dz=01;31:*.gz=01;31:*.lrz=01;31:*.lz=01;31:*.lzo=01;31:*.xz=01;31:*.zst=01;31:*.tzst=01;31:*.bz2=01;31:*.bz=01;31:*.tbz=01;31:*.tbz2=01;31:*.tz=01;31:*.deb=01;31:*.rpm=01;31:*.jar=01;31:*.war=01;31:*.ear=01;31:*.sar=01;31:*.rar=01;31:*.alz=01;31:*.ace=01;31:*.zoo=01;31:*.cpio=01;31:*.7z=01;31:*.rz=01;31:*.cab=01;31:*.wim=01;31:*.swm=01;31:*.dwm=01;31:*.esd=01;31:*.jpg=01;35:*.jpeg=01;35:*.mjpg=01;35:*.mjpeg=01;35:*.gif=01;35:*.bmp=01;35:*.pbm=01;35:*.pgm=01;35:*.ppm=01;35:*.tga=01;35:*.xbm=01;35:*.xpm=01;35:*.tif=01;35:*.tiff=01;35:*.png=01;35:*.svg=01;35:*.svgz=01;35:*.mng=01;35:*.pcx=01;35:*.mov=01;35:*.mpg=01;35:*.mpeg=01;35:*.m2v=01;35:*.mkv=01;35:*.webm=01;35:*.webp=01;35:*.ogm=01;35:*.mp4=01;35:*.m4v=01;35:*.mp4v=01;35:*.vob=01;35:*.qt=01;35:*.nuv=01;35:*.wmv=01;35:*.asf=01;35:*.rm=01;35:*.rmvb=01;35:*.flc=01;35:*.avi=01;35:*.fli=01;35:*.flv=01;35:*.gl=01;35:*.dl=01;35:*.xcf=01;35:*.xwd=01;35:*.yuv=01;35:*.cgm=01;35:*.emf=01;35:*.ogv=01;35:*.ogx=01;35:*.aac=01;36:*.au=01;36:*.flac=01;36:*.m4a=01;36:*.mid=01;36:*.midi=01;36:*.mka=01;36:*.mp3=01;36:*.mpc=01;36:*.ogg=01;36:*.ra=01;36:*.wav=01;36:*.oga=01;36:*.opus=01;36:*.spx=01;36:*.xspf=01;36:
MAIL=/var/spool/mail/svc-apd-race-prd@production.int
MANPATH=:usr/share/man:/prod/race/share/doc/man:/opt/freeware/man
MF_LICENSE_DIR=/opt/rocketsoftware/VisualCOBOL/etc
NOVELL=prod/
obin=/prod/race/oem/bin
OBJ_DATDIR=RACE_OEM_DAT_DIR
OBJ_LOGDIR=RACE_OEM_LOG_DIR
OBJ_PRMDIR=RACE_OEM_PRM_DIR
OBJ_RPTDIR=RACE_OEM_RPT_DIR
OBJ_TMPDIR=RACE_OEM_TMP_DIR
OBSOLETE_JOB_FLAG=N
odat=/prod/race/oem/dat
odoc=/prod/race/oem/doc
OEMABBRLOWER=tes
olog=/prod/race/oem/log
oprm=/prod/race/oem/prm
ORACLE_BASE=/u01/app/oracle
ORACLE_HOME=/u01/app/oracle/product/19.3.0/client64
ORACLE_HOSTNAME=pawapp7017l
ORACLE_SID=RADP.MITCHELL.COM
ORA_INVENTORY=/u01/app/oraInventory
orpt=/prod/race/oem/rpt
osrc=/prod/race/oem/src
otmp=/prod/race/oem/tmp
PACKAGE_NAME_1=pkg_oem_ref_047
PACKAGE_NAME_2=
PATH=/prod/race/oem/bin:/prod/race/share/bin:/prod/race/share/bin:/prod/race/oem/bin:/usr/local/bin:/sbin:/bin:/usr/sbin:/usr/bin:/usr/bin/X11:/usr/lib/cobol/bin:/usr/local/spfux/decbin:.:/prod/race/bin:/prod/race/ext/bin:/stage/race/share/bin:/stage/race/ext/bin:/opt/ruby241:/opt/ruby241/bin:/home/production.int/svc-apd-race-prd:/opt/rocketsoftware/VisualCOBOL/bin:/u01/app/oracle/product/19.3.0/client64/bin:/usr/lib/oracle/23/client64/bin:/etc:/root/.local/bin:/root/bin:/prod/util/share/bin:/opt/microfocus/cobol/bin:/stage/race/oem/bin
PREPROCESS_SCRIPT_NAME=
PROCNAME=mptr300_oem_ref_trans_check_and_split
PRODHOST=pawapp7017l
PWD=/home/production.int/svc-apd-race-prd
qbin=/prod/race/qrp/bin
qdat=/prod/race/qrp/dat
qdoc=/prod/race/qrp/doc
qlog=/prod/race/qrp/log
qprm=/prod/race/qrp/prm
qrpt=/prod/race/qrp/rpt
qsrc=/prod/race/qrp/src
qtmp=/prod/race/qrp/tmp
RACE_DBMS_PROFILER_FLAG=N
RACE_DEBUG_LEVEL=0
RACE=/prod/race/oem
RCSDIR=/prod/race
RCSHOST=race
REFORMAT_BUILDS_RTRANS_FLAG=Y
REFORMATJOB=mptr300
REPORTSUFFIX=tesus
RESTART_FILE_SEQUENCE=
RESTART=Step300R
REVERSE_SUPER_JOBPARM=
sbin=/prod/race/share/bin
S_COLORS=auto
sdat=/prod/race/share/dat
sdoc=/prod/race/share/doc
SERVER_NAME=pawapp7017l
SHELL=/bin/ksh
SHLVL=5
sinc=/prod/race/share/inc
slib=/prod/race/share/lib
slog=/prod/race/share/log
sprm=/prod/race/share/prm
srpt=/prod/race/share/rpt
SRVR=pawapp7017l
ssrc=/prod/race/share/src
stage_abin=/stage/race/altp/bin
stage_aprm=/stage/race/altp/prm
stage_asrc=/stage/race/altp/src
stage_cbin=/stage/race/ceg/bin
stage_cprm=/stage/race/ceg/prm
stage_csrc=/stage/race/ceg/src
stage_obin=/stage/race/oem/bin
stage_oprm=/stage/race/oem/prm
stage_osrc=/stage/race/oem/src
stage_qbin=/stage/race/qrp/bin
stage_qprm=/stage/race/qrp/prm
stage_qsrc=/stage/race/qrp/src
stage_sbin=/stage/race/share/bin
stage_sinc=/stage/race/share/inc
stage_slib=/stage/race/share/lib
stage_sprm=/stage/race/share/prm
stage_ssrc=/stage/race/share/src
STAGE=/stage/race
STEPNAME=Step300R
stmp=/prod/race/share/tmp
TERM=vt100
TESTHOST=TESTHOSTgoesHERE
THISHOST=pawapp7017l
TMOUT=28800
TNS_ADMIN=/u01/app/oracle/product/19.3.0/client64/network/admin
TWO_TASK=RADP.MITCHELL.COM
UPDATEJOB=mptr301
USER=svc-apd-race-prd@production.int
which_declare=
WORKFILE=/prod/race/oem/tmp/mptr300_oem_job.tmp
XDG_DATA_DIRS=/home/production.int/svc-apd-race-prd/.local/share/flatpak/exports/share:/var/lib/flatpak/exports/share:/usr/local/share:/usr/share

 !!  PRODUCTION JOB--CONDITION CODE ERROR  !!
 !!     REPORT TO PRODUCTION CONTROL       !!
   ** mptr300:mptr300_oem_ref_trans_check_and_split[Step300R] failed, rc = 255 **
\n\n***  End  oem_abndalrt.ksh ***\n\n
/prod/race/share/bin/exec_restart.ksh: line 94: 44317: Killed
