    Start  mptr425   Tue Aug 18 03:16:31 PM PDT 2026
\n\n**********************************************************************************
Restart Step was NOT included in the job execution. Job will run from the beginning.
**********************************************************************************\n\n
\n\n**************************************************************************************************************
Calling:  oem_ref_mptr425_ftp_clean_files.ksh    Datetime: 08/18/26 15:16:31   Script: /tmp/mptr425_oem_ref_mptr425_ftp_clean_files.ksh_run
**************************************************************************************************************\n\n
RCS : oem_ref_mptr425_ftp_clean_files.ksh,v 1.5 2026/08/18 22:01:45 rj132422 Exp $
#*****************************************************************************************
#  Build environment variables for the job (based on jobname)
#*****************************************************************************************
. oem_job.ksh         
+ . oem_job.ksh
#!/bin/ksh
echo "RCS $Id: oem_job.ksh,v 1.9 2026/08/07 19:34:48 rj132422 Exp $"
#*****************************************************************************************
# PROCNAME oem_job.ksh
# PURPOSE  Retreive and build UNIX Environment Variables from Oracle Tables
#          Used by RACE OEM Parts Reformat and Update jobs
#*****************************************************************************************
trap 'oem_abndalrt.ksh $?' err
MPTUSERID=`cat ${RACE}/prm/zmptpass.prm`
LOGFILE=$(basename ${JOBLOGNAME})
#*****************************************************************************************
#  Build UNIX environment variables for the job (based on jobname)
#*****************************************************************************************
REFORMATJOB=${JOBNAME}
UPDATEJOB=${JOBNAME}
WORKFILE=${JOBNAME}_oem_job.tmp
#-----------------------------------------------------------------------------------------
(sqlplus -s << % 2>&1)
${MPTUSERID}
SET VERIFY OFF
SET FEEDBACK OFF
SET TAB OFF
SET LINESIZE 100
SET PAGES 0
SET TRIMSPOOL ON
whenever sqlerror exit sql.sqlcode
    exec pkg_oem_job.p_oem_job_sel_03(p_jobname       => '${JOBNAME}',    \
                                      p_tmp_directory => '${OBJ_TMPDIR}', \
                                      p_tmp_filename  => '${WORKFILE}',   \
                                      p_log_directory => '${OBJ_TMPDIR}', \
                                      p_log_filename  => '${LOGFILE%.log}.db.log');
QUIT;
%

# rj132422 - This code was added to avoid race condition between db and shell due the nfs
DB_LOG=${RACE}/tmp/${LOGFILE%.log}.db.log
if [ -s "$DB_LOG" ]; then
    cat "$DB_LOG" >> "${LOGDIR}/${LOGFILE}"
    rm  "$DB_LOG"
fi

#-----------------------------------------------------------------------------------------
export WORKFILE=${RACE}/tmp/${WORKFILE}

#If the ReformatJob Environment variable isn't defined, abend the process
export REFORMATJOB=`cat ${WORKFILE}                   | cut -f1  -d","`
if [ -z "${REFORMATJOB}" ]
then
   abndalrt.ksh environment_not_found_in_oem_job_table.tmp
fi
export UPDATEJOB=`cat ${WORKFILE}                     | cut -f2  -d","`
export JOBOEM=`cat ${WORKFILE}                        | cut -f3  -d","`
export JOBCTRY=`cat ${WORKFILE}                       | cut -f4  -d","`
export JOBOEMNAME=`cat ${WORKFILE}                    | cut -f5  -d","`
export OEMABBRLOWER=`cat ${WORKFILE}                  | cut -f6  -d","`
export JOBPARM=`cat ${WORKFILE}                       | cut -f7  -d","`
export FORMATOEM=`cat ${WORKFILE}                     | cut -f8  -d","`
export FORMATCTRY=`cat ${WORKFILE}                    | cut -f9  -d","`
export JOBFILE_OEMCTRY=`cat ${WORKFILE}               | cut -f10 -d","`
export REPORTSUFFIX=`cat ${WORKFILE}                  | cut -f11 -d","`
export REVERSE_SUPER_JOBPARM=`cat ${WORKFILE}         | cut -f12 -d","`
export PACKAGE_NAME_1=`cat ${WORKFILE}                | cut -f13 -d","`
export PACKAGE_NAME_2=`cat ${WORKFILE}                | cut -f14 -d","`
export DUPLICATE_PARTS_EXPECTED_FLAG=`cat ${WORKFILE} | cut -f15 -d","`
export REFORMAT_BUILDS_RTRANS_FLAG=`cat ${WORKFILE}   | cut -f16 -d","`
export OBSOLETE_JOB_FLAG=`cat ${WORKFILE}             | cut -f17 -d","`
export PREPROCESS_SCRIPT_NAME=`cat ${WORKFILE}        | cut -f18 -d","`


##########################################################################################
# The various Oracle Package call by the OEM system use Global Temporary Tables.
# For some reason (only in the test system at this point in time), the indexes on these
# Global Tempoary Tables are missing.
# The missing indexes result in slooooow processing and often aren't discovered missing
# right away.  To curtail this problem, run a quick check to see if the indexes exist.
# When an index for a Global Temporary Table is not found, it will be created.
##########################################################################################
#-----------------------------------------------------------------------------------------
(sqlplus -s << % 2>&1)
${MPTUSERID}
SET VERIFY OFF
SET FEEDBACK OFF
SET TAB OFF
SET LINESIZE 100
SET PAGES 0
SET TRIMSPOOL ON
SET SERVEROUTPUT ON SIZE 1000000
whenever sqlerror exit sql.sqlcode
    exec pkg_oem_ref_utilities.p_check_gtmp_indexes(p_jobname       => '${JOBNAME}',       \
                                                    p_log_directory => '${OBJ_TMPDIR}',    \
                                                    p_log_filename  => '${LOGFILE%.log}.db.log',       \
                                                    p_debug_level   => '${RACE_DEBUG_LEVEL}');
QUIT;
%

# rj132422 - This code was added to avoid race condition between db and shell due the nfs
DB_LOG=${RACE}/tmp/${LOGFILE%.log}.db.log
if [ -s "$DB_LOG" ]; then
    cat "$DB_LOG" >> "${LOGDIR}/${LOGFILE}"
    rm  "$DB_LOG"
fi
#-----------------------------------------------------------------------------------------

#*****************************************************************************************
# END oem_job.ksh
#*****************************************************************************************+ echo 'RCS : oem_job.ksh,v 1.9 2026/08/07 19:34:48 rj132422 Exp $'
RCS : oem_job.ksh,v 1.9 2026/08/07 19:34:48 rj132422 Exp $
+ trap 'oem_abndalrt.ksh $?' err
cat ${RACE}/prm/zmptpass.prm
+ cat /mdev/race/oem/prm/zmptpass.prm
+ MPTUSERID=racejob/q1w2e3r4
+ basename /mdev/race/oem/log/mptr425_20260818151631.log
+ LOGFILE=mptr425_20260818151631.log
+ REFORMATJOB=mptr425
+ UPDATEJOB=mptr425
+ WORKFILE=mptr425_oem_job.tmp
+ sqlplus -s
+ 0<< \%
racejob/q1w2e3r4
SET VERIFY OFF
SET FEEDBACK OFF
SET TAB OFF
SET LINESIZE 100
SET PAGES 0
SET TRIMSPOOL ON
whenever sqlerror exit sql.sqlcode
    exec pkg_oem_job.p_oem_job_sel_03(p_jobname       => 'mptr425',                                          p_tmp_directory => 'RACE_OEM_TMP_DIR',                                       p_tmp_filename  => 'mptr425_oem_job.tmp',                                         p_log_directory => 'RACE_OEM_TMP_DIR',                                       p_log_filename  => 'mptr425_20260818151631.db.log');
QUIT;
%
2>& 1
+ DB_LOG=/mdev/race/oem/tmp/mptr425_20260818151631.db.log
+ [ -s /mdev/race/oem/tmp/mptr425_20260818151631.db.log ]
+ cat /mdev/race/oem/tmp/mptr425_20260818151631.db.log
+ 1>> /mdev/race/oem/log/mptr425_20260818151631.log

mptr425,mptr426,002,CA,FOR,for,zmpt426a,002,US,for_ca,forca,mpt426e,pkg_oem_ref_010,,Y,N,N,,U,N,

+ rm /mdev/race/oem/tmp/mptr425_20260818151631.db.log
+ WORKFILE=/mdev/race/oem/tmp/mptr425_oem_job.tmp
+ export WORKFILE
cat ${WORKFILE}                   | cut -f1  -d","
+ cut -f1 -d,
+ cat /mdev/race/oem/tmp/mptr425_oem_job.tmp
+ REFORMATJOB=mptr425
+ export REFORMATJOB
+ [ -z mptr425 ]
cat ${WORKFILE}                     | cut -f2  -d","
+ cut -f2 -d,
+ cat /mdev/race/oem/tmp/mptr425_oem_job.tmp
+ UPDATEJOB=mptr426
+ export UPDATEJOB
cat ${WORKFILE}                        | cut -f3  -d","
+ cat /mdev/race/oem/tmp/mptr425_oem_job.tmp
+ cut -f3 -d,
+ JOBOEM=002
+ export JOBOEM
cat ${WORKFILE}                       | cut -f4  -d","
+ cut -f4 -d,
+ cat /mdev/race/oem/tmp/mptr425_oem_job.tmp
+ JOBCTRY=CA
+ export JOBCTRY
cat ${WORKFILE}                    | cut -f5  -d","
+ cut -f5 -d,
+ cat /mdev/race/oem/tmp/mptr425_oem_job.tmp
+ JOBOEMNAME=FOR
+ export JOBOEMNAME
cat ${WORKFILE}                  | cut -f6  -d","
+ cut -f6 -d,
+ cat /mdev/race/oem/tmp/mptr425_oem_job.tmp
+ OEMABBRLOWER=for
+ export OEMABBRLOWER
cat ${WORKFILE}                       | cut -f7  -d","
+ cat /mdev/race/oem/tmp/mptr425_oem_job.tmp
+ cut -f7 -d,
+ JOBPARM=zmpt426a
+ export JOBPARM
cat ${WORKFILE}                     | cut -f8  -d","
+ cut -f8 -d,
+ cat /mdev/race/oem/tmp/mptr425_oem_job.tmp
+ FORMATOEM=002
+ export FORMATOEM
cat ${WORKFILE}                    | cut -f9  -d","
+ cut -f9 -d,
+ cat /mdev/race/oem/tmp/mptr425_oem_job.tmp
+ FORMATCTRY=US
+ export FORMATCTRY
cat ${WORKFILE}               | cut -f10 -d","
+ cut -f10 -d,
+ cat /mdev/race/oem/tmp/mptr425_oem_job.tmp
+ JOBFILE_OEMCTRY=for_ca
+ export JOBFILE_OEMCTRY
cat ${WORKFILE}                  | cut -f11 -d","
+ cut -f11 -d,
+ cat /mdev/race/oem/tmp/mptr425_oem_job.tmp
+ REPORTSUFFIX=forca
+ export REPORTSUFFIX
cat ${WORKFILE}         | cut -f12 -d","
+ cut -f12 -d,
+ cat /mdev/race/oem/tmp/mptr425_oem_job.tmp
+ REVERSE_SUPER_JOBPARM=mpt426e
+ export REVERSE_SUPER_JOBPARM
cat ${WORKFILE}                | cut -f13 -d","
+ cat /mdev/race/oem/tmp/mptr425_oem_job.tmp
+ cut -f13 -d,
+ PACKAGE_NAME_1=pkg_oem_ref_010
+ export PACKAGE_NAME_1
cat ${WORKFILE}                | cut -f14 -d","
+ cut -f14 -d,
+ cat /mdev/race/oem/tmp/mptr425_oem_job.tmp
+ PACKAGE_NAME_2=''
+ export PACKAGE_NAME_2
cat ${WORKFILE} | cut -f15 -d","
+ cat /mdev/race/oem/tmp/mptr425_oem_job.tmp
+ cut -f15 -d,
+ DUPLICATE_PARTS_EXPECTED_FLAG=Y
+ export DUPLICATE_PARTS_EXPECTED_FLAG
cat ${WORKFILE}   | cut -f16 -d","
+ cut -f16 -d,
+ cat /mdev/race/oem/tmp/mptr425_oem_job.tmp
+ REFORMAT_BUILDS_RTRANS_FLAG=N
+ export REFORMAT_BUILDS_RTRANS_FLAG
cat ${WORKFILE}             | cut -f17 -d","
+ cut -f17 -d,
+ cat /mdev/race/oem/tmp/mptr425_oem_job.tmp
+ OBSOLETE_JOB_FLAG=N
+ export OBSOLETE_JOB_FLAG
cat ${WORKFILE}        | cut -f18 -d","
+ cat /mdev/race/oem/tmp/mptr425_oem_job.tmp
+ cut -f18 -d,
+ PREPROCESS_SCRIPT_NAME=''
+ export PREPROCESS_SCRIPT_NAME
+ sqlplus -s
+ 0<< \%
racejob/q1w2e3r4
SET VERIFY OFF
SET FEEDBACK OFF
SET TAB OFF
SET LINESIZE 100
SET PAGES 0
SET TRIMSPOOL ON
SET SERVEROUTPUT ON SIZE 1000000
whenever sqlerror exit sql.sqlcode
    exec pkg_oem_ref_utilities.p_check_gtmp_indexes(p_jobname       => 'mptr425',                                                           p_log_directory => 'RACE_OEM_TMP_DIR',                                                        p_log_filename  => 'mptr425_20260818151631.db.log',                                                           p_debug_level   => '0');
QUIT;
%
2>& 1
+ DB_LOG=/mdev/race/oem/tmp/mptr425_20260818151631.db.log
+ [ -s /mdev/race/oem/tmp/mptr425_20260818151631.db.log ]
+ cat /mdev/race/oem/tmp/mptr425_20260818151631.db.log
+ 1>> /mdev/race/oem/log/mptr425_20260818151631.log

Start mptr425 pkg_oem_ref_utilities.p_check_gtmp_indexes


 End  mptr425 pkg_oem_ref_utilities.p_check_gtmp_indexes
+ rm /mdev/race/oem/tmp/mptr425_20260818151631.db.log
. oem_job_datafile.ksh

+ . oem_job_datafile.ksh
#!/bin/ksh
echo "RCS $Id: oem_job_datafile.ksh,v 1.9 2026/08/07 19:35:00 rj132422 Exp $"
#*****************************************************************************************
# PROCNAME oem_job_datafile.ksh
# PURPOSE  Retreive and build UNIX Environment Variables from Oracle Tables
#*****************************************************************************************
trap 'oem_abndalrt.ksh $?' err
MPTUSERID=`cat ${RACE}/prm/zmptpass.prm`
LOGFILE=$(basename ${JOBLOGNAME})
#*****************************************************************************************
WORKFILE=${JOBNAME}_oem_job_datafile.tmp
#-----------------------------------------------------------------------------------------
(sqlplus -s << % 2>&1)
${MPTUSERID}
SET VERIFY OFF
SET FEEDBACK OFF
SET TAB OFF
SET LINESIZE 100
SET PAGES 0
SET TRIMSPOOL ON
whenever sqlerror exit sql.sqlcode
    exec pkg_oem_job_datafile.p_oem_job_datafile_sel_04(p_reformat_job  => '${REFORMATJOB}', \
                                                        p_tmp_directory => '${OBJ_TMPDIR}',  \
                                                        p_tmp_filename  => '${WORKFILE}',    \
                                                        p_log_directory => '${OBJ_TMPDIR}',  \
                                                        p_log_filename  => '${LOGFILE%.log}.db.log');
QUIT;
%

# rj132422 - This code was added to avoid race condition between db and shell due the nfs
DB_LOG=${OBJ_TMPDIR}/${LOGFILE%.log}.db.log
if [ -s "$DB_LOG" ]; then
    cat "$DB_LOG" >> "${OBJ_TMPDIR}/${LOGFILE}"
    rm  "$DB_LOG"
fi

#-----------------------------------------------------------------------------------------
export WORKFILE=${RACE}/tmp/${WORKFILE}
#*****************************************************************************************
# END oem_job_datafile.ksh
#*****************************************************************************************
+ echo 'RCS : oem_job_datafile.ksh,v 1.9 2026/08/07 19:35:00 rj132422 Exp $'
RCS : oem_job_datafile.ksh,v 1.9 2026/08/07 19:35:00 rj132422 Exp $
+ trap 'oem_abndalrt.ksh $?' err
cat ${RACE}/prm/zmptpass.prm
+ cat /mdev/race/oem/prm/zmptpass.prm
+ MPTUSERID=racejob/q1w2e3r4
+ basename /mdev/race/oem/log/mptr425_20260818151631.log
+ LOGFILE=mptr425_20260818151631.log
+ WORKFILE=mptr425_oem_job_datafile.tmp
+ sqlplus -s
+ 0<< \%
racejob/q1w2e3r4
SET VERIFY OFF
SET FEEDBACK OFF
SET TAB OFF
SET LINESIZE 100
SET PAGES 0
SET TRIMSPOOL ON
whenever sqlerror exit sql.sqlcode
    exec pkg_oem_job_datafile.p_oem_job_datafile_sel_04(p_reformat_job  => 'mptr425',                                                         p_tmp_directory => 'RACE_OEM_TMP_DIR',                                                          p_tmp_filename  => 'mptr425_oem_job_datafile.tmp',                                                            p_log_directory => 'RACE_OEM_TMP_DIR',                                                          p_log_filename  => 'mptr425_20260818151631.db.log');
QUIT;
%
2>& 1
+ DB_LOG=RACE_OEM_TMP_DIR/mptr425_20260818151631.db.log
+ [ -s RACE_OEM_TMP_DIR/mptr425_20260818151631.db.log ]
+ WORKFILE=/mdev/race/oem/tmp/mptr425_oem_job_datafile.tmp
+ export WORKFILE
#*****************************************************************************************

PROCNAME=oem_ref_mptr425_ftp_clean_files.ksh
+ PROCNAME=oem_ref_mptr425_ftp_clean_files.ksh
echo "\n\nSTART ---> ${PROCNAME} " $(date +'%m/%d/%y %H:%M:%S')  " <--- START\n\n" 

+ date '+%m/%d/%y %H:%M:%S'
+ echo '\n\nSTART ---> oem_ref_mptr425_ftp_clean_files.ksh ' 08/18/26 15:16:31 ' <--- START\n\n'
\n\nSTART ---> oem_ref_mptr425_ftp_clean_files.ksh  08/18/26 15:16:31  <--- START\n\n
#**********************************************************************************************
# ???
#**********************************************************************************************
  
  # get the complete and incremental file prefixes
  while IFS= read -r line; do
   
     POSITION=`echo $line|cut -f1  -d"^"`
   
     # When group ID is 1, it represents CANCOMPRICE file that is a complete load
     # and is received only once in a month
     if [ "${POSITION}" = 1 ]
     then
	    COMPLETE_LOAD_FILE=`echo $line|cut -f2  -d"^"|cut -f1 -d '*'`
     fi
   
     # When group ID is 2, it represents CANOBS file that is received at least 4 times in a month and
     # is incremental
     if [ "${POSITION}" = 2 ]
     then
        INCREMENTAL_LOAD_FILE=`echo $line| cut -f2  -d"^"|cut -f1 -d '*'`  

     fi
  done < ${WORKFILE}

+ 0< /mdev/race/oem/tmp/mptr425_oem_job_datafile.tmp
+ read -r line
+ IFS=''
echo $line|cut -f1  -d"^"
+ echo '1^CANCOMPPRICE*.ZIP^mptr425_xtab_oem_ref_mptr425_for_raw.dat^xtab_oem_ref_mptr425_for_price^^M^A^^^mptr425_araw_for_ca.dat^^1^08/18/2026^^^^'
+ cut -f1 -d^
+ POSITION=1
+ [ 1 '=' 1 ]
echo $line|cut -f2  -d"^"|cut -f1 -d '*'
+ echo '1^CANCOMPPRICE*.ZIP^mptr425_xtab_oem_ref_mptr425_for_raw.dat^xtab_oem_ref_mptr425_for_price^^M^A^^^mptr425_araw_for_ca.dat^^1^08/18/2026^^^^'
+ cut -f1 -d '*'
+ cut -f2 -d^
+ COMPLETE_LOAD_FILE=CANCOMPPRICE
+ [ 1 '=' 2 ]
+ read -r line
+ IFS=''
echo $line|cut -f1  -d"^"
+ echo '2^CANOBS*.ZIP^mptr425_xtab_oem_ref_mptr425_for_raw_super.dat^xtab_oem_ref_mptr425_for_super^^M^A^^^mptr425_araw_for_ca_super.dat^^1^08/18/2026^^^^'
+ cut -f1 -d^
+ POSITION=2
+ [ 2 '=' 1 ]
+ [ 2 '=' 2 ]
echo $line| cut -f2  -d"^"|cut -f1 -d '*'
+ echo '2^CANOBS*.ZIP^mptr425_xtab_oem_ref_mptr425_for_raw_super.dat^xtab_oem_ref_mptr425_for_super^^M^A^^^mptr425_araw_for_ca_super.dat^^1^08/18/2026^^^^'
+ cut -f1 -d '*'
+ cut -f2 -d^
+ INCREMENTAL_LOAD_FILE=CANOBS
+ read -r line
+ IFS=''
  echo "*** Complete Load File ${COMPLETE_LOAD_FILE}"
+ echo '*** Complete Load File CANCOMPPRICE'
*** Complete Load File CANCOMPPRICE
  echo "*** Incremental Load File ${INCREMENTAL_LOAD_FILE}"

+ echo '*** Incremental Load File CANOBS'
*** Incremental Load File CANOBS
  # set temporary FTP files that will be created duribg this process
  FTP_FILELIST=${RACE}/tmp/${JOBNAME}_ftplist.tmp
+ FTP_FILELIST=/mdev/race/oem/tmp/mptr425_ftplist.tmp
  FTP_FILELIST_STAGE=${RACE}/tmp/${JOBNAME}_ftpliststage.tmp
+ FTP_FILELIST_STAGE=/mdev/race/oem/tmp/mptr425_ftpliststage.tmp
  FTP_DELETE_FILELIST=${RACE}/tmp/${JOBNAME}_ftpdeletelist.tmp
+ FTP_DELETE_FILELIST=/mdev/race/oem/tmp/mptr425_ftpdeletelist.tmp
   
  # get FTP Directory
  if [ "${JOBCTRY}" = "PR" ]
  then
     FTPSITE_DIRECTORY=${FTP_BUSINESS_PATH}/puerto_rico/${ACT_LVL}/incoming
  else
     FTPSITE_DIRECTORY=${FTP_BUSINESS_PATH}/${JOBFILE_OEMCTRY}/${ACT_LVL}/incoming
  fi

+ [ CA '=' PR ]
+ FTPSITE_DIRECTORY=/ftp1/Business_Partners/for_ca/mdev/incoming
  # Get list of all files from SFTP Ford site
  FILES_COUNT=`ssh -nq ${FTP_SITE} ls -lt ${FTPSITE_DIRECTORY}/${COMPLETE_LOAD_FILE}* ${FTPSITE_DIRECTORY}/${INCREMENTAL_LOAD_FILE}* |grep -v '^total' > ${FTP_FILELIST}; wc -l ${FTP_FILELIST}|awk '{print $1}'`

ssh -nq ${FTP_SITE} ls -lt ${FTPSITE_DIRECTORY}/${COMPLETE_LOAD_FILE}* ${FTPSITE_DIRECTORY}/${INCREMENTAL_LOAD_FILE}* |grep -v '^total' > ${FTP_FILELIST}; wc -l ${FTP_FILELIST}|awk '{print $1}'
+ grep -v ^total
+ ssh -nq ftp-ssh.mitchell.com ls -lt '/ftp1/Business_Partners/for_ca/mdev/incoming/CANCOMPPRICE*' '/ftp1/Business_Partners/for_ca/mdev/incoming/CANOBS*'
+ 1> /mdev/race/oem/tmp/mptr425_ftplist.tmp
+ awk '{print $1}'
+ wc -l /mdev/race/oem/tmp/mptr425_ftplist.tmp
+ FILES_COUNT=2
  if [ "${FILES_COUNT}" = "0" ]
  then
      echo "************************************************"
      echo " ***** error ***** No files present on ${FTP_SITE}"
      echo "************************************************"

      oem_abndalrt.ksh  "No_files_present_on_"${FTP_SITE}
  fi

+ [ 2 '=' 0 ]
  # Show list of files detected
  more ${FTP_FILELIST}

+ more /mdev/race/oem/tmp/mptr425_ftplist.tmp
-rw-rw-r--. 1 rj132422 OEMP  8776020 Aug  7 02:00 /ftp1/Business_Partners/for_ca/mdev/incoming/CANOBS2026219.ZIP
-rw-rw-r--. 1 rj132422 OEMP 22666926 Aug  7 01:00 /ftp1/Business_Partners/for_ca/mdev/incoming/CANCOMPPRICE0826.ZIP
  # Local variables
  CURRENT_YEAR=`date +"%Y"`  # Current Year
  date +"%Y"
+ date +%Y
+ CURRENT_YEAR=2026
PREV_YEAR=`expr $(date +"%Y") - 1`  # Previous Year
  expr $(date +"%Y") - 1
+ date +%Y
+ expr 2026 - 1
+ PREV_YEAR=2025
CURRENT_MTH=`date +"%b"`  # Current_month in Mon format
  date +"%b"
+ date +%b
+ CURRENT_MTH=Aug
MONTHS="  JanFebMarAprMayJunJulAugSepOctNovDec" # Enum defined to convert month name to month number

  # create a stage file that will have a modified date of the file converted in YYYY-MM-DD format. In case files
  # are not 6 months old, UNIX do not store the year. The below command will derive the year for such files

  + MONTHS='  JanFebMarAprMayJunJulAugSepOctNovDec'
awk -v current_year="$CURRENT_YEAR" -v mm="$MONTHS" -v prev_year="$PREV_YEAR" -v current_month="$CURRENT_MTH" -v OFS='\t' ' \
       {if ($0 ~ /:/ && index(mm,$6)/3 > index(mm, current_month)/3)  print $9 "\t" prev_year "-" index(mm,$6)/3 "-" $7 "\t" $8; \
        else if ($0 ~ /:/ && index(mm,$6)/3 <= index(mm, current_month)/3)  print $9 "\t" current_year "-" index(mm,$6)/3 "-" $7 "\t" $8; \
       else print $9"\t"$8"-"index(mm,$6)/3"-"$7"\t00:00";}' ${FTP_FILELIST} > ${FTP_FILELIST_STAGE}

+ awk -v current_year=2026 -v mm='  JanFebMarAprMayJunJulAugSepOctNovDec' -v prev_year=2025 -v current_month=Aug -v OFS='\t' $' \\\n       {if ($0 ~ /:/ && index(mm,$6)/3 > index(mm, current_month)/3)  print $9 "\\t" prev_year "-" index(mm,$6)/3 "-" $7 "\\t" $8; \\\n        else if ($0 ~ /:/ && index(mm,$6)/3 <= index(mm, current_month)/3)  print $9 "\\t" current_year "-" index(mm,$6)/3 "-" $7 "\\t" $8; \\\n       else print $9"\\t"$8"-"index(mm,$6)/3"-"$7"\\t00:00";}' /mdev/race/oem/tmp/mptr425_ftplist.tmp
+ 1> /mdev/race/oem/tmp/mptr425_ftpliststage.tmp
  # Get the date of the latest CANCOMPRICE file
  LATEST_PRICE_DATE=`grep ${COMPLETE_LOAD_FILE} ${FTP_FILELIST_STAGE}|head -1|awk '{print $2}'`
grep ${COMPLETE_LOAD_FILE} ${FTP_FILELIST_STAGE}|head -1|awk '{print $2}'
+ awk '{print $2}'
+ head -1
+ grep CANCOMPPRICE /mdev/race/oem/tmp/mptr425_ftpliststage.tmp
+ LATEST_PRICE_DATE=2026-8-7
  echo "*** Latest Price File Date ${LATEST_PRICE_DATE}"

+ echo '*** Latest Price File Date 2026-8-7'
*** Latest Price File Date 2026-8-7
  # abend if no complete file exists
  if [[ -z "${LATEST_PRICE_DATE}" ]]
  then
      echo "********************************************************"
      echo " ***** error ***** No ${COMPLETE_LOAD_FILE} files exist"
      echo "********************************************************"
      oem_abndalrt.ksh  "No_"${COMPLETE_LOAD_FILE}"_file_exists"
  fi

+ [[ -z 2026-8-7 ]]
  # Show staged file list
  more ${FTP_FILELIST_STAGE}

+ more /mdev/race/oem/tmp/mptr425_ftpliststage.tmp
/ftp1/Business_Partners/for_ca/mdev/incoming/CANOBS2026219.ZIP	2026-8-7	02:00
/ftp1/Business_Partners/for_ca/mdev/incoming/CANCOMPPRICE0826.ZIP	2026-8-7	01:00
  # Get all the files that are later or earlier than the latest Complete load file
  awk -v date="$LATEST_PRICE_DATE" -v ftpdir="$FTPSITE_DIRECTORY" '{if ($2 < date || $2 > date) print "rm -f " $1 ;}' ${FTP_FILELIST_STAGE} > ${FTP_DELETE_FILELIST}

+ awk -v date=2026-8-7 -v ftpdir=/ftp1/Business_Partners/for_ca/mdev/incoming '{if ($2 < date || $2 > date) print "rm -f " $1 ;}' /mdev/race/oem/tmp/mptr425_ftpliststage.tmp
+ 1> /mdev/race/oem/tmp/mptr425_ftpdeletelist.tmp
  # List and then Delete all the files that are earlier or latter than complete load file
  more ${FTP_DELETE_FILELIST}
+ more /mdev/race/oem/tmp/mptr425_ftpdeletelist.tmp
  ssh -T ${FTP_SITE} < ${FTP_DELETE_FILELIST}

+ ssh -T ftp-ssh.mitchell.com
+ 0< /mdev/race/oem/tmp/mptr425_ftpdeletelist.tmp
  
  # Check if there is an incremental file as of the same date of the complete load file. If not abend
  FILE_EXIST_FLAG=`awk -v date="$LATEST_PRICE_DATE" '$2 <= date' ${FTP_FILELIST_STAGE} \
                | grep ${INCREMENTAL_LOAD_FILE}|head -1| \
                  awk -v date="$LATEST_PRICE_DATE" '{if ($2 == date) print "obs_found"; else print "abend";}'`

awk -v date="$LATEST_PRICE_DATE" '$2 <= date' ${FTP_FILELIST_STAGE}                 | grep ${INCREMENTAL_LOAD_FILE}|head -1|                   awk -v date="$LATEST_PRICE_DATE" '{if ($2 == date) print "obs_found"; else print "abend";}'
+ awk -v date=2026-8-7 '{if ($2 == date) print "obs_found"; else print "abend";}'
+ grep CANOBS
+ head -1
+ awk -v date=2026-8-7 '$2 <= date' /mdev/race/oem/tmp/mptr425_ftpliststage.tmp
+ FILE_EXIST_FLAG=obs_found
  if [[ -z "${FILE_EXIST_FLAG}" ]] # if no incremental file exists, abend
  then
      echo "********************************************************"
      echo " ***** error ***** No ${INCREMENTAL_LOAD_FILE} files exist"	  
      echo "********************************************************"
      oem_abndalrt.ksh  "No_"${INCREMENTAL_LOAD_FILE}"_file_exists"
  else 
    # if incremental file exists but not of the same date as complete load file, abend
    if [ ${FILE_EXIST_FLAG} == "abend" ]
    then
      echo "********************************************************"
      echo " ***** error ***** file ${INCREMENTAL_LOAD_FILE} not exists for : ${LATEST_PRICE_DATE}"	  
      echo "********************************************************"
      oem_abndalrt.ksh  ${INCREMENTAL_LOAD_FILE}"_file_not_exists_for_"${LATEST_PRICE_DATE}
    fi
  fi


+ [[ -z obs_found ]]
+ [ obs_found '==' abend ]
  # House keeping
  rm -f ${FTP_DELETE_FILELIST}
+ rm -f /mdev/race/oem/tmp/mptr425_ftpdeletelist.tmp
  rm -f ${FTP_FILELIST}
+ rm -f /mdev/race/oem/tmp/mptr425_ftplist.tmp
  rm -f ${FTP_FILELIST_STAGE}

+ rm -f /mdev/race/oem/tmp/mptr425_ftpliststage.tmp
echo "\n\nEND ---> ${PROCNAME} " $(date +'%m/%d/%y %H:%M:%S')  " <--- END\n\n" 
+ date '+%m/%d/%y %H:%M:%S'
+ echo '\n\nEND ---> oem_ref_mptr425_ftp_clean_files.ksh ' 08/18/26 15:16:32 ' <--- END\n\n'
\n\nEND ---> oem_ref_mptr425_ftp_clean_files.ksh  08/18/26 15:16:32  <--- END\n\n
#**********************************************************************************************      
#*****************************************************************************************
#END oem_ref_mptr425_ftp_clean_files.ksh
#*****************************************************************************************
\n\n**************************************************************************************************************
Finished: oem_ref_mptr425_ftp_clean_files.ksh    Datetime: 08/18/26 15:16:32   Script: /tmp/mptr425_oem_ref_mptr425_ftp_clean_files.ksh_run
**************************************************************************************************************\n\n
\n\n**********************************************************************************
Restart Step was NOT included in the job execution. Job will run from the beginning.
**********************************************************************************\n\n
\n\n**************************************************************************************************************
Calling:  oem_ref.ksh    Datetime: 08/18/26 15:16:32   Script: /tmp/mptr425_oem_ref.ksh_run
**************************************************************************************************************\n\n
RCS : oem_ref.ksh,v 1.39 2024/01/17 23:23:23 pg2697 Exp $
+ print ProcessId '=' 1535429
ProcessId = 1535429
+ trap 'oem_abndalrt.ksh $?' err
+ basename /tmp/mptr425_oem_ref.ksh_run .ksh_run
+ PROCNAME=mptr425_oem_ref
+ export PROCNAME
+ cat /mdev/race/oem/prm/zmptpass.prm
+ MPTUSERID=racejob/q1w2e3r4
+ export MPTUSERID
+ basename /mdev/race/oem/log/mptr425_20260818151631.log
+ LOGFILE=mptr425_20260818151631.log
+ export LOGFILE
+ echo '\n\n Build environment variables'
\n\n Build environment variables
+ . oem_job.ksh
+ echo 'RCS : oem_job.ksh,v 1.9 2026/08/07 19:34:48 rj132422 Exp $'
RCS : oem_job.ksh,v 1.9 2026/08/07 19:34:48 rj132422 Exp $
+ trap 'oem_abndalrt.ksh $?' err
+ cat /mdev/race/oem/prm/zmptpass.prm
+ MPTUSERID=racejob/q1w2e3r4
+ basename /mdev/race/oem/log/mptr425_20260818151631.log
+ LOGFILE=mptr425_20260818151631.log
+ REFORMATJOB=mptr425
+ UPDATEJOB=mptr425
+ WORKFILE=mptr425_oem_job.tmp
+ sqlplus -s
+ 0<< \%
racejob/q1w2e3r4
SET VERIFY OFF
SET FEEDBACK OFF
SET TAB OFF
SET LINESIZE 100
SET PAGES 0
SET TRIMSPOOL ON
whenever sqlerror exit sql.sqlcode
    exec pkg_oem_job.p_oem_job_sel_03(p_jobname       => 'mptr425',                                          p_tmp_directory => 'RACE_OEM_TMP_DIR',                                       p_tmp_filename  => 'mptr425_oem_job.tmp',                                         p_log_directory => 'RACE_OEM_TMP_DIR',                                       p_log_filename  => 'mptr425_20260818151631.db.log');
QUIT;
%
2>& 1
+ DB_LOG=/mdev/race/oem/tmp/mptr425_20260818151631.db.log
+ [ -s /mdev/race/oem/tmp/mptr425_20260818151631.db.log ]
+ cat /mdev/race/oem/tmp/mptr425_20260818151631.db.log
+ 1>> /mdev/race/oem/log/mptr425_20260818151631.log

1^CANCOMPPRICE*.ZIP^mptr425_xtab_oem_ref_mptr425_for_raw.dat^xtab_oem_ref_mptr425_for_price^^M^A^^^mptr425_araw_for_ca.dat^^1^08/18/2026^^^^

2^CANOBS*.ZIP^mptr425_xtab_oem_ref_mptr425_for_raw_super.dat^xtab_oem_ref_mptr425_for_super^^M^A^^^mptr425_araw_for_ca_super.dat^^1^08/18/2026^^^^


mptr425,mptr426,002,CA,FOR,for,zmpt426a,002,US,for_ca,forca,mpt426e,pkg_oem_ref_010,,Y,N,N,,U,N,

+ rm /mdev/race/oem/tmp/mptr425_20260818151631.db.log
+ WORKFILE=/mdev/race/oem/tmp/mptr425_oem_job.tmp
+ export WORKFILE
+ cut -f1 -d,
+ cat /mdev/race/oem/tmp/mptr425_oem_job.tmp
+ REFORMATJOB=mptr425
+ export REFORMATJOB
+ [ -z mptr425 ]
+ cut -f2 -d,
+ cat /mdev/race/oem/tmp/mptr425_oem_job.tmp
+ UPDATEJOB=mptr426
+ export UPDATEJOB
+ cut -f3 -d,
+ cat /mdev/race/oem/tmp/mptr425_oem_job.tmp
+ JOBOEM=002
+ export JOBOEM
+ cut -f4 -d,
+ cat /mdev/race/oem/tmp/mptr425_oem_job.tmp
+ JOBCTRY=CA
+ export JOBCTRY
+ cut -f5 -d,
+ cat /mdev/race/oem/tmp/mptr425_oem_job.tmp
+ JOBOEMNAME=FOR
+ export JOBOEMNAME
+ cat /mdev/race/oem/tmp/mptr425_oem_job.tmp
+ cut -f6 -d,
+ OEMABBRLOWER=for
+ export OEMABBRLOWER
+ cut -f7 -d,
+ cat /mdev/race/oem/tmp/mptr425_oem_job.tmp
+ JOBPARM=zmpt426a
+ export JOBPARM
+ cat /mdev/race/oem/tmp/mptr425_oem_job.tmp
+ cut -f8 -d,
+ FORMATOEM=002
+ export FORMATOEM
+ cut -f9 -d,
+ cat /mdev/race/oem/tmp/mptr425_oem_job.tmp
+ FORMATCTRY=US
+ export FORMATCTRY
+ cut -f10 -d,
+ cat /mdev/race/oem/tmp/mptr425_oem_job.tmp
+ JOBFILE_OEMCTRY=for_ca
+ export JOBFILE_OEMCTRY
+ cut -f11 -d,
+ cat /mdev/race/oem/tmp/mptr425_oem_job.tmp
+ REPORTSUFFIX=forca
+ export REPORTSUFFIX
+ cut -f12 -d,
+ cat /mdev/race/oem/tmp/mptr425_oem_job.tmp
+ REVERSE_SUPER_JOBPARM=mpt426e
+ export REVERSE_SUPER_JOBPARM
+ cut -f13 -d,
+ cat /mdev/race/oem/tmp/mptr425_oem_job.tmp
+ PACKAGE_NAME_1=pkg_oem_ref_010
+ export PACKAGE_NAME_1
+ cat /mdev/race/oem/tmp/mptr425_oem_job.tmp
+ cut -f14 -d,
+ PACKAGE_NAME_2=''
+ export PACKAGE_NAME_2
+ cut -f15 -d,
+ cat /mdev/race/oem/tmp/mptr425_oem_job.tmp
+ DUPLICATE_PARTS_EXPECTED_FLAG=Y
+ export DUPLICATE_PARTS_EXPECTED_FLAG
+ cut -f16 -d,
+ cat /mdev/race/oem/tmp/mptr425_oem_job.tmp
+ REFORMAT_BUILDS_RTRANS_FLAG=N
+ export REFORMAT_BUILDS_RTRANS_FLAG
+ cut -f17 -d,
+ cat /mdev/race/oem/tmp/mptr425_oem_job.tmp
+ OBSOLETE_JOB_FLAG=N
+ export OBSOLETE_JOB_FLAG
+ cat /mdev/race/oem/tmp/mptr425_oem_job.tmp
+ cut -f18 -d,
+ PREPROCESS_SCRIPT_NAME=''
+ export PREPROCESS_SCRIPT_NAME
+ sqlplus -s
+ 0<< \%
racejob/q1w2e3r4
SET VERIFY OFF
SET FEEDBACK OFF
SET TAB OFF
SET LINESIZE 100
SET PAGES 0
SET TRIMSPOOL ON
SET SERVEROUTPUT ON SIZE 1000000
whenever sqlerror exit sql.sqlcode
    exec pkg_oem_ref_utilities.p_check_gtmp_indexes(p_jobname       => 'mptr425',                                                           p_log_directory => 'RACE_OEM_TMP_DIR',                                                        p_log_filename  => 'mptr425_20260818151631.db.log',                                                           p_debug_level   => '0');
QUIT;
%
2>& 1
+ DB_LOG=/mdev/race/oem/tmp/mptr425_20260818151631.db.log
+ [ -s /mdev/race/oem/tmp/mptr425_20260818151631.db.log ]
+ cat /mdev/race/oem/tmp/mptr425_20260818151631.db.log
+ 1>> /mdev/race/oem/log/mptr425_20260818151631.log

Start mptr425 pkg_oem_ref_utilities.p_check_gtmp_indexes


 End  mptr425 pkg_oem_ref_utilities.p_check_gtmp_indexes
+ rm /mdev/race/oem/tmp/mptr425_20260818151631.db.log
+ . oem_job_notify.ksh
+ echo 'RCS : oem_job_notify.ksh,v 1.2 2008/10/09 22:17:44 jw97143 Exp $'
RCS : oem_job_notify.ksh,v 1.2 2008/10/09 22:17:44 jw97143 Exp $
+ trap 'oem_abndalrt.ksh $?' err
+ cat /mdev/race/oem/prm/zmptpass.prm
+ MPTUSERID=racejob/q1w2e3r4
+ basename /mdev/race/oem/log/mptr425_20260818151631.log
+ LOGFILE=mptr425_20260818151631.log
+ WORKFILE=mptr425_oem_job_notify.tmp
+ sqlplus -s
+ 0<< \%
racejob/q1w2e3r4
SET VERIFY OFF
SET FEEDBACK OFF
SET TAB OFF
SET LINESIZE 100
SET PAGES 0
SET TRIMSPOOL ON
whenever sqlerror exit sql.sqlcode
    exec pkg_oem_job_notify.p_oem_job_notify_sel_01(p_job  =>          'mptr425',                                                        p_tmp_directory => 'RACE_OEM_TMP_DIR',                                                     p_tmp_filename  => 'mptr425_oem_job_notify.tmp',                                                       p_log_directory => 'RACE_OEM_LOG_DIR',                                                     p_log_filename  => 'mptr425_20260818151631.log');
QUIT;
%
2>& 1
+ WORKFILE=/mdev/race/oem/tmp/mptr425_oem_job_notify.tmp
+ cut -f2 -d^
+ cat /mdev/race/oem/tmp/mptr425_oem_job_notify.tmp
+ SEND_EMAIL_FLAG=''
+ cut -f3 -d^
+ cat /mdev/race/oem/tmp/mptr425_oem_job_notify.tmp
+ EMAIL_ADDRESS_LIST=''
+ cut -f4 -d^
+ cat /mdev/race/oem/tmp/mptr425_oem_job_notify.tmp
+ EMAIL_BODY=''
+ cat /mdev/race/oem/tmp/mptr425_oem_job_notify.tmp
+ cut -f5 -d^
+ RESET_SEND_EMAIL_FLAG=''
+ [ -z '' ]
+ echo 'Notification NOT Required'
Notification NOT Required
+ echo ' '
 
+ . oem_job_datafile.ksh
+ echo 'RCS : oem_job_datafile.ksh,v 1.9 2026/08/07 19:35:00 rj132422 Exp $'
RCS : oem_job_datafile.ksh,v 1.9 2026/08/07 19:35:00 rj132422 Exp $
+ trap 'oem_abndalrt.ksh $?' err
+ cat /mdev/race/oem/prm/zmptpass.prm
+ MPTUSERID=racejob/q1w2e3r4
+ basename /mdev/race/oem/log/mptr425_20260818151631.log
+ LOGFILE=mptr425_20260818151631.log
+ WORKFILE=mptr425_oem_job_datafile.tmp
+ sqlplus -s
+ 0<< \%
racejob/q1w2e3r4
SET VERIFY OFF
SET FEEDBACK OFF
SET TAB OFF
SET LINESIZE 100
SET PAGES 0
SET TRIMSPOOL ON
whenever sqlerror exit sql.sqlcode
    exec pkg_oem_job_datafile.p_oem_job_datafile_sel_04(p_reformat_job  => 'mptr425',                                                         p_tmp_directory => 'RACE_OEM_TMP_DIR',                                                          p_tmp_filename  => 'mptr425_oem_job_datafile.tmp',                                                            p_log_directory => 'RACE_OEM_TMP_DIR',                                                          p_log_filename  => 'mptr425_20260818151631.db.log');
QUIT;
%
2>& 1
+ DB_LOG=RACE_OEM_TMP_DIR/mptr425_20260818151631.db.log
+ [ -s RACE_OEM_TMP_DIR/mptr425_20260818151631.db.log ]
+ WORKFILE=/mdev/race/oem/tmp/mptr425_oem_job_datafile.tmp
+ export WORKFILE
+ STEPNAME=Step010R
+ export STEPNAME
+ date '+%m/%d/%y %H:%M:%S'
+ echo '\n\n START ---> mptr425_oem_ref Step010R - Locate and transfer ALL Input Files - ' 08/18/26 15:16:33 ' <--- START\n\n'
\n\n START ---> mptr425_oem_ref Step010R - Locate and transfer ALL Input Files -  08/18/26 15:16:33  <--- START\n\n
+ oem_job_status_update.ksh R 'Step010R oem_job_datafile_prep.ksh'
+ FILE_SEQUENCE=1
+ export FILE_SEQUENCE
+ [ '' '=' Step010R ]
+ true
+ sed -n -e 1p
+ cut -f2 -d^
+ 0< /mdev/race/oem/tmp/mptr425_oem_job_datafile.tmp
+ INPUT_FILE_NAME='CANCOMPPRICE*.ZIP'
+ export INPUT_FILE_NAME
+ [ -z 'CANCOMPPRICE*.ZIP' ]
+ sed -n -e 1p
+ cut -f3 -d^
+ 0< /mdev/race/oem/tmp/mptr425_oem_job_datafile.tmp
+ XTAB_FILE_NAME=mptr425_xtab_oem_ref_mptr425_for_raw.dat
+ export XTAB_FILE_NAME
+ sed -n -e 1p
+ cut -f4 -d^
+ 0< /mdev/race/oem/tmp/mptr425_oem_job_datafile.tmp
+ XTAB_TABLE_NAME=xtab_oem_ref_mptr425_for_price
+ export XTAB_TABLE_NAME
+ sed -n -e 1p
+ cut -f5 -d^
+ 0< /mdev/race/oem/tmp/mptr425_oem_job_datafile.tmp
+ FTP_PROGRAM_NAME=''
+ export FTP_PROGRAM_NAME
+ sed -n -e 1p
+ cut -f6 -d^
+ 0< /mdev/race/oem/tmp/mptr425_oem_job_datafile.tmp
+ FTP_LOCATION_CODE=M
+ export FTP_LOCATION_CODE
+ sed -n -e 1p
+ cut -f7 -d^
+ 0< /mdev/race/oem/tmp/mptr425_oem_job_datafile.tmp
+ FORMAT_INDICATOR=A
+ export FORMAT_INDICATOR
+ sed -n -e 1p
+ cut -f8 -d^
+ 0< /mdev/race/oem/tmp/mptr425_oem_job_datafile.tmp
+ SOURCE_FIELD_DELIMITER=''
+ export SOURCE_FIELD_DELIMITER
+ sed -n -e 1p
+ cut -f9 -d^
+ 0< /mdev/race/oem/tmp/mptr425_oem_job_datafile.tmp
+ TARGET_FIELD_SIZE=''
+ export TARGET_FIELD_SIZE
+ sed -n -e 1p
+ cut -f10 -d^
+ 0< /mdev/race/oem/tmp/mptr425_oem_job_datafile.tmp
+ BACKUP_SOURCE_FILE_NAME=mptr425_araw_for_ca.dat
+ export BACKUP_SOURCE_FILE_NAME
+ sed -n -e 1p
+ cut -f11 -d^
+ 0< /mdev/race/oem/tmp/mptr425_oem_job_datafile.tmp
+ FTP_SOURCE_FILE_NAME=''
+ export FTP_SOURCE_FILE_NAME
+ eval FTP_SOURCE_FILE_NAME=
+ FTP_SOURCE_FILE_NAME=''
+ sed -n -e 1p
+ cut -f14 -d^
+ 0< /mdev/race/oem/tmp/mptr425_oem_job_datafile.tmp
+ FTP_PARM_FILE_NAME=''
+ export FTP_PARM_FILE_NAME
+ sed -n -e 1p
+ cut -f16 -d^
+ 0< /mdev/race/oem/tmp/mptr425_oem_job_datafile.tmp
+ ENCODING_CHARSET=''
+ export ENCODING_CHARSET
+ . oem_job_datafile_prep.ksh
+ echo '\n*** Begin oem_job_datafile_prep.ksh CANCOMPPRICE*.ZIP ***\n'
\n*** Begin oem_job_datafile_prep.ksh CANCOMPPRICE*.ZIP ***\n
+ trap 'oem_abndalrt.ksh $?' err
+ STEP010_FILEOUT=/mdev/race/oem/dat/mptr425_araw_for_ca.dat
+ [ ! -z '' ]
+ echo 'CANCOMPPRICE*.ZIP'
+ awk -F . '{ print $NF }'
+ [[ ZIP = 'dat(0)' ]]
+ INPUT_FILE_NAME_EXPANDED='/mdev/race/oem/dat/CANCOMPPRICE*.ZIP'
+ export INPUT_FILE_NAME_EXPANDED
+ [ -s '/mdev/race/oem/dat/CANCOMPPRICE*.ZIP' ]
+ [ M '=' M ]
+ echo '\n*** Option 3 Input File /mdev/race/oem/dat/CANCOMPPRICE*.ZIP is on the Mitchell FTP Site.\n'
\n*** Option 3 Input File /mdev/race/oem/dat/CANCOMPPRICE*.ZIP is on the Mitchell FTP Site.\n
+ . oem_job_process_mitchell_ftp_file.ksh GETIT
+ echo '\n\n*** Begin oem_job_process_mitchell_ftp_file.ksh CANCOMPPRICE*.ZIP ***\n\n'
\n\n*** Begin oem_job_process_mitchell_ftp_file.ksh CANCOMPPRICE*.ZIP ***\n\n
+ trap 'oem_abndalrt.ksh $?' err
+ FILE_ACTION=GETIT
+ [ 1 -lt 1 ]
+ [ CA '=' PR ]
+ FTPSITE_DIRECTORY=/ftp1/Business_Partners/for_ca/mdev/incoming
+ [ GETIT '=' GETMIT ]
+ echo '\nDoes the input file name contain a wildcard?\n'
\nDoes the input file name contain a wildcard?\n
+ expr 'CANCOMPPRICE*.ZIP' : '.*[?*]'
13
+ echo 'CANCOMPPRICE*.ZIP contains wildcard.'
CANCOMPPRICE*.ZIP contains wildcard.
+ WORK_FTP_XFR_FILE_NAME='CANCOMPPRICE*.ZIP'
+ [ GETIT '=' GETIT ]
+ [ 'CANCOMPPRICE*.ZIP' '=' 'CANCOMPPRICE*.ZIP' ]
+ FTP_XFR_FILE_NAME='/mdev/race/oem/tmp/mptr425_CANCOMPPRICE*.ZIP'
+ rm -f '/mdev/race/oem/tmp/mptr425_CANCOMPPRICE*.ZIP'
+ echo '\nPreparing to scp file to /mdev/race/oem/tmp/mptr425_CANCOMPPRICE*.ZIP\n'
\nPreparing to scp file to /mdev/race/oem/tmp/mptr425_CANCOMPPRICE*.ZIP\n
+ scp 'ftp-ssh.mitchell.com:/ftp1/Business_Partners/for_ca/mdev/incoming/CANCOMPPRICE*.ZIP' '/mdev/race/oem/tmp/mptr425_CANCOMPPRICE*.ZIP'
+ [ ! -s '/mdev/race/oem/tmp/mptr425_CANCOMPPRICE*.ZIP' ]
+ echo '\nInput file pulled from Mitchell FTP Site is good\n'
\nInput file pulled from Mitchell FTP Site is good\n
+ echo 'CANCOMPPRICE*.ZIP'
+ awk -F . '{ print $NF }'
+ [[ ZIP = g01 ]]
+ echo 'CANCOMPPRICE*.ZIP'
+ awk -F . '{ print $NF }'
+ FILE_SUFFIX=.ZIP
+ export FILE_SUFFIX
+ echo '\nFILE_SUFFIX: .ZIP\n'
\nFILE_SUFFIX: .ZIP\n
+ [[ .ZIP = .zip ]]
+ [[ .ZIP = .ZIP ]]
+ echo 'gunzip -c /mdev/race/oem/tmp/mptr425_CANCOMPPRICE*.ZIP > /mdev/race/oem/dat/mptr425_araw_for_ca.dat'
gunzip -c /mdev/race/oem/tmp/mptr425_CANCOMPPRICE*.ZIP > /mdev/race/oem/dat/mptr425_araw_for_ca.dat
+ gunzip -c '/mdev/race/oem/tmp/mptr425_CANCOMPPRICE*.ZIP'
+ 1> /mdev/race/oem/dat/mptr425_araw_for_ca.dat
+ awk ' {print $1}'
+ wc -c /mdev/race/oem/dat/mptr425_araw_for_ca.dat
+ RECCNT1=61692072
+ [ 61692072 '=' 0 ]
+ echo $'\\nCopied or gunzip\'d file /mdev/race/oem/dat/mptr425_araw_for_ca.dat is good\\n'
\nCopied or gunzip'd file /mdev/race/oem/dat/mptr425_araw_for_ca.dat is good\n
+ [ GETIT '=' BACKUP ]
+ expr 1 + 1
+ FILE_SEQUENCE=2
+ true
+ sed -n -e 2p
+ 0< /mdev/race/oem/tmp/mptr425_oem_job_datafile.tmp
+ cut -f2 -d^
+ INPUT_FILE_NAME='CANOBS*.ZIP'
+ export INPUT_FILE_NAME
+ [ -z 'CANOBS*.ZIP' ]
+ sed -n -e 2p
+ cut -f3 -d^
+ 0< /mdev/race/oem/tmp/mptr425_oem_job_datafile.tmp
+ XTAB_FILE_NAME=mptr425_xtab_oem_ref_mptr425_for_raw_super.dat
+ export XTAB_FILE_NAME
+ sed -n -e 2p
+ cut -f4 -d^
+ 0< /mdev/race/oem/tmp/mptr425_oem_job_datafile.tmp
+ XTAB_TABLE_NAME=xtab_oem_ref_mptr425_for_super
+ export XTAB_TABLE_NAME
+ sed -n -e 2p
+ cut -f5 -d^
+ 0< /mdev/race/oem/tmp/mptr425_oem_job_datafile.tmp
+ FTP_PROGRAM_NAME=''
+ export FTP_PROGRAM_NAME
+ sed -n -e 2p
+ cut -f6 -d^
+ 0< /mdev/race/oem/tmp/mptr425_oem_job_datafile.tmp
+ FTP_LOCATION_CODE=M
+ export FTP_LOCATION_CODE
+ sed -n -e 2p
+ cut -f7 -d^
+ 0< /mdev/race/oem/tmp/mptr425_oem_job_datafile.tmp
+ FORMAT_INDICATOR=A
+ export FORMAT_INDICATOR
+ sed -n -e 2p
+ cut -f8 -d^
+ 0< /mdev/race/oem/tmp/mptr425_oem_job_datafile.tmp
+ SOURCE_FIELD_DELIMITER=''
+ export SOURCE_FIELD_DELIMITER
+ sed -n -e 2p
+ cut -f9 -d^
+ 0< /mdev/race/oem/tmp/mptr425_oem_job_datafile.tmp
+ TARGET_FIELD_SIZE=''
+ export TARGET_FIELD_SIZE
+ sed -n -e 2p
+ cut -f10 -d^
+ 0< /mdev/race/oem/tmp/mptr425_oem_job_datafile.tmp
+ BACKUP_SOURCE_FILE_NAME=mptr425_araw_for_ca_super.dat
+ export BACKUP_SOURCE_FILE_NAME
+ sed -n -e 2p
+ cut -f11 -d^
+ 0< /mdev/race/oem/tmp/mptr425_oem_job_datafile.tmp
+ FTP_SOURCE_FILE_NAME=''
+ export FTP_SOURCE_FILE_NAME
+ eval FTP_SOURCE_FILE_NAME=
+ FTP_SOURCE_FILE_NAME=''
+ sed -n -e 2p
+ cut -f14 -d^
+ 0< /mdev/race/oem/tmp/mptr425_oem_job_datafile.tmp
+ FTP_PARM_FILE_NAME=''
+ export FTP_PARM_FILE_NAME
+ sed -n -e 2p
+ cut -f16 -d^
+ 0< /mdev/race/oem/tmp/mptr425_oem_job_datafile.tmp
+ ENCODING_CHARSET=''
+ export ENCODING_CHARSET
+ . oem_job_datafile_prep.ksh
+ echo '\n*** Begin oem_job_datafile_prep.ksh CANOBS*.ZIP ***\n'
\n*** Begin oem_job_datafile_prep.ksh CANOBS*.ZIP ***\n
+ trap 'oem_abndalrt.ksh $?' err
+ STEP010_FILEOUT=/mdev/race/oem/dat/mptr425_araw_for_ca_super.dat
+ [ ! -z '' ]
+ echo 'CANOBS*.ZIP'
+ awk -F . '{ print $NF }'
+ [[ ZIP = 'dat(0)' ]]
+ INPUT_FILE_NAME_EXPANDED='/mdev/race/oem/dat/CANOBS*.ZIP'
+ export INPUT_FILE_NAME_EXPANDED
+ [ -s '/mdev/race/oem/dat/CANOBS*.ZIP' ]
+ [ M '=' M ]
+ echo '\n*** Option 3 Input File /mdev/race/oem/dat/CANOBS*.ZIP is on the Mitchell FTP Site.\n'
\n*** Option 3 Input File /mdev/race/oem/dat/CANOBS*.ZIP is on the Mitchell FTP Site.\n
+ . oem_job_process_mitchell_ftp_file.ksh GETIT
+ echo '\n\n*** Begin oem_job_process_mitchell_ftp_file.ksh CANOBS*.ZIP ***\n\n'
\n\n*** Begin oem_job_process_mitchell_ftp_file.ksh CANOBS*.ZIP ***\n\n
+ trap 'oem_abndalrt.ksh $?' err
+ FILE_ACTION=GETIT
+ [ 1 -lt 1 ]
+ [ CA '=' PR ]
+ FTPSITE_DIRECTORY=/ftp1/Business_Partners/for_ca/mdev/incoming
+ [ GETIT '=' GETMIT ]
+ echo '\nDoes the input file name contain a wildcard?\n'
\nDoes the input file name contain a wildcard?\n
+ expr 'CANOBS*.ZIP' : '.*[?*]'
7
+ echo 'CANOBS*.ZIP contains wildcard.'
CANOBS*.ZIP contains wildcard.
+ WORK_FTP_XFR_FILE_NAME='CANOBS*.ZIP'
+ [ GETIT '=' GETIT ]
+ [ 'CANOBS*.ZIP' '=' 'CANOBS*.ZIP' ]
+ FTP_XFR_FILE_NAME='/mdev/race/oem/tmp/mptr425_CANOBS*.ZIP'
+ rm -f '/mdev/race/oem/tmp/mptr425_CANOBS*.ZIP'
+ echo '\nPreparing to scp file to /mdev/race/oem/tmp/mptr425_CANOBS*.ZIP\n'
\nPreparing to scp file to /mdev/race/oem/tmp/mptr425_CANOBS*.ZIP\n
+ scp 'ftp-ssh.mitchell.com:/ftp1/Business_Partners/for_ca/mdev/incoming/CANOBS*.ZIP' '/mdev/race/oem/tmp/mptr425_CANOBS*.ZIP'
+ [ ! -s '/mdev/race/oem/tmp/mptr425_CANOBS*.ZIP' ]
+ echo '\nInput file pulled from Mitchell FTP Site is good\n'
\nInput file pulled from Mitchell FTP Site is good\n
+ echo 'CANOBS*.ZIP'
+ awk -F . '{ print $NF }'
+ [[ ZIP = g01 ]]
+ echo 'CANOBS*.ZIP'
+ awk -F . '{ print $NF }'
+ FILE_SUFFIX=.ZIP
+ export FILE_SUFFIX
+ echo '\nFILE_SUFFIX: .ZIP\n'
\nFILE_SUFFIX: .ZIP\n
+ [[ .ZIP = .zip ]]
+ [[ .ZIP = .ZIP ]]
+ echo 'gunzip -c /mdev/race/oem/tmp/mptr425_CANOBS*.ZIP > /mdev/race/oem/dat/mptr425_araw_for_ca_super.dat'
gunzip -c /mdev/race/oem/tmp/mptr425_CANOBS*.ZIP > /mdev/race/oem/dat/mptr425_araw_for_ca_super.dat
+ gunzip -c '/mdev/race/oem/tmp/mptr425_CANOBS*.ZIP'
+ 1> /mdev/race/oem/dat/mptr425_araw_for_ca_super.dat
+ awk ' {print $1}'
+ wc -c /mdev/race/oem/dat/mptr425_araw_for_ca_super.dat
+ RECCNT1=63465656
+ [ 63465656 '=' 0 ]
+ echo $'\\nCopied or gunzip\'d file /mdev/race/oem/dat/mptr425_araw_for_ca_super.dat is good\\n'
\nCopied or gunzip'd file /mdev/race/oem/dat/mptr425_araw_for_ca_super.dat is good\n
+ [ GETIT '=' BACKUP ]
+ expr 2 + 1
+ FILE_SEQUENCE=3
+ true
+ sed -n -e 3p
+ cut -f2 -d^
+ 0< /mdev/race/oem/tmp/mptr425_oem_job_datafile.tmp
+ INPUT_FILE_NAME=''
+ export INPUT_FILE_NAME
+ [ -z '' ]
+ break
+ STEPNAME=Step020R
+ export STEPNAME
+ date '+%m/%d/%y %H:%M:%S'
+ echo '\n\n START ---> mptr425_oem_ref Step020R - ASCII Cleanup - ' 08/18/26 15:16:41 ' <--- START\n\n'
\n\n START ---> mptr425_oem_ref Step020R - ASCII Cleanup -  08/18/26 15:16:41  <--- START\n\n
+ oem_job_status_update.ksh R 'Step020R ASCII Cleanup'
+ FILE_SEQUENCE=1
+ export FILE_SEQUENCE
+ [ '' '=' Step020R ]
+ true
+ sed -n -e 1p
+ cut -f2 -d^
+ 0< /mdev/race/oem/tmp/mptr425_oem_job_datafile.tmp
+ INPUT_FILE_NAME='CANCOMPPRICE*.ZIP'
+ export INPUT_FILE_NAME
+ [ -z 'CANCOMPPRICE*.ZIP' ]
+ sed -n -e 1p
+ cut -f3 -d^
+ 0< /mdev/race/oem/tmp/mptr425_oem_job_datafile.tmp
+ XTAB_FILE_NAME=mptr425_xtab_oem_ref_mptr425_for_raw.dat
+ export XTAB_FILE_NAME
+ sed -n -e 1p
+ cut -f4 -d^
+ 0< /mdev/race/oem/tmp/mptr425_oem_job_datafile.tmp
+ XTAB_TABLE_NAME=xtab_oem_ref_mptr425_for_price
+ export XTAB_TABLE_NAME
+ sed -n -e 1p
+ cut -f5 -d^
+ 0< /mdev/race/oem/tmp/mptr425_oem_job_datafile.tmp
+ FTP_PROGRAM_NAME=''
+ export FTP_PROGRAM_NAME
+ sed -n -e 1p
+ cut -f6 -d^
+ 0< /mdev/race/oem/tmp/mptr425_oem_job_datafile.tmp
+ FTP_LOCATION_CODE=M
+ export FTP_LOCATION_CODE
+ sed -n -e 1p
+ cut -f7 -d^
+ 0< /mdev/race/oem/tmp/mptr425_oem_job_datafile.tmp
+ FORMAT_INDICATOR=A
+ export FORMAT_INDICATOR
+ sed -n -e 1p
+ cut -f8 -d^
+ 0< /mdev/race/oem/tmp/mptr425_oem_job_datafile.tmp
+ SOURCE_FIELD_DELIMITER=''
+ export SOURCE_FIELD_DELIMITER
+ sed -n -e 1p
+ cut -f9 -d^
+ 0< /mdev/race/oem/tmp/mptr425_oem_job_datafile.tmp
+ TARGET_FIELD_SIZE=''
+ export TARGET_FIELD_SIZE
+ sed -n -e 1p
+ cut -f10 -d^
+ 0< /mdev/race/oem/tmp/mptr425_oem_job_datafile.tmp
+ BACKUP_SOURCE_FILE_NAME=mptr425_araw_for_ca.dat
+ export BACKUP_SOURCE_FILE_NAME
+ sed -n -e 1p
+ cut -f16 -d^
+ 0< /mdev/race/oem/tmp/mptr425_oem_job_datafile.tmp
+ ENCODING_CHARSET=''
+ export ENCODING_CHARSET
+ STEP020_FILEIN=/mdev/race/oem/dat/mptr425_araw_for_ca.dat
+ export STEP020_FILEIN
+ STEP020_FILEOUT=/mdev/race/oem/tmp/mptr425_step020_for_ca_file_1.tmp
+ export STEP020_FILEOUT
+ STEP020_FILEIN_CONV=/mdev/race/oem/dat/mptr425_araw_for_ca_conv.dat
+ export STEP020_FILEIN_CONV
+ STEP020_FILETMP=/mdev/race/oem/tmp/mptr425_step020_for_ca_filetmp_1.tmp
+ export STEP020_FILETMP
+ echo '\n\n Input File:  /mdev/race/oem/dat/mptr425_araw_for_ca.dat'
\n\n Input File:  /mdev/race/oem/dat/mptr425_araw_for_ca.dat
+ echo '\n\n Output File: /mdev/race/oem/tmp/mptr425_step020_for_ca_file_1.tmp'
\n\n Output File: /mdev/race/oem/tmp/mptr425_step020_for_ca_file_1.tmp
+ [ A '=' A ]
+ [ ! -z '' ]
+ echo '\n\n Running ascii_cleanup.ksh /mdev/race/oem/dat/mptr425_araw_for_ca.dat /mdev/race/oem/tmp/mptr425_step020_for_ca_file_1.tmp /mdev/race/oem/tmp/mptr425_step020_for_ca_filetmp_1.tmp'
\n\n Running ascii_cleanup.ksh /mdev/race/oem/dat/mptr425_araw_for_ca.dat /mdev/race/oem/tmp/mptr425_step020_for_ca_file_1.tmp /mdev/race/oem/tmp/mptr425_step020_for_ca_filetmp_1.tmp
+ ascii_cleanup.ksh /mdev/race/oem/dat/mptr425_araw_for_ca.dat /mdev/race/oem/tmp/mptr425_step020_for_ca_file_1.tmp /mdev/race/oem/tmp/mptr425_step020_for_ca_filetmp_1.tmp
: ascii_cleanup.ksh,v 1.5 2020/02/21 19:47:23 sg107540 Exp $
\n*-*-*-*-*-*-*-*-*-*-*-*-*-*-*-*-*-*-*-*-*-*-*-*-*-*-*-*-*-*-*-*-*-*-*-*-*-*-*-*-*-*-*
Starting ascii_cleanup.ksh\n
users@corp.int = users@corp.int
FILESIZE OK
\nExiting ascii_cleanup.ksh
*-*-*-*-*-*-*-*-*-*-*-*-*-*-*-*-*-*-*-*-*-*-*-*-*-*-*-*-*-*-*-*-*-*-*-*-*-*-*-*-*-*-*\n
+ expr 1 + 1
+ FILE_SEQUENCE=2
+ true
+ sed -n -e 2p
+ cut -f2 -d^
+ 0< /mdev/race/oem/tmp/mptr425_oem_job_datafile.tmp
+ INPUT_FILE_NAME='CANOBS*.ZIP'
+ export INPUT_FILE_NAME
+ [ -z 'CANOBS*.ZIP' ]
+ sed -n -e 2p
+ cut -f3 -d^
+ 0< /mdev/race/oem/tmp/mptr425_oem_job_datafile.tmp
+ XTAB_FILE_NAME=mptr425_xtab_oem_ref_mptr425_for_raw_super.dat
+ export XTAB_FILE_NAME
+ sed -n -e 2p
+ cut -f4 -d^
+ 0< /mdev/race/oem/tmp/mptr425_oem_job_datafile.tmp
+ XTAB_TABLE_NAME=xtab_oem_ref_mptr425_for_super
+ export XTAB_TABLE_NAME
+ sed -n -e 2p
+ cut -f5 -d^
+ 0< /mdev/race/oem/tmp/mptr425_oem_job_datafile.tmp
+ FTP_PROGRAM_NAME=''
+ export FTP_PROGRAM_NAME
+ sed -n -e 2p
+ cut -f6 -d^
+ 0< /mdev/race/oem/tmp/mptr425_oem_job_datafile.tmp
+ FTP_LOCATION_CODE=M
+ export FTP_LOCATION_CODE
+ sed -n -e 2p
+ cut -f7 -d^
+ 0< /mdev/race/oem/tmp/mptr425_oem_job_datafile.tmp
+ FORMAT_INDICATOR=A
+ export FORMAT_INDICATOR
+ sed -n -e 2p
+ cut -f8 -d^
+ 0< /mdev/race/oem/tmp/mptr425_oem_job_datafile.tmp
+ SOURCE_FIELD_DELIMITER=''
+ export SOURCE_FIELD_DELIMITER
+ sed -n -e 2p
+ cut -f9 -d^
+ 0< /mdev/race/oem/tmp/mptr425_oem_job_datafile.tmp
+ TARGET_FIELD_SIZE=''
+ export TARGET_FIELD_SIZE
+ sed -n -e 2p
+ cut -f10 -d^
+ 0< /mdev/race/oem/tmp/mptr425_oem_job_datafile.tmp
+ BACKUP_SOURCE_FILE_NAME=mptr425_araw_for_ca_super.dat
+ export BACKUP_SOURCE_FILE_NAME
+ sed -n -e 2p
+ cut -f16 -d^
+ 0< /mdev/race/oem/tmp/mptr425_oem_job_datafile.tmp
+ ENCODING_CHARSET=''
+ export ENCODING_CHARSET
+ STEP020_FILEIN=/mdev/race/oem/dat/mptr425_araw_for_ca_super.dat
+ export STEP020_FILEIN
+ STEP020_FILEOUT=/mdev/race/oem/tmp/mptr425_step020_for_ca_file_2.tmp
+ export STEP020_FILEOUT
+ STEP020_FILEIN_CONV=/mdev/race/oem/dat/mptr425_araw_for_ca_conv.dat
+ export STEP020_FILEIN_CONV
+ STEP020_FILETMP=/mdev/race/oem/tmp/mptr425_step020_for_ca_filetmp_2.tmp
+ export STEP020_FILETMP
+ echo '\n\n Input File:  /mdev/race/oem/dat/mptr425_araw_for_ca_super.dat'
\n\n Input File:  /mdev/race/oem/dat/mptr425_araw_for_ca_super.dat
+ echo '\n\n Output File: /mdev/race/oem/tmp/mptr425_step020_for_ca_file_2.tmp'
\n\n Output File: /mdev/race/oem/tmp/mptr425_step020_for_ca_file_2.tmp
+ [ A '=' A ]
+ [ ! -z '' ]
+ echo '\n\n Running ascii_cleanup.ksh /mdev/race/oem/dat/mptr425_araw_for_ca_super.dat /mdev/race/oem/tmp/mptr425_step020_for_ca_file_2.tmp /mdev/race/oem/tmp/mptr425_step020_for_ca_filetmp_2.tmp'
\n\n Running ascii_cleanup.ksh /mdev/race/oem/dat/mptr425_araw_for_ca_super.dat /mdev/race/oem/tmp/mptr425_step020_for_ca_file_2.tmp /mdev/race/oem/tmp/mptr425_step020_for_ca_filetmp_2.tmp
+ ascii_cleanup.ksh /mdev/race/oem/dat/mptr425_araw_for_ca_super.dat /mdev/race/oem/tmp/mptr425_step020_for_ca_file_2.tmp /mdev/race/oem/tmp/mptr425_step020_for_ca_filetmp_2.tmp
: ascii_cleanup.ksh,v 1.5 2020/02/21 19:47:23 sg107540 Exp $
\n*-*-*-*-*-*-*-*-*-*-*-*-*-*-*-*-*-*-*-*-*-*-*-*-*-*-*-*-*-*-*-*-*-*-*-*-*-*-*-*-*-*-*
Starting ascii_cleanup.ksh\n
users@corp.int = users@corp.int
FILESIZE OK
\nExiting ascii_cleanup.ksh
*-*-*-*-*-*-*-*-*-*-*-*-*-*-*-*-*-*-*-*-*-*-*-*-*-*-*-*-*-*-*-*-*-*-*-*-*-*-*-*-*-*-*\n
+ expr 2 + 1
+ FILE_SEQUENCE=3
+ true
+ sed -n -e 3p
+ cut -f2 -d^
+ 0< /mdev/race/oem/tmp/mptr425_oem_job_datafile.tmp
+ INPUT_FILE_NAME=''
+ export INPUT_FILE_NAME
+ [ -z '' ]
+ break
+ STEPNAME=Step030R
+ export STEPNAME
+ date '+%m/%d/%y %H:%M:%S'
+ echo '\n\nSTART ---> mptr425_oem_ref Step030R - delimit to fixed file conversion and xtab creation - ' 08/18/26 15:16:46 ' <--- START\n\n'
\n\nSTART ---> mptr425_oem_ref Step030R - delimit to fixed file conversion and xtab creation -  08/18/26 15:16:46  <--- START\n\n
+ oem_job_status_update.ksh R 'Step030R dlmt2fxd Process'
+ FILE_SEQUENCE=1
+ export FILE_SEQUENCE
+ [ '' '=' Step030R ]
+ true
+ sed -n -e 1p
+ cut -f2 -d^
+ 0< /mdev/race/oem/tmp/mptr425_oem_job_datafile.tmp
+ INPUT_FILE_NAME='CANCOMPPRICE*.ZIP'
+ export INPUT_FILE_NAME
+ [ -z 'CANCOMPPRICE*.ZIP' ]
+ sed -n -e 1p
+ cut -f3 -d^
+ 0< /mdev/race/oem/tmp/mptr425_oem_job_datafile.tmp
+ XTAB_FILE_NAME=mptr425_xtab_oem_ref_mptr425_for_raw.dat
+ export XTAB_FILE_NAME
+ sed -n -e 1p
+ cut -f4 -d^
+ 0< /mdev/race/oem/tmp/mptr425_oem_job_datafile.tmp
+ XTAB_TABLE_NAME=xtab_oem_ref_mptr425_for_price
+ export XTAB_TABLE_NAME
+ sed -n -e 1p
+ cut -f5 -d^
+ 0< /mdev/race/oem/tmp/mptr425_oem_job_datafile.tmp
+ FTP_PROGRAM_NAME=''
+ export FTP_PROGRAM_NAME
+ sed -n -e 1p
+ cut -f6 -d^
+ 0< /mdev/race/oem/tmp/mptr425_oem_job_datafile.tmp
+ FTP_LOCATION_CODE=M
+ export FTP_LOCATION_CODE
+ sed -n -e 1p
+ cut -f7 -d^
+ 0< /mdev/race/oem/tmp/mptr425_oem_job_datafile.tmp
+ FORMAT_INDICATOR=A
+ export FORMAT_INDICATOR
+ sed -n -e 1p
+ cut -f8 -d^
+ 0< /mdev/race/oem/tmp/mptr425_oem_job_datafile.tmp
+ SOURCE_FIELD_DELIMITER=''
+ export SOURCE_FIELD_DELIMITER
+ sed -n -e 1p
+ cut -f9 -d^
+ 0< /mdev/race/oem/tmp/mptr425_oem_job_datafile.tmp
+ TARGET_FIELD_SIZE=''
+ export TARGET_FIELD_SIZE
+ sed -n -e 1p
+ cut -f10 -d^
+ 0< /mdev/race/oem/tmp/mptr425_oem_job_datafile.tmp
+ BACKUP_SOURCE_FILE_NAME=mptr425_araw_for_ca.dat
+ export BACKUP_SOURCE_FILE_NAME
+ sed -n -e 1p
+ cut -f11 -d^
+ 0< /mdev/race/oem/tmp/mptr425_oem_job_datafile.tmp
+ FTP_SOURCE_FILE_NAME=''
+ export FTP_SOURCE_FILE_NAME
+ eval FTP_SOURCE_FILE_NAME=
+ FTP_SOURCE_FILE_NAME=''
+ sed -n -e 1p
+ cut -f12 -d^
+ 0< /mdev/race/oem/tmp/mptr425_oem_job_datafile.tmp
+ SOURCE_FILE_UPDATE_FREQUENCY=1
+ export SOURCE_FILE_UPDATE_FREQUENCY
+ sed -n -e 1p
+ cut -f13 -d^
+ 0< /mdev/race/oem/tmp/mptr425_oem_job_datafile.tmp
+ SOURCE_FILE_UPDATE_DATE=08/18/2026
+ export SOURCE_FILE_UPDATE_DATE
+ sed -n -e 1p
+ cut -f14 -d^
+ 0< /mdev/race/oem/tmp/mptr425_oem_job_datafile.tmp
+ FTP_PARM_FILE_NAME=''
+ export FTP_PARM_FILE_NAME
+ STEP030_FILEIN=/mdev/race/oem/tmp/mptr425_step020_for_ca_file_1.tmp
+ export STEP030_FILEIN
+ STEP030_FILEOUT=/mdev/race/oem/dat/mptr425_xtab_oem_ref_mptr425_for_raw.dat
+ export STEP030_FILEOUT
+ STEP030_PREVRAW=/mdev/race/oem/dat/mptr425_xtab_oem_ref_mptr425_for_raw.dat_prevraw.dat
+ export STEP030_PREVRAW
+ echo $'\\n\\n Create previous raw from last run\'s raw.dat file'
\n\n Create previous raw from last run's raw.dat file
+ [ -f /mdev/race/oem/dat/mptr425_xtab_oem_ref_mptr425_for_raw.dat ]
+ cp -p /mdev/race/oem/dat/mptr425_xtab_oem_ref_mptr425_for_raw.dat /mdev/race/oem/dat/mptr425_xtab_oem_ref_mptr425_for_raw.dat_prevraw.dat
+ echo '\n\n Input File:  /mdev/race/oem/tmp/mptr425_step020_for_ca_file_1.tmp'
\n\n Input File:  /mdev/race/oem/tmp/mptr425_step020_for_ca_file_1.tmp
+ echo '\n\n Output File: /mdev/race/oem/dat/mptr425_xtab_oem_ref_mptr425_for_raw.dat'
\n\n Output File: /mdev/race/oem/dat/mptr425_xtab_oem_ref_mptr425_for_raw.dat
+ [ ! -z '' ]
+ echo 'Copy input file to output file to create new xtab dat.'
Copy input file to output file to create new xtab dat.
+ cp /mdev/race/oem/tmp/mptr425_step020_for_ca_file_1.tmp /mdev/race/oem/dat/mptr425_xtab_oem_ref_mptr425_for_raw.dat
+ DIFF_FILE=/mdev/race/oem/tmp/mptr425_step030_forca.diff
+ echo '\n\n'
\n\n
+ echo 'Current  Input File: /mdev/race/oem/dat/mptr425_xtab_oem_ref_mptr425_for_raw.dat'
Current  Input File: /mdev/race/oem/dat/mptr425_xtab_oem_ref_mptr425_for_raw.dat
+ echo 'Previous Input File: /mdev/race/oem/dat/mptr425_xtab_oem_ref_mptr425_for_raw.dat_prevraw.dat'
Previous Input File: /mdev/race/oem/dat/mptr425_xtab_oem_ref_mptr425_for_raw.dat_prevraw.dat
+ [ -f /mdev/race/oem/dat/mptr425_xtab_oem_ref_mptr425_for_raw.dat_prevraw.dat ]
+ trap - err
+ diff /mdev/race/oem/dat/mptr425_xtab_oem_ref_mptr425_for_raw.dat_prevraw.dat /mdev/race/oem/dat/mptr425_xtab_oem_ref_mptr425_for_raw.dat
+ 1> /mdev/race/oem/tmp/mptr425_step030_forca.diff
+ [ ! -s /mdev/race/oem/tmp/mptr425_step030_forca.diff ]
+ . oem_job_email_same_file_msg.ksh
+ echo 'begin of oem_job_email_same_file_msg.ksh'
begin of oem_job_email_same_file_msg.ksh
+ MAIL_TEXT=/mdev/race/oem/tmp/mptr425_email_text.tmp
+ export MAIL_TEXT
+ TEST_MAIL_TO=Rpt.OEM.Developers@Mitchell.com
+ export TEST_MAIL_TO
+ PROD_MAIL_TO='Rpt.OEM.Developers@Mitchell.com; RaceDataOps@Mitchell.com; Rpt.OEM.Data.Analyst@Mitchell.com; Susan.Grimes@mitchell.com'
+ export PROD_MAIL_TO
+ printf 'No difference found between current data file and previous one. \n'
+ 1> /mdev/race/oem/tmp/mptr425_email_text.tmp
+ printf '   --> CANCOMPPRICE*.ZIP \n'
+ 1>> /mdev/race/oem/tmp/mptr425_email_text.tmp
+ printf '\n'
+ 1>> /mdev/race/oem/tmp/mptr425_email_text.tmp
+ printf 'NOTE: This is an expected email for a job that is being rerun. \n'
+ 1>> /mdev/race/oem/tmp/mptr425_email_text.tmp
+ printf '\n'
+ 1>> /mdev/race/oem/tmp/mptr425_email_text.tmp
+ printf 'Files used in comparison:\n'
+ 1>> /mdev/race/oem/tmp/mptr425_email_text.tmp
+ printf '-->  Current:  /mdev/race/oem/dat/mptr425_xtab_oem_ref_mptr425_for_raw.dat \n'
+ 1>> /mdev/race/oem/tmp/mptr425_email_text.tmp
/tmp/mptr425_oem_ref.ksh_run[307]: .: oem_job_email_same_file_msg.ksh[23]: printf: -->  Current  /mdev/race/oem/dat/mptr425_xtab_oem_ref_mptr425_f: unknown option
Usage: printf [ options ] format [string ...]
 Help: printf [ --help | --man ] 2>&1
+ printf '--> Previous:  /mdev/race/oem/dat/mptr425_xtab_oem_ref_mptr425_for_raw.dat_prevraw.dat \n'
+ 1>> /mdev/race/oem/tmp/mptr425_email_text.tmp
/tmp/mptr425_oem_ref.ksh_run[307]: .: oem_job_email_same_file_msg.ksh[24]: printf: --> Previous  /mdev/race/oem/dat/mptr425_xtab_oem_ref_mptr425_f: unknown option
Usage: printf [ options ] format [string ...]
 Help: printf [ --help | --man ] 2>&1
+ printf '\n'
+ 1>> /mdev/race/oem/tmp/mptr425_email_text.tmp
+ printf 'Additional info: \n'
+ 1>> /mdev/race/oem/tmp/mptr425_email_text.tmp
+ printf '--> File Location:  M \n'
+ 1>> /mdev/race/oem/tmp/mptr425_email_text.tmp
/tmp/mptr425_oem_ref.ksh_run[307]: .: oem_job_email_same_file_msg.ksh[28]: printf: --> File Location  M \n: unknown option
Usage: printf [ options ] format [string ...]
 Help: printf [ --help | --man ] 2>&1
+ printf '--> Frequency this file is expected to change is: 1 months. \n'
+ 1>> /mdev/race/oem/tmp/mptr425_email_text.tmp
/tmp/mptr425_oem_ref.ksh_run[307]: .: oem_job_email_same_file_msg.ksh[29]: printf: --> Frequency this file is expected to change is 1 months. \n: unknown option
Usage: printf [ options ] format [string ...]
 Help: printf [ --help | --man ] 2>&1
+ printf '--> Date that the input file last changed was:  08/18/2026 \n'
+ 1>> /mdev/race/oem/tmp/mptr425_email_text.tmp
/tmp/mptr425_oem_ref.ksh_run[307]: .: oem_job_email_same_file_msg.ksh[30]: printf: --> Date that the input file last changed was  08/18/2026 \n: unknown option
Usage: printf [ options ] format [string ...]
 Help: printf [ --help | --man ] 2>&1
+ printf '\n'
+ 1>> /mdev/race/oem/tmp/mptr425_email_text.tmp
+ printf 'Next Steps: \n'
+ 1>> /mdev/race/oem/tmp/mptr425_email_text.tmp
+ printf '1. Was the correct job executed? \n'
+ 1>> /mdev/race/oem/tmp/mptr425_email_text.tmp
+ printf '\n'
+ 1>> /mdev/race/oem/tmp/mptr425_email_text.tmp
+ printf '2. Does Provider send more than one file? If so, are ALL files resulting in same file warning? \n'
+ 1>> /mdev/race/oem/tmp/mptr425_email_text.tmp
+ printf '   (e.g. Tesla sends price and super file. The prices are changed frequently. '
+ 1>> /mdev/race/oem/tmp/mptr425_email_text.tmp
+ printf 'Supersessions rarely change.) \n'
+ 1>> /mdev/race/oem/tmp/mptr425_email_text.tmp
+ printf '   --> If ALL triggered same file warning, send email to OEM contact noting: \n'
+ 1>> /mdev/race/oem/tmp/mptr425_email_text.tmp
+ printf '       o While processing your recently staged files, our process detected that the files are '
+ 1>> /mdev/race/oem/tmp/mptr425_email_text.tmp
+ printf 'exactly the same as the ones that you last provided. (i.e. No price changes, no parts added or '
+ 1>> /mdev/race/oem/tmp/mptr425_email_text.tmp
+ printf 'dropped.) \n'
+ 1>> /mdev/race/oem/tmp/mptr425_email_text.tmp
+ printf '       o Is this to be expected or have the wrong files been staged? \n'
+ 1>> /mdev/race/oem/tmp/mptr425_email_text.tmp
+ printf '   --> If one file of multiple files triggered same file warning but other file(s) did not, '
+ 1>> /mdev/race/oem/tmp/mptr425_email_text.tmp
+ printf $'this means that \'as a whole\', the data DID change for the run. It is probably OKAY to proceed, '
+ 1>> /mdev/race/oem/tmp/mptr425_email_text.tmp
+ printf 'with the update although contacting the OEM is still recommended should the file remain the '
+ 1>> /mdev/race/oem/tmp/mptr425_email_text.tmp
+ printf 'same for a long period of time. \n'
+ 1>> /mdev/race/oem/tmp/mptr425_email_text.tmp
+ printf '\n'
+ 1>> /mdev/race/oem/tmp/mptr425_email_text.tmp
+ printf '3. If file location = ‘  ’, this job is using another reformat’s file. Was THAT job run prior '
+ 1>> /mdev/race/oem/tmp/mptr425_email_text.tmp
+ printf 'to this? \n'
+ 1>> /mdev/race/oem/tmp/mptr425_email_text.tmp
+ printf '\n'
+ 1>> /mdev/race/oem/tmp/mptr425_email_text.tmp
+ printf '4. If file location = ‘N’, was file saved to prod3nt directory and named correctly? Also, '
+ 1>> /mdev/race/oem/tmp/mptr425_email_text.tmp
+ printf 'check the date of the file to what is on prod3nt. \n'
+ 1>> /mdev/race/oem/tmp/mptr425_email_text.tmp
+ printf '\n'
+ 1>> /mdev/race/oem/tmp/mptr425_email_text.tmp
+ printf '5. If file location = ‘X’, does the file on the OEMs server have correct name and has date of '
+ 1>> /mdev/race/oem/tmp/mptr425_email_text.tmp
+ printf 'this runs file changed from the date of the last runs file? \n'
+ 1>> /mdev/race/oem/tmp/mptr425_email_text.tmp
+ printf '\n'
+ 1>> /mdev/race/oem/tmp/mptr425_email_text.tmp
+ printf '6. If file location = ‘M’, does the file on Mitchells server have correct name and has date of '
+ 1>> /mdev/race/oem/tmp/mptr425_email_text.tmp
+ printf 'this runs file changed from the date of the last runs file? \n'
+ 1>> /mdev/race/oem/tmp/mptr425_email_text.tmp
+ printf '   --> If so, send email to OEM contact noting: \n'
+ 1>> /mdev/race/oem/tmp/mptr425_email_text.tmp
+ printf '       o While processing your recently staged price file, our process detected that this file '
+ 1>> /mdev/race/oem/tmp/mptr425_email_text.tmp
+ printf 'is exactly the same as the one that you last provided. (i.e. No price changes, no parts added '
+ 1>> /mdev/race/oem/tmp/mptr425_email_text.tmp
+ printf 'or dropped.) \n'
+ 1>> /mdev/race/oem/tmp/mptr425_email_text.tmp
+ printf '       o Is this to be expected or has the wrong file been staged? \n'
+ 1>> /mdev/race/oem/tmp/mptr425_email_text.tmp
+ printf '   --> If not correct name, send email to OEM requesting new file be staged: \n'
+ 1>> /mdev/race/oem/tmp/mptr425_email_text.tmp
+ printf '       o We are noticing the name associated to your file does not match what our process is '
+ 1>> /mdev/race/oem/tmp/mptr425_email_text.tmp
+ printf 'expecting:  --> CANCOMPPRICE*.ZIP \n'
+ 1>> /mdev/race/oem/tmp/mptr425_email_text.tmp
+ printf '   --> If not recent date, send email to OEM requesting new file be staged: \n'
+ 1>> /mdev/race/oem/tmp/mptr425_email_text.tmp
+ printf '       o We are noticing the date associated to your file is not current. Has the proper file '
+ 1>> /mdev/race/oem/tmp/mptr425_email_text.tmp
+ printf 'been staged? \n'
+ 1>> /mdev/race/oem/tmp/mptr425_email_text.tmp
+ printf '\n'
+ 1>> /mdev/race/oem/tmp/mptr425_email_text.tmp
+ printf 'NOTE: If OEM confirms no change in data file, proceed with update. \n '
+ 1>> /mdev/race/oem/tmp/mptr425_email_text.tmp
+ printf '      If OEM says file should contain changes, \n'
+ 1>> /mdev/race/oem/tmp/mptr425_email_text.tmp
+ printf $'      o Verify the file they provided contains changes they\'re aware of. \\n'
+ 1>> /mdev/race/oem/tmp/mptr425_email_text.tmp
+ printf '      o Make sure we staged/processed the new file correctly. \n'
+ 1>> /mdev/race/oem/tmp/mptr425_email_text.tmp
+ printf $'      o You may need to request they restage/resend their file, if you don\'t see the changes. '
+ 1>> /mdev/race/oem/tmp/mptr425_email_text.tmp
+ printf 'Mark 1st run as bad. Reorder file. Mark file received. Rerun job from top. \n'
+ 1>> /mdev/race/oem/tmp/mptr425_email_text.tmp
+ printf '\n'
+ 1>> /mdev/race/oem/tmp/mptr425_email_text.tmp
+ [ dawapp7017l '=' dawapp7017l ]
+ mailx -s 'Test system warning! mptr425: Same input file being processed!' Rpt.OEM.Developers@Mitchell.com
+ 0< /mdev/race/oem/tmp/mptr425_email_text.tmp
+ printf 'end of oem_job_email_same_file_msg.ksh'
end of oem_job_email_same_file_msg.ksh+ trap 'oem_abndalrt.ksh $?' err
+ expr 1 + 1
+ FILE_SEQUENCE=2
+ true
+ sed -n -e 2p
+ cut -f2 -d^
+ 0< /mdev/race/oem/tmp/mptr425_oem_job_datafile.tmp
+ INPUT_FILE_NAME='CANOBS*.ZIP'
+ export INPUT_FILE_NAME
+ [ -z 'CANOBS*.ZIP' ]
+ sed -n -e 2p
+ cut -f3 -d^
+ 0< /mdev/race/oem/tmp/mptr425_oem_job_datafile.tmp
+ XTAB_FILE_NAME=mptr425_xtab_oem_ref_mptr425_for_raw_super.dat
+ export XTAB_FILE_NAME
+ sed -n -e 2p
+ cut -f4 -d^
+ 0< /mdev/race/oem/tmp/mptr425_oem_job_datafile.tmp
+ XTAB_TABLE_NAME=xtab_oem_ref_mptr425_for_super
+ export XTAB_TABLE_NAME
+ sed -n -e 2p
+ cut -f5 -d^
+ 0< /mdev/race/oem/tmp/mptr425_oem_job_datafile.tmp
+ FTP_PROGRAM_NAME=''
+ export FTP_PROGRAM_NAME
+ sed -n -e 2p
+ cut -f6 -d^
+ 0< /mdev/race/oem/tmp/mptr425_oem_job_datafile.tmp
+ FTP_LOCATION_CODE=M
+ export FTP_LOCATION_CODE
+ sed -n -e 2p
+ cut -f7 -d^
+ 0< /mdev/race/oem/tmp/mptr425_oem_job_datafile.tmp
+ FORMAT_INDICATOR=A
+ export FORMAT_INDICATOR
+ sed -n -e 2p
+ cut -f8 -d^
+ 0< /mdev/race/oem/tmp/mptr425_oem_job_datafile.tmp
+ SOURCE_FIELD_DELIMITER=''
+ export SOURCE_FIELD_DELIMITER
+ sed -n -e 2p
+ cut -f9 -d^
+ 0< /mdev/race/oem/tmp/mptr425_oem_job_datafile.tmp
+ TARGET_FIELD_SIZE=''
+ export TARGET_FIELD_SIZE
+ sed -n -e 2p
+ cut -f10 -d^
+ 0< /mdev/race/oem/tmp/mptr425_oem_job_datafile.tmp
+ BACKUP_SOURCE_FILE_NAME=mptr425_araw_for_ca_super.dat
+ export BACKUP_SOURCE_FILE_NAME
+ sed -n -e 2p
+ cut -f11 -d^
+ 0< /mdev/race/oem/tmp/mptr425_oem_job_datafile.tmp
+ FTP_SOURCE_FILE_NAME=''
+ export FTP_SOURCE_FILE_NAME
+ eval FTP_SOURCE_FILE_NAME=
+ FTP_SOURCE_FILE_NAME=''
+ sed -n -e 2p
+ cut -f12 -d^
+ 0< /mdev/race/oem/tmp/mptr425_oem_job_datafile.tmp
+ SOURCE_FILE_UPDATE_FREQUENCY=1
+ export SOURCE_FILE_UPDATE_FREQUENCY
+ sed -n -e 2p
+ cut -f13 -d^
+ 0< /mdev/race/oem/tmp/mptr425_oem_job_datafile.tmp
+ SOURCE_FILE_UPDATE_DATE=08/18/2026
+ export SOURCE_FILE_UPDATE_DATE
+ sed -n -e 2p
+ cut -f14 -d^
+ 0< /mdev/race/oem/tmp/mptr425_oem_job_datafile.tmp
+ FTP_PARM_FILE_NAME=''
+ export FTP_PARM_FILE_NAME
+ STEP030_FILEIN=/mdev/race/oem/tmp/mptr425_step020_for_ca_file_2.tmp
+ export STEP030_FILEIN
+ STEP030_FILEOUT=/mdev/race/oem/dat/mptr425_xtab_oem_ref_mptr425_for_raw_super.dat
+ export STEP030_FILEOUT
+ STEP030_PREVRAW=/mdev/race/oem/dat/mptr425_xtab_oem_ref_mptr425_for_raw_super.dat_prevraw.dat
+ export STEP030_PREVRAW
+ echo $'\\n\\n Create previous raw from last run\'s raw.dat file'
\n\n Create previous raw from last run's raw.dat file
+ [ -f /mdev/race/oem/dat/mptr425_xtab_oem_ref_mptr425_for_raw_super.dat ]
+ cp -p /mdev/race/oem/dat/mptr425_xtab_oem_ref_mptr425_for_raw_super.dat /mdev/race/oem/dat/mptr425_xtab_oem_ref_mptr425_for_raw_super.dat_prevraw.dat
+ echo '\n\n Input File:  /mdev/race/oem/tmp/mptr425_step020_for_ca_file_2.tmp'
\n\n Input File:  /mdev/race/oem/tmp/mptr425_step020_for_ca_file_2.tmp
+ echo '\n\n Output File: /mdev/race/oem/dat/mptr425_xtab_oem_ref_mptr425_for_raw_super.dat'
\n\n Output File: /mdev/race/oem/dat/mptr425_xtab_oem_ref_mptr425_for_raw_super.dat
+ [ ! -z '' ]
+ echo 'Copy input file to output file to create new xtab dat.'
Copy input file to output file to create new xtab dat.
+ cp /mdev/race/oem/tmp/mptr425_step020_for_ca_file_2.tmp /mdev/race/oem/dat/mptr425_xtab_oem_ref_mptr425_for_raw_super.dat
+ DIFF_FILE=/mdev/race/oem/tmp/mptr425_step030_forca.diff
+ echo '\n\n'
\n\n
+ echo 'Current  Input File: /mdev/race/oem/dat/mptr425_xtab_oem_ref_mptr425_for_raw_super.dat'
Current  Input File: /mdev/race/oem/dat/mptr425_xtab_oem_ref_mptr425_for_raw_super.dat
+ echo 'Previous Input File: /mdev/race/oem/dat/mptr425_xtab_oem_ref_mptr425_for_raw_super.dat_prevraw.dat'
Previous Input File: /mdev/race/oem/dat/mptr425_xtab_oem_ref_mptr425_for_raw_super.dat_prevraw.dat
+ [ -f /mdev/race/oem/dat/mptr425_xtab_oem_ref_mptr425_for_raw_super.dat_prevraw.dat ]
+ trap - err
+ diff /mdev/race/oem/dat/mptr425_xtab_oem_ref_mptr425_for_raw_super.dat_prevraw.dat /mdev/race/oem/dat/mptr425_xtab_oem_ref_mptr425_for_raw_super.dat
+ 1> /mdev/race/oem/tmp/mptr425_step030_forca.diff
+ [ ! -s /mdev/race/oem/tmp/mptr425_step030_forca.diff ]
+ . oem_job_email_same_file_msg.ksh
+ echo 'begin of oem_job_email_same_file_msg.ksh'
begin of oem_job_email_same_file_msg.ksh
+ MAIL_TEXT=/mdev/race/oem/tmp/mptr425_email_text.tmp
+ export MAIL_TEXT
+ TEST_MAIL_TO=Rpt.OEM.Developers@Mitchell.com
+ export TEST_MAIL_TO
+ PROD_MAIL_TO='Rpt.OEM.Developers@Mitchell.com; RaceDataOps@Mitchell.com; Rpt.OEM.Data.Analyst@Mitchell.com; Susan.Grimes@mitchell.com'
+ export PROD_MAIL_TO
+ printf 'No difference found between current data file and previous one. \n'
+ 1> /mdev/race/oem/tmp/mptr425_email_text.tmp
+ printf '   --> CANOBS*.ZIP \n'
+ 1>> /mdev/race/oem/tmp/mptr425_email_text.tmp
+ printf '\n'
+ 1>> /mdev/race/oem/tmp/mptr425_email_text.tmp
+ printf 'NOTE: This is an expected email for a job that is being rerun. \n'
+ 1>> /mdev/race/oem/tmp/mptr425_email_text.tmp
+ printf '\n'
+ 1>> /mdev/race/oem/tmp/mptr425_email_text.tmp
+ printf 'Files used in comparison:\n'
+ 1>> /mdev/race/oem/tmp/mptr425_email_text.tmp
+ printf '-->  Current:  /mdev/race/oem/dat/mptr425_xtab_oem_ref_mptr425_for_raw_super.dat \n'
+ 1>> /mdev/race/oem/tmp/mptr425_email_text.tmp
/tmp/mptr425_oem_ref.ksh_run[307]: .: oem_job_email_same_file_msg.ksh[23]: printf: -->  Current  /mdev/race/oem/dat/mptr425_xtab_oem_ref_mptr425_f: unknown option
Usage: printf [ options ] format [string ...]
 Help: printf [ --help | --man ] 2>&1
+ printf '--> Previous:  /mdev/race/oem/dat/mptr425_xtab_oem_ref_mptr425_for_raw_super.dat_prevraw.dat \n'
+ 1>> /mdev/race/oem/tmp/mptr425_email_text.tmp
/tmp/mptr425_oem_ref.ksh_run[307]: .: oem_job_email_same_file_msg.ksh[24]: printf: --> Previous  /mdev/race/oem/dat/mptr425_xtab_oem_ref_mptr425_f: unknown option
Usage: printf [ options ] format [string ...]
 Help: printf [ --help | --man ] 2>&1
+ printf '\n'
+ 1>> /mdev/race/oem/tmp/mptr425_email_text.tmp
+ printf 'Additional info: \n'
+ 1>> /mdev/race/oem/tmp/mptr425_email_text.tmp
+ printf '--> File Location:  M \n'
+ 1>> /mdev/race/oem/tmp/mptr425_email_text.tmp
/tmp/mptr425_oem_ref.ksh_run[307]: .: oem_job_email_same_file_msg.ksh[28]: printf: --> File Location  M \n: unknown option
Usage: printf [ options ] format [string ...]
 Help: printf [ --help | --man ] 2>&1
+ printf '--> Frequency this file is expected to change is: 1 months. \n'
+ 1>> /mdev/race/oem/tmp/mptr425_email_text.tmp
/tmp/mptr425_oem_ref.ksh_run[307]: .: oem_job_email_same_file_msg.ksh[29]: printf: --> Frequency this file is expected to change is 1 months. \n: unknown option
Usage: printf [ options ] format [string ...]
 Help: printf [ --help | --man ] 2>&1
+ printf '--> Date that the input file last changed was:  08/18/2026 \n'
+ 1>> /mdev/race/oem/tmp/mptr425_email_text.tmp
/tmp/mptr425_oem_ref.ksh_run[307]: .: oem_job_email_same_file_msg.ksh[30]: printf: --> Date that the input file last changed was  08/18/2026 \n: unknown option
Usage: printf [ options ] format [string ...]
 Help: printf [ --help | --man ] 2>&1
+ printf '\n'
+ 1>> /mdev/race/oem/tmp/mptr425_email_text.tmp
+ printf 'Next Steps: \n'
+ 1>> /mdev/race/oem/tmp/mptr425_email_text.tmp
+ printf '1. Was the correct job executed? \n'
+ 1>> /mdev/race/oem/tmp/mptr425_email_text.tmp
+ printf '\n'
+ 1>> /mdev/race/oem/tmp/mptr425_email_text.tmp
+ printf '2. Does Provider send more than one file? If so, are ALL files resulting in same file warning? \n'
+ 1>> /mdev/race/oem/tmp/mptr425_email_text.tmp
+ printf '   (e.g. Tesla sends price and super file. The prices are changed frequently. '
+ 1>> /mdev/race/oem/tmp/mptr425_email_text.tmp
+ printf 'Supersessions rarely change.) \n'
+ 1>> /mdev/race/oem/tmp/mptr425_email_text.tmp
+ printf '   --> If ALL triggered same file warning, send email to OEM contact noting: \n'
+ 1>> /mdev/race/oem/tmp/mptr425_email_text.tmp
+ printf '       o While processing your recently staged files, our process detected that the files are '
+ 1>> /mdev/race/oem/tmp/mptr425_email_text.tmp
+ printf 'exactly the same as the ones that you last provided. (i.e. No price changes, no parts added or '
+ 1>> /mdev/race/oem/tmp/mptr425_email_text.tmp
+ printf 'dropped.) \n'
+ 1>> /mdev/race/oem/tmp/mptr425_email_text.tmp
+ printf '       o Is this to be expected or have the wrong files been staged? \n'
+ 1>> /mdev/race/oem/tmp/mptr425_email_text.tmp
+ printf '   --> If one file of multiple files triggered same file warning but other file(s) did not, '
+ 1>> /mdev/race/oem/tmp/mptr425_email_text.tmp
+ printf $'this means that \'as a whole\', the data DID change for the run. It is probably OKAY to proceed, '
+ 1>> /mdev/race/oem/tmp/mptr425_email_text.tmp
+ printf 'with the update although contacting the OEM is still recommended should the file remain the '
+ 1>> /mdev/race/oem/tmp/mptr425_email_text.tmp
+ printf 'same for a long period of time. \n'
+ 1>> /mdev/race/oem/tmp/mptr425_email_text.tmp
+ printf '\n'
+ 1>> /mdev/race/oem/tmp/mptr425_email_text.tmp
+ printf '3. If file location = ‘  ’, this job is using another reformat’s file. Was THAT job run prior '
+ 1>> /mdev/race/oem/tmp/mptr425_email_text.tmp
+ printf 'to this? \n'
+ 1>> /mdev/race/oem/tmp/mptr425_email_text.tmp
+ printf '\n'
+ 1>> /mdev/race/oem/tmp/mptr425_email_text.tmp
+ printf '4. If file location = ‘N’, was file saved to prod3nt directory and named correctly? Also, '
+ 1>> /mdev/race/oem/tmp/mptr425_email_text.tmp
+ printf 'check the date of the file to what is on prod3nt. \n'
+ 1>> /mdev/race/oem/tmp/mptr425_email_text.tmp
+ printf '\n'
+ 1>> /mdev/race/oem/tmp/mptr425_email_text.tmp
+ printf '5. If file location = ‘X’, does the file on the OEMs server have correct name and has date of '
+ 1>> /mdev/race/oem/tmp/mptr425_email_text.tmp
+ printf 'this runs file changed from the date of the last runs file? \n'
+ 1>> /mdev/race/oem/tmp/mptr425_email_text.tmp
+ printf '\n'
+ 1>> /mdev/race/oem/tmp/mptr425_email_text.tmp
+ printf '6. If file location = ‘M’, does the file on Mitchells server have correct name and has date of '
+ 1>> /mdev/race/oem/tmp/mptr425_email_text.tmp
+ printf 'this runs file changed from the date of the last runs file? \n'
+ 1>> /mdev/race/oem/tmp/mptr425_email_text.tmp
+ printf '   --> If so, send email to OEM contact noting: \n'
+ 1>> /mdev/race/oem/tmp/mptr425_email_text.tmp
+ printf '       o While processing your recently staged price file, our process detected that this file '
+ 1>> /mdev/race/oem/tmp/mptr425_email_text.tmp
+ printf 'is exactly the same as the one that you last provided. (i.e. No price changes, no parts added '
+ 1>> /mdev/race/oem/tmp/mptr425_email_text.tmp
+ printf 'or dropped.) \n'
+ 1>> /mdev/race/oem/tmp/mptr425_email_text.tmp
+ printf '       o Is this to be expected or has the wrong file been staged? \n'
+ 1>> /mdev/race/oem/tmp/mptr425_email_text.tmp
+ printf '   --> If not correct name, send email to OEM requesting new file be staged: \n'
+ 1>> /mdev/race/oem/tmp/mptr425_email_text.tmp
+ printf '       o We are noticing the name associated to your file does not match what our process is '
+ 1>> /mdev/race/oem/tmp/mptr425_email_text.tmp
+ printf 'expecting:  --> CANOBS*.ZIP \n'
+ 1>> /mdev/race/oem/tmp/mptr425_email_text.tmp
+ printf '   --> If not recent date, send email to OEM requesting new file be staged: \n'
+ 1>> /mdev/race/oem/tmp/mptr425_email_text.tmp
+ printf '       o We are noticing the date associated to your file is not current. Has the proper file '
+ 1>> /mdev/race/oem/tmp/mptr425_email_text.tmp
+ printf 'been staged? \n'
+ 1>> /mdev/race/oem/tmp/mptr425_email_text.tmp
+ printf '\n'
+ 1>> /mdev/race/oem/tmp/mptr425_email_text.tmp
+ printf 'NOTE: If OEM confirms no change in data file, proceed with update. \n '
+ 1>> /mdev/race/oem/tmp/mptr425_email_text.tmp
+ printf '      If OEM says file should contain changes, \n'
+ 1>> /mdev/race/oem/tmp/mptr425_email_text.tmp
+ printf $'      o Verify the file they provided contains changes they\'re aware of. \\n'
+ 1>> /mdev/race/oem/tmp/mptr425_email_text.tmp
+ printf '      o Make sure we staged/processed the new file correctly. \n'
+ 1>> /mdev/race/oem/tmp/mptr425_email_text.tmp
+ printf $'      o You may need to request they restage/resend their file, if you don\'t see the changes. '
+ 1>> /mdev/race/oem/tmp/mptr425_email_text.tmp
+ printf 'Mark 1st run as bad. Reorder file. Mark file received. Rerun job from top. \n'
+ 1>> /mdev/race/oem/tmp/mptr425_email_text.tmp
+ printf '\n'
+ 1>> /mdev/race/oem/tmp/mptr425_email_text.tmp
+ [ dawapp7017l '=' dawapp7017l ]
+ mailx -s 'Test system warning! mptr425: Same input file being processed!' Rpt.OEM.Developers@Mitchell.com
+ 0< /mdev/race/oem/tmp/mptr425_email_text.tmp
+ printf 'end of oem_job_email_same_file_msg.ksh'
end of oem_job_email_same_file_msg.ksh+ trap 'oem_abndalrt.ksh $?' err
+ expr 2 + 1
+ FILE_SEQUENCE=3
+ true
+ sed -n -e 3p
+ cut -f2 -d^
+ 0< /mdev/race/oem/tmp/mptr425_oem_job_datafile.tmp
+ INPUT_FILE_NAME=''
+ export INPUT_FILE_NAME
+ [ -z '' ]
+ break
+ STEPNAME=Step040R
+ export STEPNAME
+ date '+%m/%d/%y %H:%M:%S'
+ echo '\n\nSTART ---> mptr425_oem_ref Step040R - Check for Preprocess Script - ' 08/18/26 15:16:49 ' <--- START\n\n'
\n\nSTART ---> mptr425_oem_ref Step040R - Check for Preprocess Script -  08/18/26 15:16:49  <--- START\n\n
+ oem_job_status_update.ksh R 'Step040R Check for Preprocess Script'
+ [ -z '' ]
+ break
+ STEPNAME=Step049R
+ export STEPNAME
+ date '+%m/%d/%y %H:%M:%S'
+ echo '\n\nSTART ---> mptr425_oem_ref Step049R - Price Format Checker - ' 08/18/26 15:16:49 ' <--- START\n\n'
\n\nSTART ---> mptr425_oem_ref Step049R - Price Format Checker -  08/18/26 15:16:49  <--- START\n\n
+ oem_job_status_update.ksh R 'Step049R p_oem_ref_price_check'
+ sqlplus -s
+ 0<< \%
racejob/q1w2e3r4
SET ECHO ON;
SET FEEDBACK OFF;
SET VERIFY ON;
SET LINESIZE 80;
SET SERVEROUTPUT ON;
whenever sqlerror exit sql.sqlcode
    exec pkg_oem_ref_price_check.p_main_price_check(p_reformat_job       => 'mptr425',                                                          p_log_directory      => 'RACE_OEM_LOG_DIR',                                                           p_log_filename       => 'mptr425_20260818151631.log',                                                              p_debug_level        => '0',                                                     p_dbms_profiler_flag => 'N');
QUIT;
%
2>& 1
min:7,max:7
+ STEPNAME=Step050R
+ export STEPNAME
+ date '+%m/%d/%y %H:%M:%S'
+ echo '\n\nSTART ---> mptr425_oem_ref Step050R - 1st reformat - ' 08/18/26 15:16:51 ' <--- START\n\n'
\n\nSTART ---> mptr425_oem_ref Step050R - 1st reformat -  08/18/26 15:16:51  <--- START\n\n
+ oem_job_status_update.ksh R 'Step050R pkg_oem_ref_010'
+ TRANS_FILE=mptr425_step050_transout.tmp
+ RTRANS_FILE=mptr425_step050_rtransout.tmp
+ date +%C%y%m%d%H%M%S
+ REPORT_FILE=mptr425a_refforca_20260818151651.rpt
+ rm -f '/mdev/race/oem/tmp/mptr425_xtab_oem_ref_*.bad'
+ rm -f /mdev/race/oem/tmp/mptr425_xtab_oem_ref_mptr425_for_super.dis
+ rm -f /mdev/race/oem/tmp/mptr425_xtab_oem_ref_mptr425_for_price.log /mdev/race/oem/tmp/mptr425_xtab_oem_ref_mptr425_for_super.log
+ sqlplus -s
+ 0<< \%
racejob/q1w2e3r4
SET ECHO ON;
SET FEEDBACK OFF;
SET VERIFY ON;
SET LINESIZE 80;
SET SERVEROUTPUT ON;
whenever sqlerror exit sql.sqlcode
    exec pkg_oem_ref_010.p_main_reformat_records(p_reformat_job       => 'mptr425',                                                         p_log_directory      => 'RACE_OEM_LOG_DIR',                                                          p_log_filename       => 'mptr425_20260818151631.log',                                                             p_trans_directory    => 'RACE_OEM_TMP_DIR',                                                          p_trans_filename     => 'mptr425_step050_transout.tmp',                                                          p_rtrans_directory   => 'RACE_OEM_TMP_DIR',                                                          p_rtrans_filename    => 'mptr425_step050_rtransout.tmp',                                                         p_report_directory   => 'RACE_OEM_RPT_DIR',                                                          p_report_filename    => 'mptr425a_refforca_20260818151651.rpt',                                                         p_debug_level        => '0',                                                    p_dbms_profiler_flag => 'N');
QUIT;
%
2>& 1
+ STEPNAME=Step051R
+ export STEPNAME
+ date '+%m/%d/%y %H:%M:%S'
+ echo '\n\nSTART ---> mptr425_oem_ref Step051R - Report Distribution - ' 08/18/26 15:17:29 ' <--- START\n\n'
\n\nSTART ---> mptr425_oem_ref Step051R - Report Distribution -  08/18/26 15:17:29  <--- START\n\n
+ oem_job_status_update.ksh R 'Step051R Report Distribution'
+ email_rpt.ksh mptr425a
RCS : email_rpt.ksh,v 1.7 2021/11/02 19:13:13 pg2697 Exp $
LATEST REPORT TO BE EMAILED: mptr425a_refforca_20260818151651.txt from /mdev/race/oem/tmp.
+ rpt_log_retention.ksh mptr425a
\n Begin rpt_log_retention.ksh \n
Processing REPORTID=mptr425a

SQL*Plus: Release 19.0.0.0.0 - Production on Tue Aug 18 15:17:29 2026
Version 19.28.0.0.0

Copyright (c) 1982, 2025, Oracle.  All rights reserved.

Enter user-name: Last Successful login time: Tue Aug 18 2026 15:17:29 -07:00

Connected to:
Oracle Database 19c Enterprise Edition Release 19.0.0.0.0 - Production
Version 19.27.0.0.0

SQL> SQL> SQL> 
PL/SQL procedure successfully completed.

SQL> SQL> Disconnected from Oracle Database 19c Enterprise Edition Release 19.0.0.0.0 - Production
Version 19.27.0.0.0
\n End rpt_log_retention.ksh
+ STEPNAME=Step055R
+ export STEPNAME
+ date '+%m/%d/%y %H:%M:%S'
+ echo '\n\nSTART ---> mptr425_oem_ref Step055R - 2nd reformat, if needed - ' 08/18/26 15:17:30 ' <--- START\n\n'
\n\nSTART ---> mptr425_oem_ref Step055R - 2nd reformat, if needed -  08/18/26 15:17:30  <--- START\n\n
+ oem_job_status_update.ksh R 'Step055R '
+ [ ! -z '' ]
+ STEPNAME=Step060R
+ export STEPNAME
+ date '+%m/%d/%y %H:%M:%S'
+ echo '\n\nSTART ---> mptr425_oem_ref Step060R - XTAB Bad File Checker' 08/18/26 15:17:30 ' <--- START\n\n'
\n\nSTART ---> mptr425_oem_ref Step060R - XTAB Bad File Checker 08/18/26 15:17:30  <--- START\n\n
+ FILE_OF_XTABNAME=mptr425_xtabname.tmp
+ sqlplus -s
+ 0<< \%
racejob/q1w2e3r4
SET VERIFY OFF
SET FEEDBACK OFF
SET TAB OFF
SET LINESIZE 100
SET PAGES 0
SET TRIMSPOOL ON
whenever sqlerror exit sql.sqlcode
    exec pkg_oem_job_datafile.p_oem_job_datafile_sel_02(p_reformat_job  => 'mptr425',                                                              p_tmp_directory => 'RACE_OEM_TMP_DIR',                                                               p_tmp_filename  => 'mptr425_xtabname.tmp',                                                         p_log_directory => 'RACE_OEM_LOG_DIR',                                                               p_log_filename  => 'mptr425_20260818151631.log');
QUIT;
%
2>& 1
+ XTABNAME_FILE_ROW=1
+ export XTABNAME_FILE_ROW
+ true
           + sed -n -e 1p
+ cut -f1 -d^
+ 0< /mdev/race/oem/tmp/mptr425_xtabname.tmp
+ XTABNAME=xtab_oem_ref_mptr425_for_price
+ export XTABNAME
+ [ -z xtab_oem_ref_mptr425_for_price ]
+ BADFILE_NAME=/mdev/race/oem/tmp/mptr425_xtab_oem_ref_mptr425_for_price.bad
+ [ -s /mdev/race/oem/tmp/mptr425_xtab_oem_ref_mptr425_for_price.bad ]
+ expr 1 + 1
+ XTABNAME_FILE_ROW=2
+ true
+ sed -n -e 2p
+ cut -f1 -d^
+ 0< /mdev/race/oem/tmp/mptr425_xtabname.tmp
+ XTABNAME=xtab_oem_ref_mptr425_for_super
+ export XTABNAME
+ [ -z xtab_oem_ref_mptr425_for_super ]
+ BADFILE_NAME=/mdev/race/oem/tmp/mptr425_xtab_oem_ref_mptr425_for_super.bad
+ [ -s /mdev/race/oem/tmp/mptr425_xtab_oem_ref_mptr425_for_super.bad ]
+ expr 2 + 1
+ XTABNAME_FILE_ROW=3
+ true
+ sed -n -e 3p
+ cut -f1 -d^
+ 0< /mdev/race/oem/tmp/mptr425_xtabname.tmp
+ XTABNAME=''
+ export XTABNAME
+ [ -z '' ]
+ break
+ STEPNAME=Step100R
+ export STEPNAME
+ date '+%m/%d/%y %H:%M:%S'
+ echo '\n\nSTART ---> mptr425_oem_ref Step100R - Create XTAB backup(s) - ' 08/18/26 15:17:30 ' <--- START\n\n'
\n\nSTART ---> mptr425_oem_ref Step100R - Create XTAB backup(s) -  08/18/26 15:17:30  <--- START\n\n
+ oem_job_status_update.ksh R 'Step100R Backup External Table Flat Files'
+ FILE_SEQUENCE=1
+ export FILE_SEQUENCE
+ [ '' '=' Step100R ]
+ true
+ sed -n -e 1p
+ cut -f2 -d^
+ 0< /mdev/race/oem/tmp/mptr425_oem_job_datafile.tmp
+ INPUT_FILE_NAME='CANCOMPPRICE*.ZIP'
+ export INPUT_FILE_NAME
+ [ -z 'CANCOMPPRICE*.ZIP' ]
+ sed -n -e 1p
+ cut -f3 -d^
+ 0< /mdev/race/oem/tmp/mptr425_oem_job_datafile.tmp
+ XTAB_FILE_NAME=mptr425_xtab_oem_ref_mptr425_for_raw.dat
+ export XTAB_FILE_NAME
+ sed -n -e 1p
+ cut -f4 -d^
+ 0< /mdev/race/oem/tmp/mptr425_oem_job_datafile.tmp
+ XTAB_TABLE_NAME=xtab_oem_ref_mptr425_for_price
+ export XTAB_TABLE_NAME
+ sed -n -e 1p
+ cut -f5 -d^
+ 0< /mdev/race/oem/tmp/mptr425_oem_job_datafile.tmp
+ FTP_PROGRAM_NAME=''
+ export FTP_PROGRAM_NAME
+ sed -n -e 1p
+ cut -f6 -d^
+ 0< /mdev/race/oem/tmp/mptr425_oem_job_datafile.tmp
+ FTP_LOCATION_CODE=M
+ export FTP_LOCATION_CODE
+ sed -n -e 1p
+ cut -f7 -d^
+ 0< /mdev/race/oem/tmp/mptr425_oem_job_datafile.tmp
+ FORMAT_INDICATOR=A
+ export FORMAT_INDICATOR
+ sed -n -e 1p
+ cut -f8 -d^
+ 0< /mdev/race/oem/tmp/mptr425_oem_job_datafile.tmp
+ SOURCE_FIELD_DELIMITER=''
+ export SOURCE_FIELD_DELIMITER
+ sed -n -e 1p
+ cut -f9 -d^
+ 0< /mdev/race/oem/tmp/mptr425_oem_job_datafile.tmp
+ TARGET_FIELD_SIZE=''
+ export TARGET_FIELD_SIZE
+ sed -n -e 1p
+ cut -f10 -d^
+ 0< /mdev/race/oem/tmp/mptr425_oem_job_datafile.tmp
+ BACKUP_SOURCE_FILE_NAME=mptr425_araw_for_ca.dat
+ export BACKUP_SOURCE_FILE_NAME
+ sed -n -e 1p
+ cut -f11 -d^
+ 0< /mdev/race/oem/tmp/mptr425_oem_job_datafile.tmp
+ FTP_SOURCE_FILE_NAME=''
+ export FTP_SOURCE_FILE_NAME
+ eval FTP_SOURCE_FILE_NAME=
+ FTP_SOURCE_FILE_NAME=''
+ sed -n -e 1p
+ cut -f14 -d^
+ 0< /mdev/race/oem/tmp/mptr425_oem_job_datafile.tmp
+ FTP_PARM_FILE_NAME=''
+ export FTP_PARM_FILE_NAME
+ sed -n -e 1p
+ cut -f15 -d^
+ 0< /mdev/race/oem/tmp/mptr425_oem_job_datafile.tmp
+ DELETE_PROGRAM_NAME=''
+ export DELETE_PROGRAM_NAME
+ PREVRAW_FILE=/mdev/race/oem/dat/mptr425_xtab_oem_ref_mptr425_for_raw.dat_prevraw.dat
+ [ -f /mdev/race/oem/dat/mptr425_xtab_oem_ref_mptr425_for_raw.dat_prevraw.dat ]
+ setgdg.ksh '/mdev/race/oem/dat/mptr425_xtab_oem_ref_mptr425_for_raw.dat(+01)' NEW 3
+ BACKUP_FILE=/mdev/race/oem/dat/mptr425_xtab_oem_ref_mptr425_for_raw.dat.g03
+ cp -p /mdev/race/oem/dat/mptr425_xtab_oem_ref_mptr425_for_raw.dat_prevraw.dat /mdev/race/oem/dat/mptr425_xtab_oem_ref_mptr425_for_raw.dat.g03
+ rm /mdev/race/oem/dat/mptr425_xtab_oem_ref_mptr425_for_raw.dat_prevraw.dat
+ [ M '=' M ]
+ . oem_job_process_mitchell_ftp_file.ksh BACKUP
+ echo '\n\n*** Begin oem_job_process_mitchell_ftp_file.ksh CANCOMPPRICE*.ZIP ***\n\n'
\n\n*** Begin oem_job_process_mitchell_ftp_file.ksh CANCOMPPRICE*.ZIP ***\n\n
+ trap 'oem_abndalrt.ksh $?' err
+ FILE_ACTION=BACKUP
+ [ 1 -lt 1 ]
+ [ CA '=' PR ]
+ FTPSITE_DIRECTORY=/ftp1/Business_Partners/for_ca/mdev/incoming
+ [ BACKUP '=' GETMIT ]
+ echo '\nDoes the input file name contain a wildcard?\n'
\nDoes the input file name contain a wildcard?\n
+ expr 'CANCOMPPRICE*.ZIP' : '.*[?*]'
13
+ echo 'CANCOMPPRICE*.ZIP contains wildcard.'
CANCOMPPRICE*.ZIP contains wildcard.
+ WORK_FTP_XFR_FILE_NAME='CANCOMPPRICE*.ZIP'
+ [ BACKUP '=' GETIT ]
+ [ BACKUP '=' BACKUP ]
+ [ 'CANCOMPPRICE*.ZIP' '=' 'CANCOMPPRICE*.ZIP' ]
+ FTP_SITE_FILE_NAME='/ftp1/Business_Partners/for_ca/mdev/incoming/CANCOMPPRICE*.ZIP'
+ export FTP_SITE_FILE_NAME
+ [ dawapp7017l '=' PRODHOSTgoesHERE ]
+ echo 'CANCOMPPRICE*.ZIP'
+ sed '/.*/y/ABCDEFGHIJKLMNOPQRSTUVWXYZ/abcdefghijklmnopqrstuvwxyz/'
+ INPUT_FILE_NAME_LOWER='cancompprice*.zip'
+ echo 'mptr425_cancompprice*.zip'
+ sed 's/*/./'
+ WORK_FTP_FILE_NAME=mptr425_cancompprice..zip
+ BACKUP_FTP_FILE=/mdev/race/oem/dat/mptr425_cancompprice..zip
+ setgdg.ksh '/mdev/race/oem/dat/mptr425_cancompprice..zip(0)'
+ EXISTING_FTP_FILE=/mdev/race/oem/dat/mptr425_cancompprice..zip.g03
+ setgdg.ksh '/mdev/race/oem/dat/mptr425_cancompprice..zip(+1)' NEW 2
+ NEW_XFR_FTP_FILE=/mdev/race/oem/dat/mptr425_cancompprice..zip.g04
+ echo INPUT_FILE_NAME=' CANCOMPPRICE*.ZIP'
INPUT_FILE_NAME= CANCOMPPRICE*.ZIP
+ echo 'FTP_XFR_FILE_NAME before re-valuing= /mdev/race/oem/tmp/mptr425_CANOBS*.ZIP'
FTP_XFR_FILE_NAME before re-valuing= /mdev/race/oem/tmp/mptr425_CANOBS*.ZIP
+ FTP_XFR_FILE_NAME='/mdev/race/oem/tmp/mptr425_CANCOMPPRICE*.ZIP'
+ echo FTP_XFR_FILE_NAME=' /mdev/race/oem/tmp/mptr425_CANCOMPPRICE*.ZIP'
FTP_XFR_FILE_NAME= /mdev/race/oem/tmp/mptr425_CANCOMPPRICE*.ZIP
+ cp '/mdev/race/oem/tmp/mptr425_CANCOMPPRICE*.ZIP' /mdev/race/oem/dat/mptr425_cancompprice..zip.g04
+ BACKUP_DIR=/ftp1/Business_Partners/for_ca/mdev/incoming/backup
+ date +%Y%m%d%H%M%S
+ BACKUP_NAME=mptr425_cancompprice..zip_20260818151731
+ FTP_LOGFILE=/mdev/race/oem/tmp/mptr425_ftp_transfer_log_new.tmp
+ tee /mdev/race/oem/tmp/mptr425_ftp_transfer_log_new.tmp
+ scp /mdev/race/oem/dat/mptr425_cancompprice..zip.g04 ftp-ssh.mitchell.com:/ftp1/Business_Partners/for_ca/mdev/incoming/backup/mptr425_cancompprice..zip_20260818151731
+ awk '{print $1}'
+ wc -c /mdev/race/oem/dat/mptr425_cancompprice..zip.g04
+ GOODBYTECOUNT=22666926
+ ssh -nq ftp-ssh.mitchell.com 'wc -c < /ftp1/Business_Partners/for_ca/mdev/incoming/backup/mptr425_cancompprice..zip_20260818151731'
+ FTPBYTECOUNT=22666926
+ [ 22666926 -eq 22666926 ]
+ echo 'Successful backup /mdev/race/oem/dat/mptr425_cancompprice..zip.g04 to /ftp1/Business_Partners/for_ca/mdev/incoming/backup/mptr425_cancompprice..zip_20260818151731: count = 22666926'
Successful backup /mdev/race/oem/dat/mptr425_cancompprice..zip.g04 to /ftp1/Business_Partners/for_ca/mdev/incoming/backup/mptr425_cancompprice..zip_20260818151731: count = 22666926
+ expr 1 + 1
+ FILE_SEQUENCE=2
+ true
+ sed -n -e 2p
+ cut -f2 -d^
+ 0< /mdev/race/oem/tmp/mptr425_oem_job_datafile.tmp
+ INPUT_FILE_NAME='CANOBS*.ZIP'
+ export INPUT_FILE_NAME
+ [ -z 'CANOBS*.ZIP' ]
+ sed -n -e 2p
+ cut -f3 -d^
+ 0< /mdev/race/oem/tmp/mptr425_oem_job_datafile.tmp
+ XTAB_FILE_NAME=mptr425_xtab_oem_ref_mptr425_for_raw_super.dat
+ export XTAB_FILE_NAME
+ sed -n -e 2p
+ cut -f4 -d^
+ 0< /mdev/race/oem/tmp/mptr425_oem_job_datafile.tmp
+ XTAB_TABLE_NAME=xtab_oem_ref_mptr425_for_super
+ export XTAB_TABLE_NAME
+ sed -n -e 2p
+ cut -f5 -d^
+ 0< /mdev/race/oem/tmp/mptr425_oem_job_datafile.tmp
+ FTP_PROGRAM_NAME=''
+ export FTP_PROGRAM_NAME
+ sed -n -e 2p
+ cut -f6 -d^
+ 0< /mdev/race/oem/tmp/mptr425_oem_job_datafile.tmp
+ FTP_LOCATION_CODE=M
+ export FTP_LOCATION_CODE
+ sed -n -e 2p
+ cut -f7 -d^
+ 0< /mdev/race/oem/tmp/mptr425_oem_job_datafile.tmp
+ FORMAT_INDICATOR=A
+ export FORMAT_INDICATOR
+ sed -n -e 2p
+ cut -f8 -d^
+ 0< /mdev/race/oem/tmp/mptr425_oem_job_datafile.tmp
+ SOURCE_FIELD_DELIMITER=''
+ export SOURCE_FIELD_DELIMITER
+ sed -n -e 2p
+ cut -f9 -d^
+ 0< /mdev/race/oem/tmp/mptr425_oem_job_datafile.tmp
+ TARGET_FIELD_SIZE=''
+ export TARGET_FIELD_SIZE
+ sed -n -e 2p
+ cut -f10 -d^
+ 0< /mdev/race/oem/tmp/mptr425_oem_job_datafile.tmp
+ BACKUP_SOURCE_FILE_NAME=mptr425_araw_for_ca_super.dat
+ export BACKUP_SOURCE_FILE_NAME
+ sed -n -e 2p
+ cut -f11 -d^
+ 0< /mdev/race/oem/tmp/mptr425_oem_job_datafile.tmp
+ FTP_SOURCE_FILE_NAME=''
+ export FTP_SOURCE_FILE_NAME
+ eval FTP_SOURCE_FILE_NAME=
+ FTP_SOURCE_FILE_NAME=''
+ sed -n -e 2p
+ cut -f14 -d^
+ 0< /mdev/race/oem/tmp/mptr425_oem_job_datafile.tmp
+ FTP_PARM_FILE_NAME=''
+ export FTP_PARM_FILE_NAME
+ sed -n -e 2p
+ cut -f15 -d^
+ 0< /mdev/race/oem/tmp/mptr425_oem_job_datafile.tmp
+ DELETE_PROGRAM_NAME=''
+ export DELETE_PROGRAM_NAME
+ PREVRAW_FILE=/mdev/race/oem/dat/mptr425_xtab_oem_ref_mptr425_for_raw_super.dat_prevraw.dat
+ [ -f /mdev/race/oem/dat/mptr425_xtab_oem_ref_mptr425_for_raw_super.dat_prevraw.dat ]
+ setgdg.ksh '/mdev/race/oem/dat/mptr425_xtab_oem_ref_mptr425_for_raw_super.dat(+01)' NEW 3
+ BACKUP_FILE=/mdev/race/oem/dat/mptr425_xtab_oem_ref_mptr425_for_raw_super.dat.g03
+ cp -p /mdev/race/oem/dat/mptr425_xtab_oem_ref_mptr425_for_raw_super.dat_prevraw.dat /mdev/race/oem/dat/mptr425_xtab_oem_ref_mptr425_for_raw_super.dat.g03
+ rm /mdev/race/oem/dat/mptr425_xtab_oem_ref_mptr425_for_raw_super.dat_prevraw.dat
+ [ M '=' M ]
+ . oem_job_process_mitchell_ftp_file.ksh BACKUP
+ echo '\n\n*** Begin oem_job_process_mitchell_ftp_file.ksh CANOBS*.ZIP ***\n\n'
\n\n*** Begin oem_job_process_mitchell_ftp_file.ksh CANOBS*.ZIP ***\n\n
+ trap 'oem_abndalrt.ksh $?' err
+ FILE_ACTION=BACKUP
+ [ 1 -lt 1 ]
+ [ CA '=' PR ]
+ FTPSITE_DIRECTORY=/ftp1/Business_Partners/for_ca/mdev/incoming
+ [ BACKUP '=' GETMIT ]
+ echo '\nDoes the input file name contain a wildcard?\n'
\nDoes the input file name contain a wildcard?\n
+ expr 'CANOBS*.ZIP' : '.*[?*]'
7
+ echo 'CANOBS*.ZIP contains wildcard.'
CANOBS*.ZIP contains wildcard.
+ WORK_FTP_XFR_FILE_NAME='CANOBS*.ZIP'
+ [ BACKUP '=' GETIT ]
+ [ BACKUP '=' BACKUP ]
+ [ 'CANOBS*.ZIP' '=' 'CANOBS*.ZIP' ]
+ FTP_SITE_FILE_NAME='/ftp1/Business_Partners/for_ca/mdev/incoming/CANOBS*.ZIP'
+ export FTP_SITE_FILE_NAME
+ [ dawapp7017l '=' PRODHOSTgoesHERE ]
+ echo 'CANOBS*.ZIP'
+ sed '/.*/y/ABCDEFGHIJKLMNOPQRSTUVWXYZ/abcdefghijklmnopqrstuvwxyz/'
+ INPUT_FILE_NAME_LOWER='canobs*.zip'
+ echo 'mptr425_canobs*.zip'
+ sed 's/*/./'
+ WORK_FTP_FILE_NAME=mptr425_canobs..zip
+ BACKUP_FTP_FILE=/mdev/race/oem/dat/mptr425_canobs..zip
+ setgdg.ksh '/mdev/race/oem/dat/mptr425_canobs..zip(0)'
+ EXISTING_FTP_FILE=/mdev/race/oem/dat/mptr425_canobs..zip.g02
+ setgdg.ksh '/mdev/race/oem/dat/mptr425_canobs..zip(+1)' NEW 2
+ NEW_XFR_FTP_FILE=/mdev/race/oem/dat/mptr425_canobs..zip.g03
+ echo INPUT_FILE_NAME=' CANOBS*.ZIP'
INPUT_FILE_NAME= CANOBS*.ZIP
+ echo 'FTP_XFR_FILE_NAME before re-valuing= /mdev/race/oem/tmp/mptr425_CANCOMPPRICE*.ZIP'
FTP_XFR_FILE_NAME before re-valuing= /mdev/race/oem/tmp/mptr425_CANCOMPPRICE*.ZIP
+ FTP_XFR_FILE_NAME='/mdev/race/oem/tmp/mptr425_CANOBS*.ZIP'
+ echo FTP_XFR_FILE_NAME=' /mdev/race/oem/tmp/mptr425_CANOBS*.ZIP'
FTP_XFR_FILE_NAME= /mdev/race/oem/tmp/mptr425_CANOBS*.ZIP
+ cp '/mdev/race/oem/tmp/mptr425_CANOBS*.ZIP' /mdev/race/oem/dat/mptr425_canobs..zip.g03
+ BACKUP_DIR=/ftp1/Business_Partners/for_ca/mdev/incoming/backup
+ date +%Y%m%d%H%M%S
+ BACKUP_NAME=mptr425_canobs..zip_20260818151738
+ FTP_LOGFILE=/mdev/race/oem/tmp/mptr425_ftp_transfer_log_new.tmp
+ tee /mdev/race/oem/tmp/mptr425_ftp_transfer_log_new.tmp
+ scp /mdev/race/oem/dat/mptr425_canobs..zip.g03 ftp-ssh.mitchell.com:/ftp1/Business_Partners/for_ca/mdev/incoming/backup/mptr425_canobs..zip_20260818151738
+ awk '{print $1}'
+ wc -c /mdev/race/oem/dat/mptr425_canobs..zip.g03
+ GOODBYTECOUNT=8776020
+ ssh -nq ftp-ssh.mitchell.com 'wc -c < /ftp1/Business_Partners/for_ca/mdev/incoming/backup/mptr425_canobs..zip_20260818151738'
+ FTPBYTECOUNT=8776020
+ [ 8776020 -eq 8776020 ]
+ echo 'Successful backup /mdev/race/oem/dat/mptr425_canobs..zip.g03 to /ftp1/Business_Partners/for_ca/mdev/incoming/backup/mptr425_canobs..zip_20260818151738: count = 8776020'
Successful backup /mdev/race/oem/dat/mptr425_canobs..zip.g03 to /ftp1/Business_Partners/for_ca/mdev/incoming/backup/mptr425_canobs..zip_20260818151738: count = 8776020
+ expr 2 + 1
+ FILE_SEQUENCE=3
+ true
+ sed -n -e 3p
+ cut -f2 -d^
+ 0< /mdev/race/oem/tmp/mptr425_oem_job_datafile.tmp
+ INPUT_FILE_NAME=''
+ export INPUT_FILE_NAME
+ [ -z '' ]
+ break
\n\n**************************************************************************************************************
Finished: oem_ref.ksh    Datetime: 08/18/26 15:17:41   Script: /tmp/mptr425_oem_ref.ksh_run
**************************************************************************************************************\n\n
\n\n**********************************************************************************
Restart Step was NOT included in the job execution. Job will run from the beginning.
**********************************************************************************\n\n
\n\n**************************************************************************************************************
Calling:  oem_ref_trans_check_and_split.ksh    Datetime: 08/18/26 15:17:41   Script: /tmp/mptr425_oem_ref_trans_check_and_split.ksh_run
**************************************************************************************************************\n\n
RCS : oem_ref_trans_check_and_split.ksh,v 1.15 2020/08/26 00:54:25 pg2697 Exp $
print ProcessId = $$
+ print ProcessId '=' 1536182
ProcessId = 1536182
#****************************************************************************************
#      NOTE:  This script is very similiar to oem_ref_trans_split_only.ksh
#   Changes here should also be considered in oem_ref_trans_split_only.ksh.
#****************************************************************************************
trap 'oem_abndalrt.ksh $?' err
+ trap 'oem_abndalrt.ksh $?' err
export PROCNAME=$(basename $0 .ksh_run)
+ basename /tmp/mptr425_oem_ref_trans_check_and_split.ksh_run .ksh_run
+ PROCNAME=mptr425_oem_ref_trans_check_and_split
+ export PROCNAME
#****************************************************************************************
#  Build environment variables for the job (based on jobname)
#****************************************************************************************
. oem_job.ksh 
+ . oem_job.ksh
#!/bin/ksh
echo "RCS $Id: oem_job.ksh,v 1.9 2026/08/07 19:34:48 rj132422 Exp $"
#*****************************************************************************************
# PROCNAME oem_job.ksh
# PURPOSE  Retreive and build UNIX Environment Variables from Oracle Tables
#          Used by RACE OEM Parts Reformat and Update jobs
#*****************************************************************************************
trap 'oem_abndalrt.ksh $?' err
MPTUSERID=`cat ${RACE}/prm/zmptpass.prm`
LOGFILE=$(basename ${JOBLOGNAME})
#*****************************************************************************************
#  Build UNIX environment variables for the job (based on jobname)
#*****************************************************************************************
REFORMATJOB=${JOBNAME}
UPDATEJOB=${JOBNAME}
WORKFILE=${JOBNAME}_oem_job.tmp
#-----------------------------------------------------------------------------------------
(sqlplus -s << % 2>&1)
${MPTUSERID}
SET VERIFY OFF
SET FEEDBACK OFF
SET TAB OFF
SET LINESIZE 100
SET PAGES 0
SET TRIMSPOOL ON
whenever sqlerror exit sql.sqlcode
    exec pkg_oem_job.p_oem_job_sel_03(p_jobname       => '${JOBNAME}',    \
                                      p_tmp_directory => '${OBJ_TMPDIR}', \
                                      p_tmp_filename  => '${WORKFILE}',   \
                                      p_log_directory => '${OBJ_TMPDIR}', \
                                      p_log_filename  => '${LOGFILE%.log}.db.log');
QUIT;
%

# rj132422 - This code was added to avoid race condition between db and shell due the nfs
DB_LOG=${RACE}/tmp/${LOGFILE%.log}.db.log
if [ -s "$DB_LOG" ]; then
    cat "$DB_LOG" >> "${LOGDIR}/${LOGFILE}"
    rm  "$DB_LOG"
fi

#-----------------------------------------------------------------------------------------
export WORKFILE=${RACE}/tmp/${WORKFILE}

#If the ReformatJob Environment variable isn't defined, abend the process
export REFORMATJOB=`cat ${WORKFILE}                   | cut -f1  -d","`
if [ -z "${REFORMATJOB}" ]
then
   abndalrt.ksh environment_not_found_in_oem_job_table.tmp
fi
export UPDATEJOB=`cat ${WORKFILE}                     | cut -f2  -d","`
export JOBOEM=`cat ${WORKFILE}                        | cut -f3  -d","`
export JOBCTRY=`cat ${WORKFILE}                       | cut -f4  -d","`
export JOBOEMNAME=`cat ${WORKFILE}                    | cut -f5  -d","`
export OEMABBRLOWER=`cat ${WORKFILE}                  | cut -f6  -d","`
export JOBPARM=`cat ${WORKFILE}                       | cut -f7  -d","`
export FORMATOEM=`cat ${WORKFILE}                     | cut -f8  -d","`
export FORMATCTRY=`cat ${WORKFILE}                    | cut -f9  -d","`
export JOBFILE_OEMCTRY=`cat ${WORKFILE}               | cut -f10 -d","`
export REPORTSUFFIX=`cat ${WORKFILE}                  | cut -f11 -d","`
export REVERSE_SUPER_JOBPARM=`cat ${WORKFILE}         | cut -f12 -d","`
export PACKAGE_NAME_1=`cat ${WORKFILE}                | cut -f13 -d","`
export PACKAGE_NAME_2=`cat ${WORKFILE}                | cut -f14 -d","`
export DUPLICATE_PARTS_EXPECTED_FLAG=`cat ${WORKFILE} | cut -f15 -d","`
export REFORMAT_BUILDS_RTRANS_FLAG=`cat ${WORKFILE}   | cut -f16 -d","`
export OBSOLETE_JOB_FLAG=`cat ${WORKFILE}             | cut -f17 -d","`
export PREPROCESS_SCRIPT_NAME=`cat ${WORKFILE}        | cut -f18 -d","`


##########################################################################################
# The various Oracle Package call by the OEM system use Global Temporary Tables.
# For some reason (only in the test system at this point in time), the indexes on these
# Global Tempoary Tables are missing.
# The missing indexes result in slooooow processing and often aren't discovered missing
# right away.  To curtail this problem, run a quick check to see if the indexes exist.
# When an index for a Global Temporary Table is not found, it will be created.
##########################################################################################
#-----------------------------------------------------------------------------------------
(sqlplus -s << % 2>&1)
${MPTUSERID}
SET VERIFY OFF
SET FEEDBACK OFF
SET TAB OFF
SET LINESIZE 100
SET PAGES 0
SET TRIMSPOOL ON
SET SERVEROUTPUT ON SIZE 1000000
whenever sqlerror exit sql.sqlcode
    exec pkg_oem_ref_utilities.p_check_gtmp_indexes(p_jobname       => '${JOBNAME}',       \
                                                    p_log_directory => '${OBJ_TMPDIR}',    \
                                                    p_log_filename  => '${LOGFILE%.log}.db.log',       \
                                                    p_debug_level   => '${RACE_DEBUG_LEVEL}');
QUIT;
%

# rj132422 - This code was added to avoid race condition between db and shell due the nfs
DB_LOG=${RACE}/tmp/${LOGFILE%.log}.db.log
if [ -s "$DB_LOG" ]; then
    cat "$DB_LOG" >> "${LOGDIR}/${LOGFILE}"
    rm  "$DB_LOG"
fi
#-----------------------------------------------------------------------------------------

#*****************************************************************************************
# END oem_job.ksh
#*****************************************************************************************+ echo 'RCS : oem_job.ksh,v 1.9 2026/08/07 19:34:48 rj132422 Exp $'
RCS : oem_job.ksh,v 1.9 2026/08/07 19:34:48 rj132422 Exp $
+ trap 'oem_abndalrt.ksh $?' err
cat ${RACE}/prm/zmptpass.prm
+ cat /mdev/race/oem/prm/zmptpass.prm
+ MPTUSERID=racejob/q1w2e3r4
+ basename /mdev/race/oem/log/mptr425_20260818151631.log
+ LOGFILE=mptr425_20260818151631.log
+ REFORMATJOB=mptr425
+ UPDATEJOB=mptr425
+ WORKFILE=mptr425_oem_job.tmp
+ sqlplus -s
+ 0<< \%
racejob/q1w2e3r4
SET VERIFY OFF
SET FEEDBACK OFF
SET TAB OFF
SET LINESIZE 100
SET PAGES 0
SET TRIMSPOOL ON
whenever sqlerror exit sql.sqlcode
    exec pkg_oem_job.p_oem_job_sel_03(p_jobname       => 'mptr425',                                          p_tmp_directory => 'RACE_OEM_TMP_DIR',                                       p_tmp_filename  => 'mptr425_oem_job.tmp',                                         p_log_directory => 'RACE_OEM_TMP_DIR',                                       p_log_filename  => 'mptr425_20260818151631.db.log');
QUIT;
%
2>& 1
+ DB_LOG=/mdev/race/oem/tmp/mptr425_20260818151631.db.log
+ [ -s /mdev/race/oem/tmp/mptr425_20260818151631.db.log ]
+ cat /mdev/race/oem/tmp/mptr425_20260818151631.db.log
+ 1>> /mdev/race/oem/log/mptr425_20260818151631.log

1^CANCOMPPRICE*.ZIP^mptr425_xtab_oem_ref_mptr425_for_raw.dat^xtab_oem_ref_mptr425_for_price^^M^A^^^mptr425_araw_for_ca.dat^^1^08/18/2026^^^^

2^CANOBS*.ZIP^mptr425_xtab_oem_ref_mptr425_for_raw_super.dat^xtab_oem_ref_mptr425_for_super^^M^A^^^mptr425_araw_for_ca_super.dat^^1^08/18/2026^^^^


mptr425,mptr426,002,CA,FOR,for,zmpt426a,002,US,for_ca,forca,mpt426e,pkg_oem_ref_010,,Y,N,N,,U,N,

+ rm /mdev/race/oem/tmp/mptr425_20260818151631.db.log
+ WORKFILE=/mdev/race/oem/tmp/mptr425_oem_job.tmp
+ export WORKFILE
cat ${WORKFILE}                   | cut -f1  -d","
+ cut -f1 -d,
+ cat /mdev/race/oem/tmp/mptr425_oem_job.tmp
+ REFORMATJOB=mptr425
+ export REFORMATJOB
+ [ -z mptr425 ]
cat ${WORKFILE}                     | cut -f2  -d","
+ cut -f2 -d,
+ cat /mdev/race/oem/tmp/mptr425_oem_job.tmp
+ UPDATEJOB=mptr426
+ export UPDATEJOB
cat ${WORKFILE}                        | cut -f3  -d","
+ cat /mdev/race/oem/tmp/mptr425_oem_job.tmp
+ cut -f3 -d,
+ JOBOEM=002
+ export JOBOEM
cat ${WORKFILE}                       | cut -f4  -d","
+ cut -f4 -d,
+ cat /mdev/race/oem/tmp/mptr425_oem_job.tmp
+ JOBCTRY=CA
+ export JOBCTRY
cat ${WORKFILE}                    | cut -f5  -d","
+ cut -f5 -d,
+ cat /mdev/race/oem/tmp/mptr425_oem_job.tmp
+ JOBOEMNAME=FOR
+ export JOBOEMNAME
cat ${WORKFILE}                  | cut -f6  -d","
+ cut -f6 -d,
+ cat /mdev/race/oem/tmp/mptr425_oem_job.tmp
+ OEMABBRLOWER=for
+ export OEMABBRLOWER
cat ${WORKFILE}                       | cut -f7  -d","
+ cut -f7 -d,
+ cat /mdev/race/oem/tmp/mptr425_oem_job.tmp
+ JOBPARM=zmpt426a
+ export JOBPARM
cat ${WORKFILE}                     | cut -f8  -d","
+ cat /mdev/race/oem/tmp/mptr425_oem_job.tmp
+ cut -f8 -d,
+ FORMATOEM=002
+ export FORMATOEM
cat ${WORKFILE}                    | cut -f9  -d","
+ cut -f9 -d,
+ cat /mdev/race/oem/tmp/mptr425_oem_job.tmp
+ FORMATCTRY=US
+ export FORMATCTRY
cat ${WORKFILE}               | cut -f10 -d","
+ cut -f10 -d,
+ cat /mdev/race/oem/tmp/mptr425_oem_job.tmp
+ JOBFILE_OEMCTRY=for_ca
+ export JOBFILE_OEMCTRY
cat ${WORKFILE}                  | cut -f11 -d","
+ cut -f11 -d,
+ cat /mdev/race/oem/tmp/mptr425_oem_job.tmp
+ REPORTSUFFIX=forca
+ export REPORTSUFFIX
cat ${WORKFILE}         | cut -f12 -d","
+ cut -f12 -d,
+ cat /mdev/race/oem/tmp/mptr425_oem_job.tmp
+ REVERSE_SUPER_JOBPARM=mpt426e
+ export REVERSE_SUPER_JOBPARM
cat ${WORKFILE}                | cut -f13 -d","
+ cut -f13 -d,
+ cat /mdev/race/oem/tmp/mptr425_oem_job.tmp
+ PACKAGE_NAME_1=pkg_oem_ref_010
+ export PACKAGE_NAME_1
cat ${WORKFILE}                | cut -f14 -d","
+ cut -f14 -d,
+ cat /mdev/race/oem/tmp/mptr425_oem_job.tmp
+ PACKAGE_NAME_2=''
+ export PACKAGE_NAME_2
cat ${WORKFILE} | cut -f15 -d","
+ cut -f15 -d,
+ cat /mdev/race/oem/tmp/mptr425_oem_job.tmp
+ DUPLICATE_PARTS_EXPECTED_FLAG=Y
+ export DUPLICATE_PARTS_EXPECTED_FLAG
cat ${WORKFILE}   | cut -f16 -d","
+ cut -f16 -d,
+ cat /mdev/race/oem/tmp/mptr425_oem_job.tmp
+ REFORMAT_BUILDS_RTRANS_FLAG=N
+ export REFORMAT_BUILDS_RTRANS_FLAG
cat ${WORKFILE}             | cut -f17 -d","
+ cat /mdev/race/oem/tmp/mptr425_oem_job.tmp
+ cut -f17 -d,
+ OBSOLETE_JOB_FLAG=N
+ export OBSOLETE_JOB_FLAG
cat ${WORKFILE}        | cut -f18 -d","
+ cat /mdev/race/oem/tmp/mptr425_oem_job.tmp
+ cut -f18 -d,
+ PREPROCESS_SCRIPT_NAME=''
+ export PREPROCESS_SCRIPT_NAME
+ sqlplus -s
+ 0<< \%
racejob/q1w2e3r4
SET VERIFY OFF
SET FEEDBACK OFF
SET TAB OFF
SET LINESIZE 100
SET PAGES 0
SET TRIMSPOOL ON
SET SERVEROUTPUT ON SIZE 1000000
whenever sqlerror exit sql.sqlcode
    exec pkg_oem_ref_utilities.p_check_gtmp_indexes(p_jobname       => 'mptr425',                                                           p_log_directory => 'RACE_OEM_TMP_DIR',                                                        p_log_filename  => 'mptr425_20260818151631.db.log',                                                           p_debug_level   => '0');
QUIT;
%
2>& 1
+ DB_LOG=/mdev/race/oem/tmp/mptr425_20260818151631.db.log
+ [ -s /mdev/race/oem/tmp/mptr425_20260818151631.db.log ]
+ cat /mdev/race/oem/tmp/mptr425_20260818151631.db.log
+ 1>> /mdev/race/oem/log/mptr425_20260818151631.log

Start mptr425 pkg_oem_ref_utilities.p_check_gtmp_indexes


 End  mptr425 pkg_oem_ref_utilities.p_check_gtmp_indexes
+ rm /mdev/race/oem/tmp/mptr425_20260818151631.db.log
#****************************************************************************************


#STEP Step200R
 export STEPNAME=Step200R
+ STEPNAME=Step200R
+ export STEPNAME
 echo "\n\nSTART ---> ${PROCNAME} ${STEPNAME}" $(date +'%m/%d/%y %H:%M:%S')  " <--- START\n\n"
+ date '+%m/%d/%y %H:%M:%S'
+ echo '\n\nSTART ---> mptr425_oem_ref_trans_check_and_split Step200R' 08/18/26 15:17:42 ' <--- START\n\n'
\n\nSTART ---> mptr425_oem_ref_trans_check_and_split Step200R 08/18/26 15:17:42  <--- START\n\n
 oem_job_status_update.ksh "R" "${STEPNAME} Sort RTRANS if file exists"
+ oem_job_status_update.ksh R 'Step200R Sort RTRANS if file exists'
 #***************************************************************************************
 #  Program: SORT  - Sorts "R" TRANS if file exists
 #  Move RTRANS file to location expected by oem_upd.ksh
 #***************************************************************************************
 RTRANS_SORTIN=${RACE}/tmp/${JOBNAME}_step050_rtransout.tmp
+ RTRANS_SORTIN=/mdev/race/oem/tmp/mptr425_step050_rtransout.tmp
 RTRANS_SORTOUT=${RACE}/dat/${JOBNAME}_rtrans.tmp
+ RTRANS_SORTOUT=/mdev/race/oem/dat/mptr425_rtrans.tmp
 if [ -f ${RTRANS_SORTIN} ]
 then     
   #      +------------+------------+----------+-----------+
   #      | YYYY desc  | MM/DD desc | Old Part | New Part  |
   #      +------------+------------+----------+-----------+
   sort -u -k1.63,1.66r -k1.57,1.61r -k1.7,1.31 -k1.32,1.56 -o ${RTRANS_SORTOUT} ${RTRANS_SORTIN}
 fi


+ [ -f /mdev/race/oem/tmp/mptr425_step050_rtransout.tmp ]
#STEP Step205R
  export STEPNAME=Step205R
+ STEPNAME=Step205R
+ export STEPNAME
  echo "\n\nSTART ---> ${PROCNAME} ${STEPNAME}" $(date +'%m/%d/%y %H:%M:%S')  " <--- START\n\n"
+ date '+%m/%d/%y %H:%M:%S'
+ echo '\n\nSTART ---> mptr425_oem_ref_trans_check_and_split Step205R' 08/18/26 15:17:42 ' <--- START\n\n'
\n\nSTART ---> mptr425_oem_ref_trans_check_and_split Step205R 08/18/26 15:17:42  <--- START\n\n
  oem_job_status_update.ksh "R" "${STEPNAME} pkg_oem_ref_trans_dupes_rpt"
+ oem_job_status_update.ksh R 'Step205R pkg_oem_ref_trans_dupes_rpt'
  #**************************************************************************************
  #  Program: pkg_oem_ref_trans_dupes_rpt
  #**************************************************************************************
  INPUT_FILENAME=${JOBNAME}_step050_transout.tmp
+ INPUT_FILENAME=mptr425_step050_transout.tmp
  OUTPUT_FILENAME=${JOBNAME}_step205_transout.tmp
+ OUTPUT_FILENAME=mptr425_step205_transout.tmp
#----------------------------------------------------------------------------------------
(sqlplus -s << % 2>&1)
${MPTUSERID}
SET ECHO ON;
SET FEEDBACK OFF;
SET VERIFY ON;
SET LINESIZE 80;
SET SERVEROUTPUT ON;
whenever sqlerror exit sql.sqlcode
    exec pkg_oem_ref_fix_trans_cleanup.p_main_procedure(p_reformat_job       => '${REFORMATJOB}',      \
                                                        p_log_directory      => '${OBJ_LOGDIR}',       \
                                                        p_log_filename       => '${LOGFILE}',          \
                                                        p_input_directory    => '${OBJ_TMPDIR}',       \
                                                        p_input_filename     => '${INPUT_FILENAME}',   \
                                                        p_output_directory   => '${OBJ_TMPDIR}',       \
                                                        p_output_filename    => '${OUTPUT_FILENAME}',  \
                                                        p_debug_level        => '${RACE_DEBUG_LEVEL}', \
                                                        p_dbms_profiler_flag => '${RACE_DBMS_PROFILER_FLAG}');
QUIT;
%
+ sqlplus -s
+ 0<< \%
racejob/q1w2e3r4
SET ECHO ON;
SET FEEDBACK OFF;
SET VERIFY ON;
SET LINESIZE 80;
SET SERVEROUTPUT ON;
whenever sqlerror exit sql.sqlcode
    exec pkg_oem_ref_fix_trans_cleanup.p_main_procedure(p_reformat_job       => 'mptr425',                                                              p_log_directory      => 'RACE_OEM_LOG_DIR',                                                               p_log_filename       => 'mptr425_20260818151631.log',                                                                  p_input_directory    => 'RACE_OEM_TMP_DIR',                                                               p_input_filename     => 'mptr425_step050_transout.tmp',                                                           p_output_directory   => 'RACE_OEM_TMP_DIR',                                                               p_output_filename    => 'mptr425_step205_transout.tmp',                                                          p_debug_level        => '0',                                                         p_dbms_profiler_flag => 'N');
QUIT;
%
2>& 1
#----------------------------------------------------------------------------------------


#STEP Step210R
  export STEPNAME=Step210R
+ STEPNAME=Step210R
+ export STEPNAME
  echo "\n\nSTART ---> ${PROCNAME} ${STEPNAME}" $(date +'%m/%d/%y %H:%M:%S')  " <--- START\n\n"
+ date '+%m/%d/%y %H:%M:%S'
+ echo '\n\nSTART ---> mptr425_oem_ref_trans_check_and_split Step210R' 08/18/26 15:18:28 ' <--- START\n\n'
\n\nSTART ---> mptr425_oem_ref_trans_check_and_split Step210R 08/18/26 15:18:28  <--- START\n\n
  oem_job_status_update.ksh "R" "${STEPNAME} pkg_oem_ref_trans_dupes_rpt"
+ oem_job_status_update.ksh R 'Step210R pkg_oem_ref_trans_dupes_rpt'
  #**************************************************************************************
  #  Program: pkg_oem_ref_trans_dupes_rpt
  #**************************************************************************************
  INPUT_FILENAME=${JOBNAME}_step205_transout.tmp

+ INPUT_FILENAME=mptr425_step205_transout.tmp
  REPORT_FILE=${JOBNAME}y_dup${REPORTSUFFIX}_$(date +'%C%y%m%d%H%M%S').rpt

+ date +%C%y%m%d%H%M%S
+ REPORT_FILE=mptr425y_dupforca_20260818151828.rpt
#----------------------------------------------------------------------------------------
(sqlplus -s << % 2>&1)
${MPTUSERID}
SET ECHO ON;
SET FEEDBACK OFF;
SET VERIFY ON;
SET LINESIZE 80;
SET SERVEROUTPUT ON;
whenever sqlerror exit sql.sqlcode
    exec pkg_oem_ref_trans_dupes_rpt.p_main_procedure(p_reformat_job       => '${REFORMATJOB}',      \
                                                      p_log_directory      => '${OBJ_LOGDIR}',       \
                                                      p_log_filename       => '${LOGFILE}',          \
                                                      p_input_directory    => '${OBJ_TMPDIR}',       \
                                                      p_input_filename     => '${INPUT_FILENAME}',   \
                                                      p_report_directory   => '${OBJ_RPTDIR}',       \
                                                      p_report_filename    => '${REPORT_FILE}', \
                                                      p_debug_level        => '${RACE_DEBUG_LEVEL}', \
                                                      p_dbms_profiler_flag => '${RACE_DBMS_PROFILER_FLAG}');
QUIT;
%
+ sqlplus -s
+ 0<< \%
racejob/q1w2e3r4
SET ECHO ON;
SET FEEDBACK OFF;
SET VERIFY ON;
SET LINESIZE 80;
SET SERVEROUTPUT ON;
whenever sqlerror exit sql.sqlcode
    exec pkg_oem_ref_trans_dupes_rpt.p_main_procedure(p_reformat_job       => 'mptr425',                                                            p_log_directory      => 'RACE_OEM_LOG_DIR',                                                             p_log_filename       => 'mptr425_20260818151631.log',                                                                p_input_directory    => 'RACE_OEM_TMP_DIR',                                                             p_input_filename     => 'mptr425_step205_transout.tmp',                                                         p_report_directory   => 'RACE_OEM_RPT_DIR',                                                             p_report_filename    => 'mptr425y_dupforca_20260818151828.rpt',                                                       p_debug_level        => '0',                                                       p_dbms_profiler_flag => 'N');
QUIT;
%
2>& 1
#----------------------------------------------------------------------------------------

#STEP Step211R
  export STEPNAME=Step211R
+ STEPNAME=Step211R
+ export STEPNAME
  echo "\n\nSTART ---> ${PROCNAME} ${STEPNAME}" $(date +'%m/%d/%y %H:%M:%S')  " <--- START\n\n"
+ date '+%m/%d/%y %H:%M:%S'
+ echo '\n\nSTART ---> mptr425_oem_ref_trans_check_and_split Step211R' 08/18/26 15:18:41 ' <--- START\n\n'
\n\nSTART ---> mptr425_oem_ref_trans_check_and_split Step211R 08/18/26 15:18:41  <--- START\n\n
  oem_job_status_update.ksh "R" "${STEPNAME} Report Distribution"
+ oem_job_status_update.ksh R 'Step211R Report Distribution'
  #**************************************************************************************
  #  Emails and Handles Retention for Report(s) created in previous step  
  #**************************************************************************************
  email_rpt.ksh "${JOBNAME}y"              
+ email_rpt.ksh mptr425y
RCS : email_rpt.ksh,v 1.7 2021/11/02 19:13:13 pg2697 Exp $
LATEST REPORT TO BE EMAILED: mptr425y_dupforca_20260818151828.txt from /mdev/race/oem/tmp.
Report is empty or does not exist. Report will not be distributed.
  rpt_log_retention.ksh "${JOBNAME}y"

+ rpt_log_retention.ksh mptr425y
\n Begin rpt_log_retention.ksh \n
Processing REPORTID=mptr425y

SQL*Plus: Release 19.0.0.0.0 - Production on Tue Aug 18 15:18:42 2026
Version 19.28.0.0.0

Copyright (c) 1982, 2025, Oracle.  All rights reserved.

Enter user-name: Last Successful login time: Tue Aug 18 2026 15:18:42 -07:00

Connected to:
Oracle Database 19c Enterprise Edition Release 19.0.0.0.0 - Production
Version 19.27.0.0.0

SQL> SQL> SQL> 
PL/SQL procedure successfully completed.

SQL> SQL> Disconnected from Oracle Database 19c Enterprise Edition Release 19.0.0.0.0 - Production
Version 19.27.0.0.0
\n End rpt_log_retention.ksh
  
#STEP Step215R
  export STEPNAME=Step215R
+ STEPNAME=Step215R
+ export STEPNAME
  echo "\n\nSTART ---> ${PROCNAME} ${STEPNAME}" $(date +'%m/%d/%y %H:%M:%S')  " <--- START\n\n"
+ date '+%m/%d/%y %H:%M:%S'
+ echo '\n\nSTART ---> mptr425_oem_ref_trans_check_and_split Step215R' 08/18/26 15:18:42 ' <--- START\n\n'
\n\nSTART ---> mptr425_oem_ref_trans_check_and_split Step215R 08/18/26 15:18:42  <--- START\n\n
  oem_job_status_update.ksh "R" "${STEPNAME} Sort by Transcode, Old Part, New Part, Price desc, Description desc"
+ oem_job_status_update.ksh R 'Step215R Sort by Transcode, Old Part, New Part, Price desc, Description desc'
  #**************************************************************************************
  #  Program: Sort
  #**************************************************************************************
  TRANS_SORTIN=${RACE}/tmp/${JOBNAME}_step205_transout.tmp
+ TRANS_SORTIN=/mdev/race/oem/tmp/mptr425_step205_transout.tmp
  TRANS_SORTOUT=${RACE}/tmp/${JOBNAME}_step215_transout_sorted.tmp
+ TRANS_SORTOUT=/mdev/race/oem/tmp/mptr425_step215_transout_sorted.tmp
  #           +---------+----------+-----------+------------+-----------------+
  #           |Transcode| Old Part |  New Part | Price Desc | Description Desc|
  #           +---------+----------+-----------+------------+-----------------+
  sort -T /tmp -k1.1,1.1 -k1.7,1.31 -k1.32,1.56 -k1.57,1.71r -k1.88,1.167r -o ${TRANS_SORTOUT} ${TRANS_SORTIN}


+ sort -T /tmp -k1.1,1.1 -k1.7,1.31 -k1.32,1.56 -k1.57,1.71r -k1.88,1.167r -o /mdev/race/oem/tmp/mptr425_step215_transout_sorted.tmp /mdev/race/oem/tmp/mptr425_step205_transout.tmp
#STEP Step216R
  export STEPNAME=Step216R
+ STEPNAME=Step216R
+ export STEPNAME
  echo "\n\nSTART ---> ${PROCNAME} ${STEPNAME}" $(date +'%m/%d/%y %H:%M:%S')  " <--- START\n\n"
+ date '+%m/%d/%y %H:%M:%S'
+ echo '\n\nSTART ---> mptr425_oem_ref_trans_check_and_split Step216R' 08/18/26 15:19:10 ' <--- START\n\n'
\n\nSTART ---> mptr425_oem_ref_trans_check_and_split Step216R 08/18/26 15:19:10  <--- START\n\n
  oem_job_status_update.ksh "R" "${STEPNAME} mpt_elim_dup_old_new_part.awk"
+ oem_job_status_update.ksh R 'Step216R mpt_elim_dup_old_new_part.awk'
  #**************************************************************************************
  #  Program: mpt_elim_dup_old_new_part.awk
  #**************************************************************************************
  SORTED_FILEIN=${RACE}/tmp/${JOBNAME}_step215_transout_sorted.tmp
+ SORTED_FILEIN=/mdev/race/oem/tmp/mptr425_step215_transout_sorted.tmp
  REFORMAT_FILEOUT=${RACE}/tmp/${JOBNAME}_step216_ref_${JOBFILE_OEMCTRY}.tmp
+ REFORMAT_FILEOUT=/mdev/race/oem/tmp/mptr425_step216_ref_for_ca.tmp
  
  if [ "${DUPLICATE_PARTS_EXPECTED_FLAG}" = "Y" ]
  then
    export sort_type=tcd_old_part_new_part
    cat ${SORTED_FILEIN} | awk -f ${RACE}/bin/mpt_elim_dup_old_new_part.awk > ${REFORMAT_FILEOUT}
  else
     cp ${SORTED_FILEIN} ${REFORMAT_FILEOUT}
  fi 


+ [ Y '=' Y ]
+ sort_type=tcd_old_part_new_part
+ export sort_type
+ awk -f /mdev/race/oem/bin/mpt_elim_dup_old_new_part.awk
+ cat /mdev/race/oem/tmp/mptr425_step215_transout_sorted.tmp
+ 1> /mdev/race/oem/tmp/mptr425_step216_ref_for_ca.tmp
#STEP Step220R
  export STEPNAME=Step220R
+ STEPNAME=Step220R
+ export STEPNAME
  echo "\n\nSTART ---> ${PROCNAME} ${STEPNAME}" $(date +'%m/%d/%y %H:%M:%S')  " <--- START\n\n"
+ date '+%m/%d/%y %H:%M:%S'
+ echo '\n\nSTART ---> mptr425_oem_ref_trans_check_and_split Step220R' 08/18/26 15:19:13 ' <--- START\n\n'
\n\nSTART ---> mptr425_oem_ref_trans_check_and_split Step220R 08/18/26 15:19:13  <--- START\n\n
  oem_job_status_update.ksh "R" "${STEPNAME} Extract the P and N transaction records"
+ oem_job_status_update.ksh R 'Step220R Extract the P and N transaction records'
  #**************************************************************************************
  #  Check the newly reformated transaction file for looping supersessions - remove loops
  #**************************************************************************************

  . oem_rpt_validate_supers.ksh
+ . oem_rpt_validate_supers.ksh
#!/bin/ksh
echo "RCS $Id: oem_rpt_validate_supers.ksh,v 1.14 2020/08/26 00:55:48 pg2697 Exp $"
set -xv
print ProcessId = $$
#****************************************************************************************
#  Description: Run process to validate supersessions and create reports
#****************************************************************************************
trap 'oem_abndalrt.ksh $?' err
export PROCNAME=$(basename $0 .ksh_run)
#****************************************************************************************
#  Build environment variables for the job (based on jobname)
#****************************************************************************************
. oem_job.ksh
#****************************************************************************************

#STEP Step510
  export STEPNAME=Step510
  echo "\n\nSTART ---> ${PROCNAME} ${STEPNAME}" $(date +'%m/%d/%y %H:%M:%S')  " <--- START\n\n"
  oem_job_status_update.ksh "R" "${STEPNAME} Extract the P and N records"
  #**************************************************************************************
  #                                          Extract the P and N records
  #**************************************************************************************
  REFORMAT_WORKOUT=${RACE}/tmp/${JOBNAME}_step510_oemrecs.tmp
  if [ ${JOBNAME} = ${REFORMATJOB} ]
  then
     #**************************************************************************************
     # Reformat Job? Only extract N records (From Step216R)
     #**************************************************************************************
     REFORMAT_FILEIN=${RACE}/tmp/${JOBNAME}_step216_ref_${JOBFILE_OEMCTRY}.tmp
     awk '{ if (substr($0,1,1)=="N") print $0 }' ${REFORMAT_FILEIN} > ${REFORMAT_WORKOUT}
  else
     #**************************************************************************************
     # Update Job? Only extract N and P records
     #**************************************************************************************
     REFORMAT_FILEIN=$(setgdg.ksh "${RACE}/dat/${REFORMATJOB}_ref_${JOBFILE_OEMCTRY}.dat(0)")
     awk '{ if (substr($0,1,1)=="P") print $0 }' ${REFORMAT_FILEIN} >  ${REFORMAT_WORKOUT}
     awk '{ if (substr($0,1,1)=="N") print $0 }' ${REFORMAT_FILEIN} >> ${REFORMAT_WORKOUT}
  fi


#STEP Step515
  export STEPNAME=Step515
  echo "\n\nSTART ---> ${PROCNAME} ${STEPNAME}" $(date +'%m/%d/%y %H:%M:%S')  " <--- START\n\n"
  oem_job_status_update.ksh "R" "${STEPNAME} Sort unique"
  #**************************************************************************************
  #                                          Sort unique 
  #**************************************************************************************
  SORTFILE_FILEIN=${RACE}/tmp/${JOBNAME}_step510_oemrecs.tmp
  SORT_FILEOUT=${RACE}/tmp/${JOBNAME}_step515_oemrecs_sort.tmp
  rm -f $SORT_FILEOUT
  #      +----------+
  #      |OLD & NEW |
  #      +----------+
  sort -u -k1.7,1.56 -o ${SORT_FILEOUT} ${SORTFILE_FILEIN}


#STEP Step530
  export STEPNAME=Step530
  echo "\n\nSTART ---> ${PROCNAME} ${STEPNAME}" $(date +'%m/%d/%y %H:%M:%S')  " <--- START\n\n"
  oem_job_status_update.ksh "R" "${STEPNAME} pkg_oem_rpt_validate_supers"
  #**************************************************************************************
  #                                          pkg_oem_rpt_validate_supers
  #  Execute Supersession Validation Program - Check the chains for loops
  #                                            and for "middle" parts with pricing
  #**************************************************************************************
  INPUT_FILENAME=${JOBNAME}_step515_oemrecs_sort.tmp
  OUTPUT_HTRANS=${JOBNAME}_step530_htrans_${JOBFILE_OEMCTRY}.tmp
  OUTPUT_PTRANS=${JOBNAME}_step530_ptrans_${JOBFILE_OEMCTRY}.tmp
  OUTPUT_RTRANS=${JOBNAME}_step530_rtrans_${JOBFILE_OEMCTRY}.tmp
  OUTPUT_NTRANS=${JOBNAME}_step530_ntrans_${JOBFILE_OEMCTRY}.tmp    # Used when checking for loops OEM Reformat File

  if [ ${JOBNAME} = ${REFORMATJOB} ]
  then
    REPORT_FILENAME=${JOBNAME}n_sup${REPORTSUFFIX}_$(date +'%C%y%m%d%H%M%S').rpt
  else
    REPORT_FILENAME=${JOBNAME}a_sup${REPORTSUFFIX}_$(date +'%C%y%m%d%H%M%S').rpt
  fi

#----------------------------------------------------------------------------------------
(sqlplus -s << % 2>&1)
${MPTUSERID}
SET VERIFY OFF
SET FEEDBACK OFF
SET TAB OFF
SET LINESIZE 100
SET PAGES 0
SET TRIMSPOOL ON
whenever sqlerror exit sql.sqlcode
    exec pkg_oem_rpt_validate_supers.p_main_procedure(p_this_job           => '${JOBNAME}',          \
                                                      p_reformat_job       => '${REFORMATJOB}',      \
                                                      p_log_directory      => '${OBJ_LOGDIR}',       \
                                                      p_log_filename       => '${LOGFILE}',          \
                                                      p_input_directory    => '${OBJ_TMPDIR}',       \
                                                      p_input_filename     => '${INPUT_FILENAME}',   \
                                                      p_output_directory   => '${OBJ_TMPDIR}',       \
                                                      p_output_htrans      => '${OUTPUT_HTRANS}',    \
                                                      p_output_ptrans      => '${OUTPUT_PTRANS}',    \
                                                      p_output_rtrans      => '${OUTPUT_RTRANS}',    \
                                                      p_output_ntrans      => '${OUTPUT_NTRANS}',    \
                                                      p_report_directory   => '${OBJ_RPTDIR}',       \
                                                      p_report_filename    => '${REPORT_FILENAME}',  \
                                                      p_debug_level        => '${RACE_DEBUG_LEVEL}', \
                                                      p_dbms_profiler_flag => '${RACE_DBMS_PROFILER_FLAG}');
QUIT;
%
#----------------------------------------------------------------------------------------


#STEP Step531R
  export STEPNAME=Step531R
  echo "\n\nSTART ---> ${PROCNAME} ${STEPNAME}" $(date +'%m/%d/%y %H:%M:%S')  " <--- START\n\n"
  oem_job_status_update.ksh "R" "${STEPNAME} Report Distribution"
  #**************************************************************************************
  #  Emails and Handles Retention for Report(s) created in previous step  
  #**************************************************************************************
  if [ ${JOBNAME} = ${REFORMATJOB} ]
  then
    email_rpt.ksh "${JOBNAME}n"
    rpt_log_retention.ksh "${JOBNAME}n" 
    
  else
    email_rpt.ksh "${JOBNAME}a" 
    rpt_log_retention.ksh "${JOBNAME}a" 
  fi


#STEP Step570
  export STEPNAME=Step570
  echo "\n\nSTART ---> ${PROCNAME} ${STEPNAME}" $(date +'%m/%d/%y %H:%M:%S')  " <--- START\n\n"
  oem_job_status_update.ksh "R" "${STEPNAME} Save files"
  #**************************************************************************************
  #   REFORMAT - Save ntrans
  #   UPDATE   - Save rtrans, htrans, and ptrans files
  #**************************************************************************************
  if [ ${JOBNAME} = ${REFORMATJOB} ]
  then
               cp ${RACE}/tmp/${JOBNAME}_step530_ntrans_${JOBFILE_OEMCTRY}.tmp \
    $(setgdg.ksh "${RACE}/dat/${JOBNAME}_looping_oem_ntrans_${JOBFILE_OEMCTRY}.dat(+1)" NEW 3)
  else
               cp ${RACE}/tmp/${JOBNAME}_step530_htrans_${JOBFILE_OEMCTRY}.tmp \
    $(setgdg.ksh "${RACE}/dat/${JOBNAME}_validate_htrans_${JOBFILE_OEMCTRY}.dat(+1)" NEW 3)
               cp ${RACE}/tmp/${JOBNAME}_step530_rtrans_${JOBFILE_OEMCTRY}.tmp \
    $(setgdg.ksh "${RACE}/dat/${JOBNAME}_validate_rtrans_${JOBFILE_OEMCTRY}.dat(+1)" NEW 3)
               cp ${RACE}/tmp/${JOBNAME}_step530_ptrans_${JOBFILE_OEMCTRY}.tmp \
    $(setgdg.ksh "${RACE}/dat/${JOBNAME}_validate_ptrans_${JOBFILE_OEMCTRY}.dat(+1)" NEW 3)
  fi


#STEP Step599
  export STEPNAME=Step599
  echo "\n\nSTART ---> ${PROCNAME} ${STEPNAME}" $(date +'%m/%d/%y %H:%M:%S')  " <--- START\n\n"
  #************************************************************************************************
  #  Delete temporary datasets 
  #************************************************************************************************
  if [ ${JOBNAME} = ${REFORMATJOB} ]
  then
    rm -f ${RACE}/tmp/${JOBNAME}_step5*
  else
    rm -f ${RACE}/tmp/${JOBNAME}*
  fi
  
#**************************************************************************************************
# END oem_rpt_validate_supers.ksh
#**************************************************************************************************
+ echo 'RCS : oem_rpt_validate_supers.ksh,v 1.14 2020/08/26 00:55:48 pg2697 Exp $'
RCS : oem_rpt_validate_supers.ksh,v 1.14 2020/08/26 00:55:48 pg2697 Exp $
+ set -xv
+ print ProcessId '=' 1536182
ProcessId = 1536182
+ trap 'oem_abndalrt.ksh $?' err
+ basename /tmp/mptr425_oem_ref_trans_check_and_split.ksh_run .ksh_run
+ PROCNAME=mptr425_oem_ref_trans_check_and_split
+ export PROCNAME
+ . oem_job.ksh
#!/bin/ksh
echo "RCS $Id: oem_job.ksh,v 1.9 2026/08/07 19:34:48 rj132422 Exp $"
#*****************************************************************************************
# PROCNAME oem_job.ksh
# PURPOSE  Retreive and build UNIX Environment Variables from Oracle Tables
#          Used by RACE OEM Parts Reformat and Update jobs
#*****************************************************************************************
trap 'oem_abndalrt.ksh $?' err
MPTUSERID=`cat ${RACE}/prm/zmptpass.prm`
LOGFILE=$(basename ${JOBLOGNAME})
#*****************************************************************************************
#  Build UNIX environment variables for the job (based on jobname)
#*****************************************************************************************
REFORMATJOB=${JOBNAME}
UPDATEJOB=${JOBNAME}
WORKFILE=${JOBNAME}_oem_job.tmp
#-----------------------------------------------------------------------------------------
(sqlplus -s << % 2>&1)
${MPTUSERID}
SET VERIFY OFF
SET FEEDBACK OFF
SET TAB OFF
SET LINESIZE 100
SET PAGES 0
SET TRIMSPOOL ON
whenever sqlerror exit sql.sqlcode
    exec pkg_oem_job.p_oem_job_sel_03(p_jobname       => '${JOBNAME}',    \
                                      p_tmp_directory => '${OBJ_TMPDIR}', \
                                      p_tmp_filename  => '${WORKFILE}',   \
                                      p_log_directory => '${OBJ_TMPDIR}', \
                                      p_log_filename  => '${LOGFILE%.log}.db.log');
QUIT;
%

# rj132422 - This code was added to avoid race condition between db and shell due the nfs
DB_LOG=${RACE}/tmp/${LOGFILE%.log}.db.log
if [ -s "$DB_LOG" ]; then
    cat "$DB_LOG" >> "${LOGDIR}/${LOGFILE}"
    rm  "$DB_LOG"
fi

#-----------------------------------------------------------------------------------------
export WORKFILE=${RACE}/tmp/${WORKFILE}

#If the ReformatJob Environment variable isn't defined, abend the process
export REFORMATJOB=`cat ${WORKFILE}                   | cut -f1  -d","`
if [ -z "${REFORMATJOB}" ]
then
   abndalrt.ksh environment_not_found_in_oem_job_table.tmp
fi
export UPDATEJOB=`cat ${WORKFILE}                     | cut -f2  -d","`
export JOBOEM=`cat ${WORKFILE}                        | cut -f3  -d","`
export JOBCTRY=`cat ${WORKFILE}                       | cut -f4  -d","`
export JOBOEMNAME=`cat ${WORKFILE}                    | cut -f5  -d","`
export OEMABBRLOWER=`cat ${WORKFILE}                  | cut -f6  -d","`
export JOBPARM=`cat ${WORKFILE}                       | cut -f7  -d","`
export FORMATOEM=`cat ${WORKFILE}                     | cut -f8  -d","`
export FORMATCTRY=`cat ${WORKFILE}                    | cut -f9  -d","`
export JOBFILE_OEMCTRY=`cat ${WORKFILE}               | cut -f10 -d","`
export REPORTSUFFIX=`cat ${WORKFILE}                  | cut -f11 -d","`
export REVERSE_SUPER_JOBPARM=`cat ${WORKFILE}         | cut -f12 -d","`
export PACKAGE_NAME_1=`cat ${WORKFILE}                | cut -f13 -d","`
export PACKAGE_NAME_2=`cat ${WORKFILE}                | cut -f14 -d","`
export DUPLICATE_PARTS_EXPECTED_FLAG=`cat ${WORKFILE} | cut -f15 -d","`
export REFORMAT_BUILDS_RTRANS_FLAG=`cat ${WORKFILE}   | cut -f16 -d","`
export OBSOLETE_JOB_FLAG=`cat ${WORKFILE}             | cut -f17 -d","`
export PREPROCESS_SCRIPT_NAME=`cat ${WORKFILE}        | cut -f18 -d","`


##########################################################################################
# The various Oracle Package call by the OEM system use Global Temporary Tables.
# For some reason (only in the test system at this point in time), the indexes on these
# Global Tempoary Tables are missing.
# The missing indexes result in slooooow processing and often aren't discovered missing
# right away.  To curtail this problem, run a quick check to see if the indexes exist.
# When an index for a Global Temporary Table is not found, it will be created.
##########################################################################################
#-----------------------------------------------------------------------------------------
(sqlplus -s << % 2>&1)
${MPTUSERID}
SET VERIFY OFF
SET FEEDBACK OFF
SET TAB OFF
SET LINESIZE 100
SET PAGES 0
SET TRIMSPOOL ON
SET SERVEROUTPUT ON SIZE 1000000
whenever sqlerror exit sql.sqlcode
    exec pkg_oem_ref_utilities.p_check_gtmp_indexes(p_jobname       => '${JOBNAME}',       \
                                                    p_log_directory => '${OBJ_TMPDIR}',    \
                                                    p_log_filename  => '${LOGFILE%.log}.db.log',       \
                                                    p_debug_level   => '${RACE_DEBUG_LEVEL}');
QUIT;
%

# rj132422 - This code was added to avoid race condition between db and shell due the nfs
DB_LOG=${RACE}/tmp/${LOGFILE%.log}.db.log
if [ -s "$DB_LOG" ]; then
    cat "$DB_LOG" >> "${LOGDIR}/${LOGFILE}"
    rm  "$DB_LOG"
fi
#-----------------------------------------------------------------------------------------

#*****************************************************************************************
# END oem_job.ksh
#*****************************************************************************************+ echo 'RCS : oem_job.ksh,v 1.9 2026/08/07 19:34:48 rj132422 Exp $'
RCS : oem_job.ksh,v 1.9 2026/08/07 19:34:48 rj132422 Exp $
+ trap 'oem_abndalrt.ksh $?' err
cat ${RACE}/prm/zmptpass.prm
+ cat /mdev/race/oem/prm/zmptpass.prm
+ MPTUSERID=racejob/q1w2e3r4
+ basename /mdev/race/oem/log/mptr425_20260818151631.log
+ LOGFILE=mptr425_20260818151631.log
+ REFORMATJOB=mptr425
+ UPDATEJOB=mptr425
+ WORKFILE=mptr425_oem_job.tmp
+ sqlplus -s
+ 0<< \%
racejob/q1w2e3r4
SET VERIFY OFF
SET FEEDBACK OFF
SET TAB OFF
SET LINESIZE 100
SET PAGES 0
SET TRIMSPOOL ON
whenever sqlerror exit sql.sqlcode
    exec pkg_oem_job.p_oem_job_sel_03(p_jobname       => 'mptr425',                                          p_tmp_directory => 'RACE_OEM_TMP_DIR',                                       p_tmp_filename  => 'mptr425_oem_job.tmp',                                         p_log_directory => 'RACE_OEM_TMP_DIR',                                       p_log_filename  => 'mptr425_20260818151631.db.log');
QUIT;
%
2>& 1
+ DB_LOG=/mdev/race/oem/tmp/mptr425_20260818151631.db.log
+ [ -s /mdev/race/oem/tmp/mptr425_20260818151631.db.log ]
+ cat /mdev/race/oem/tmp/mptr425_20260818151631.db.log
+ 1>> /mdev/race/oem/log/mptr425_20260818151631.log

mptr425,mptr426,002,CA,FOR,for,zmpt426a,002,US,for_ca,forca,mpt426e,pkg_oem_ref_010,,Y,N,N,,U,N,

+ rm /mdev/race/oem/tmp/mptr425_20260818151631.db.log
+ WORKFILE=/mdev/race/oem/tmp/mptr425_oem_job.tmp
+ export WORKFILE
cat ${WORKFILE}                   | cut -f1  -d","
+ cut -f1 -d,
+ cat /mdev/race/oem/tmp/mptr425_oem_job.tmp
+ REFORMATJOB=mptr425
+ export REFORMATJOB
+ [ -z mptr425 ]
cat ${WORKFILE}                     | cut -f2  -d","
+ cut -f2 -d,
+ cat /mdev/race/oem/tmp/mptr425_oem_job.tmp
+ UPDATEJOB=mptr426
+ export UPDATEJOB
cat ${WORKFILE}                        | cut -f3  -d","
+ cut -f3 -d,
+ cat /mdev/race/oem/tmp/mptr425_oem_job.tmp
+ JOBOEM=002
+ export JOBOEM
cat ${WORKFILE}                       | cut -f4  -d","
+ cut -f4 -d,
+ cat /mdev/race/oem/tmp/mptr425_oem_job.tmp
+ JOBCTRY=CA
+ export JOBCTRY
cat ${WORKFILE}                    | cut -f5  -d","
+ cut -f5 -d,
+ cat /mdev/race/oem/tmp/mptr425_oem_job.tmp
+ JOBOEMNAME=FOR
+ export JOBOEMNAME
cat ${WORKFILE}                  | cut -f6  -d","
+ cut -f6 -d,
+ cat /mdev/race/oem/tmp/mptr425_oem_job.tmp
+ OEMABBRLOWER=for
+ export OEMABBRLOWER
cat ${WORKFILE}                       | cut -f7  -d","
+ cut -f7 -d,
+ cat /mdev/race/oem/tmp/mptr425_oem_job.tmp
+ JOBPARM=zmpt426a
+ export JOBPARM
cat ${WORKFILE}                     | cut -f8  -d","
+ cut -f8 -d,
+ cat /mdev/race/oem/tmp/mptr425_oem_job.tmp
+ FORMATOEM=002
+ export FORMATOEM
cat ${WORKFILE}                    | cut -f9  -d","
+ cut -f9 -d,
+ cat /mdev/race/oem/tmp/mptr425_oem_job.tmp
+ FORMATCTRY=US
+ export FORMATCTRY
cat ${WORKFILE}               | cut -f10 -d","
+ cut -f10 -d,
+ cat /mdev/race/oem/tmp/mptr425_oem_job.tmp
+ JOBFILE_OEMCTRY=for_ca
+ export JOBFILE_OEMCTRY
cat ${WORKFILE}                  | cut -f11 -d","
+ cut -f11 -d,
+ cat /mdev/race/oem/tmp/mptr425_oem_job.tmp
+ REPORTSUFFIX=forca
+ export REPORTSUFFIX
cat ${WORKFILE}         | cut -f12 -d","
+ cut -f12 -d,
+ cat /mdev/race/oem/tmp/mptr425_oem_job.tmp
+ REVERSE_SUPER_JOBPARM=mpt426e
+ export REVERSE_SUPER_JOBPARM
cat ${WORKFILE}                | cut -f13 -d","
+ cat /mdev/race/oem/tmp/mptr425_oem_job.tmp
+ cut -f13 -d,
+ PACKAGE_NAME_1=pkg_oem_ref_010
+ export PACKAGE_NAME_1
cat ${WORKFILE}                | cut -f14 -d","
+ cut -f14 -d,
+ cat /mdev/race/oem/tmp/mptr425_oem_job.tmp
+ PACKAGE_NAME_2=''
+ export PACKAGE_NAME_2
cat ${WORKFILE} | cut -f15 -d","
+ cut -f15 -d,
+ cat /mdev/race/oem/tmp/mptr425_oem_job.tmp
+ DUPLICATE_PARTS_EXPECTED_FLAG=Y
+ export DUPLICATE_PARTS_EXPECTED_FLAG
cat ${WORKFILE}   | cut -f16 -d","
+ cut -f16 -d,
+ cat /mdev/race/oem/tmp/mptr425_oem_job.tmp
+ REFORMAT_BUILDS_RTRANS_FLAG=N
+ export REFORMAT_BUILDS_RTRANS_FLAG
cat ${WORKFILE}             | cut -f17 -d","
+ cut -f17 -d,
+ cat /mdev/race/oem/tmp/mptr425_oem_job.tmp
+ OBSOLETE_JOB_FLAG=N
+ export OBSOLETE_JOB_FLAG
cat ${WORKFILE}        | cut -f18 -d","
+ cat /mdev/race/oem/tmp/mptr425_oem_job.tmp
+ cut -f18 -d,
+ PREPROCESS_SCRIPT_NAME=''
+ export PREPROCESS_SCRIPT_NAME
+ sqlplus -s
+ 0<< \%
racejob/q1w2e3r4
SET VERIFY OFF
SET FEEDBACK OFF
SET TAB OFF
SET LINESIZE 100
SET PAGES 0
SET TRIMSPOOL ON
SET SERVEROUTPUT ON SIZE 1000000
whenever sqlerror exit sql.sqlcode
    exec pkg_oem_ref_utilities.p_check_gtmp_indexes(p_jobname       => 'mptr425',                                                           p_log_directory => 'RACE_OEM_TMP_DIR',                                                        p_log_filename  => 'mptr425_20260818151631.db.log',                                                           p_debug_level   => '0');
QUIT;
%
2>& 1
+ DB_LOG=/mdev/race/oem/tmp/mptr425_20260818151631.db.log
+ [ -s /mdev/race/oem/tmp/mptr425_20260818151631.db.log ]
+ cat /mdev/race/oem/tmp/mptr425_20260818151631.db.log
+ 1>> /mdev/race/oem/log/mptr425_20260818151631.log

Start mptr425 pkg_oem_ref_utilities.p_check_gtmp_indexes


 End  mptr425 pkg_oem_ref_utilities.p_check_gtmp_indexes
+ rm /mdev/race/oem/tmp/mptr425_20260818151631.db.log
+ STEPNAME=Step510
+ export STEPNAME
+ date '+%m/%d/%y %H:%M:%S'
+ echo '\n\nSTART ---> mptr425_oem_ref_trans_check_and_split Step510' 08/18/26 15:19:14 ' <--- START\n\n'
\n\nSTART ---> mptr425_oem_ref_trans_check_and_split Step510 08/18/26 15:19:14  <--- START\n\n
+ oem_job_status_update.ksh R 'Step510 Extract the P and N records'
+ REFORMAT_WORKOUT=/mdev/race/oem/tmp/mptr425_step510_oemrecs.tmp
+ [ mptr425 '=' mptr425 ]
+ REFORMAT_FILEIN=/mdev/race/oem/tmp/mptr425_step216_ref_for_ca.tmp
+ awk '{ if (substr($0,1,1)=="N") print $0 }' /mdev/race/oem/tmp/mptr425_step216_ref_for_ca.tmp
+ 1> /mdev/race/oem/tmp/mptr425_step510_oemrecs.tmp
+ STEPNAME=Step515
+ export STEPNAME
+ date '+%m/%d/%y %H:%M:%S'
+ echo '\n\nSTART ---> mptr425_oem_ref_trans_check_and_split Step515' 08/18/26 15:19:15 ' <--- START\n\n'
\n\nSTART ---> mptr425_oem_ref_trans_check_and_split Step515 08/18/26 15:19:15  <--- START\n\n
+ oem_job_status_update.ksh R 'Step515 Sort unique'
+ SORTFILE_FILEIN=/mdev/race/oem/tmp/mptr425_step510_oemrecs.tmp
+ SORT_FILEOUT=/mdev/race/oem/tmp/mptr425_step515_oemrecs_sort.tmp
+ rm -f /mdev/race/oem/tmp/mptr425_step515_oemrecs_sort.tmp
+ sort -u -k1.7,1.56 -o /mdev/race/oem/tmp/mptr425_step515_oemrecs_sort.tmp /mdev/race/oem/tmp/mptr425_step510_oemrecs.tmp
+ STEPNAME=Step530
+ export STEPNAME
+ date '+%m/%d/%y %H:%M:%S'
+ echo '\n\nSTART ---> mptr425_oem_ref_trans_check_and_split Step530' 08/18/26 15:19:16 ' <--- START\n\n'
\n\nSTART ---> mptr425_oem_ref_trans_check_and_split Step530 08/18/26 15:19:16  <--- START\n\n
+ oem_job_status_update.ksh R 'Step530 pkg_oem_rpt_validate_supers'
+ INPUT_FILENAME=mptr425_step515_oemrecs_sort.tmp
+ OUTPUT_HTRANS=mptr425_step530_htrans_for_ca.tmp
+ OUTPUT_PTRANS=mptr425_step530_ptrans_for_ca.tmp
+ OUTPUT_RTRANS=mptr425_step530_rtrans_for_ca.tmp
+ OUTPUT_NTRANS=mptr425_step530_ntrans_for_ca.tmp
+ [ mptr425 '=' mptr425 ]
+ date +%C%y%m%d%H%M%S
+ REPORT_FILENAME=mptr425n_supforca_20260818151916.rpt
+ sqlplus -s
+ 0<< \%
racejob/q1w2e3r4
SET VERIFY OFF
SET FEEDBACK OFF
SET TAB OFF
SET LINESIZE 100
SET PAGES 0
SET TRIMSPOOL ON
whenever sqlerror exit sql.sqlcode
    exec pkg_oem_rpt_validate_supers.p_main_procedure(p_this_job           => 'mptr425',                                                                p_reformat_job       => 'mptr425',                                                            p_log_directory      => 'RACE_OEM_LOG_DIR',                                                             p_log_filename       => 'mptr425_20260818151631.log',                                                                p_input_directory    => 'RACE_OEM_TMP_DIR',                                                             p_input_filename     => 'mptr425_step515_oemrecs_sort.tmp',                                                         p_output_directory   => 'RACE_OEM_TMP_DIR',                                                             p_output_htrans      => 'mptr425_step530_htrans_for_ca.tmp',                                                          p_output_ptrans      => 'mptr425_step530_ptrans_for_ca.tmp',                                                          p_output_rtrans      => 'mptr425_step530_rtrans_for_ca.tmp',                                                          p_output_ntrans      => 'mptr425_step530_ntrans_for_ca.tmp',                                                          p_report_directory   => 'RACE_OEM_RPT_DIR',                                                             p_report_filename    => 'mptr425n_supforca_20260818151916.rpt',                                                        p_debug_level        => '0',                                                       p_dbms_profiler_flag => 'N');
QUIT;
%
2>& 1
+ STEPNAME=Step531R
+ export STEPNAME
+ date '+%m/%d/%y %H:%M:%S'
+ echo '\n\nSTART ---> mptr425_oem_ref_trans_check_and_split Step531R' 08/18/26 15:19:28 ' <--- START\n\n'
\n\nSTART ---> mptr425_oem_ref_trans_check_and_split Step531R 08/18/26 15:19:28  <--- START\n\n
+ oem_job_status_update.ksh R 'Step531R Report Distribution'
+ [ mptr425 '=' mptr425 ]
+ email_rpt.ksh mptr425n
RCS : email_rpt.ksh,v 1.7 2021/11/02 19:13:13 pg2697 Exp $
LATEST REPORT TO BE EMAILED: mptr425n_supforca_20260818151916.txt from /mdev/race/oem/tmp.
+ rpt_log_retention.ksh mptr425n
\n Begin rpt_log_retention.ksh \n
Processing REPORTID=mptr425n

SQL*Plus: Release 19.0.0.0.0 - Production on Tue Aug 18 15:19:28 2026
Version 19.28.0.0.0

Copyright (c) 1982, 2025, Oracle.  All rights reserved.

Enter user-name: Last Successful login time: Tue Aug 18 2026 15:19:28 -07:00

Connected to:
Oracle Database 19c Enterprise Edition Release 19.0.0.0.0 - Production
Version 19.27.0.0.0

SQL> SQL> SQL> 
PL/SQL procedure successfully completed.

SQL> SQL> Disconnected from Oracle Database 19c Enterprise Edition Release 19.0.0.0.0 - Production
Version 19.27.0.0.0
\n End rpt_log_retention.ksh
+ STEPNAME=Step570
+ export STEPNAME
+ date '+%m/%d/%y %H:%M:%S'
+ echo '\n\nSTART ---> mptr425_oem_ref_trans_check_and_split Step570' 08/18/26 15:19:29 ' <--- START\n\n'
\n\nSTART ---> mptr425_oem_ref_trans_check_and_split Step570 08/18/26 15:19:29  <--- START\n\n
+ oem_job_status_update.ksh R 'Step570 Save files'
+ [ mptr425 '=' mptr425 ]
+ setgdg.ksh '/mdev/race/oem/dat/mptr425_looping_oem_ntrans_for_ca.dat(+1)' NEW 3
ls: cannot access '/mdev/race/oem/dat/mptr425_looping_oem_ntrans_for_ca.dat.g??': No such file or directory
ls: cannot access '/mdev/race/oem/dat/mptr425_looping_oem_ntrans_for_ca.dat.g??': No such file or directory
+ cp /mdev/race/oem/tmp/mptr425_step530_ntrans_for_ca.tmp /mdev/race/oem/dat/mptr425_looping_oem_ntrans_for_ca.dat.g02
+ STEPNAME=Step599
+ export STEPNAME
+ date '+%m/%d/%y %H:%M:%S'
+ echo '\n\nSTART ---> mptr425_oem_ref_trans_check_and_split Step599' 08/18/26 15:19:29 ' <--- START\n\n'
\n\nSTART ---> mptr425_oem_ref_trans_check_and_split Step599 08/18/26 15:19:29  <--- START\n\n
+ [ mptr425 '=' mptr425 ]
+ rm -f /mdev/race/oem/tmp/mptr425_step510_oemrecs.tmp /mdev/race/oem/tmp/mptr425_step515_oemrecs_sort.tmp /mdev/race/oem/tmp/mptr425_step530_ntrans_for_ca.tmp
  

#STEP Step222R
  export STEPNAME=Step222R
+ STEPNAME=Step222R
+ export STEPNAME
  echo "\n\nSTART ---> ${PROCNAME} ${STEPNAME}" $(date +'%m/%d/%y %H:%M:%S')  " <--- START\n\n"
+ date '+%m/%d/%y %H:%M:%S'
+ echo '\n\nSTART ---> mptr425_oem_ref_trans_check_and_split Step222R' 08/18/26 15:19:29 ' <--- START\n\n'
\n\nSTART ---> mptr425_oem_ref_trans_check_and_split Step222R 08/18/26 15:19:29  <--- START\n\n
  oem_job_status_update.ksh "R" "${STEPNAME} Drop supersessions reported by pkg_oem_rpt_validate_supers"
+ oem_job_status_update.ksh R 'Step222R Drop supersessions reported by pkg_oem_rpt_validate_supers'
  #*************************************************************************************************
  #    *** Drop identified looping supersessions from Reformat File using these 6 steps          ***
  #    *** NOTE: at the end of this step, the REFORMAT_FILEIN is OVERLAYED                       ***
  #*************************************************************************************************
  # 1. awk to create subset of all Reformat Transactions EXCEPT for the ntrans in the Reformat File
  # 2. awk to create subset of all ntrans records in the Reformat
  # 3. cat to combine Reformat ntrans with LOOPING Ntrans (identified by pkg_oem_rpt_validate_supers)
  # 4. awk the 1st 56 bytes of the combined file to identify "duplicated" 'N' supersession records.
  #    *** This will get rid of BOTH duplicate records from the combined file which is effectively 
  #        eliminating the identifiable loops from being sent to the Update Job!
  # 5. sort "other trans" and "reduced ntrans" together to rebuild the "complete" Reformat transaction file
  #*************************************************************************************************
  SUPLOOPS_FILEIN=$(setgdg.ksh "${RACE}/dat/${REFORMATJOB}_looping_oem_ntrans_${JOBFILE_OEMCTRY}.dat(0)") 
+ setgdg.ksh '/mdev/race/oem/dat/mptr425_looping_oem_ntrans_for_ca.dat(0)'
+ SUPLOOPS_FILEIN=/mdev/race/oem/dat/mptr425_looping_oem_ntrans_for_ca.dat.g02
  REFORMAT_FILEIN=${RACE}/tmp/${JOBNAME}_step216_ref_${JOBFILE_OEMCTRY}.tmp                            
+ REFORMAT_FILEIN=/mdev/race/oem/tmp/mptr425_step216_ref_for_ca.tmp
  REFORMAT_FILEOUT=${RACE}/tmp/${JOBNAME}_step222_ref_${JOBFILE_OEMCTRY}.tmp
+ REFORMAT_FILEOUT=/mdev/race/oem/tmp/mptr425_step222_ref_for_ca.tmp
  #*************************************************************************************************
  # 1. Subset for REFORMAT File of all NON-supersession records ('A','C','D','P',etc)
  MAINREF_OTHERS=${RACE}/tmp/${JOBNAME}_step222_ref_others_${JOBFILE_OEMCTRY}.tmp
+ MAINREF_OTHERS=/mdev/race/oem/tmp/mptr425_step222_ref_others_for_ca.tmp
  awk '{ if (substr($0,1,1)!="N") print $0 }' ${REFORMAT_FILEIN} > ${MAINREF_OTHERS}
+ awk '{ if (substr($0,1,1)!="N") print $0 }' /mdev/race/oem/tmp/mptr425_step216_ref_for_ca.tmp
+ 1> /mdev/race/oem/tmp/mptr425_step222_ref_others_for_ca.tmp
  #*************************************************************************************************
  # 2. Subset for REFORMAT File of all supersession 'N' records
  MAINREF_NTRANS=${RACE}/tmp/${JOBNAME}_step222_ref_ntrans_${JOBFILE_OEMCTRY}.tmp
+ MAINREF_NTRANS=/mdev/race/oem/tmp/mptr425_step222_ref_ntrans_for_ca.tmp
  awk '{ if (substr($0,1,1)=="N") print $0 }' ${REFORMAT_FILEIN} > ${MAINREF_NTRANS}
+ awk '{ if (substr($0,1,1)=="N") print $0 }' /mdev/race/oem/tmp/mptr425_step216_ref_for_ca.tmp
+ 1> /mdev/race/oem/tmp/mptr425_step222_ref_ntrans_for_ca.tmp
  #*************************************************************************************************
  # 3. cat to Combine Reformat Ntrans with LOOPING Ntrans (identified by pkg_oem_rpt_validate_supers)
  MERGED_NTRANS=${RACE}/tmp/${JOBNAME}_step222_ntrans_merged_${JOBFILE_OEMCTRY}.tmp
+ MERGED_NTRANS=/mdev/race/oem/tmp/mptr425_step222_ntrans_merged_for_ca.tmp
  cat ${SUPLOOPS_FILEIN} ${MAINREF_NTRANS} > ${MERGED_NTRANS}   
+ cat /mdev/race/oem/dat/mptr425_looping_oem_ntrans_for_ca.dat.g02 /mdev/race/oem/tmp/mptr425_step222_ref_ntrans_for_ca.tmp
+ 1> /mdev/race/oem/tmp/mptr425_step222_ntrans_merged_for_ca.tmp
  #*************************************************************************************************
  # 4. awk the 1st 56 bytes of the combined file to identify "duplicate" 'N' supersession records.
  #    This will get rid of BOTH duplicate records from the combined file (effectively eliminating the identifiable loops)
  REDUCED_NTRANS=${RACE}/tmp/${JOBNAME}_step222_reduced_ntrans_${JOBFILE_OEMCTRY}.tmp
+ REDUCED_NTRANS=/mdev/race/oem/tmp/mptr425_step222_reduced_ntrans_for_ca.tmp
  awk '{ k=substr($0,1,56) ; line[k]=$0 ; freq[k]++ } END { for (x in freq) if (freq[x]==1) print line[x]}' ${MERGED_NTRANS} > ${REDUCED_NTRANS}
+ awk '{ k=substr($0,1,56) ; line[k]=$0 ; freq[k]++ } END { for (x in freq) if (freq[x]==1) print line[x]}' /mdev/race/oem/tmp/mptr425_step222_ntrans_merged_for_ca.tmp
+ 1> /mdev/race/oem/tmp/mptr425_step222_reduced_ntrans_for_ca.tmp
  #*************************************************************************************************
  # 5. sort "other trans" and "reduced ntrans" together to rebuild the "complete" Reformat transaction file
  #                  +---------+----------+-----------+------------+-----------------+
  #                  |Transcode| Old Part |  New Part |Price Revrsd| Descrip Reversed|
  #                  +---------+----------+-----------+------------+-----------------+                  
  SORTIN_BOTH="${MAINREF_OTHERS} ${REDUCED_NTRANS}"
+ SORTIN_BOTH='/mdev/race/oem/tmp/mptr425_step222_ref_others_for_ca.tmp /mdev/race/oem/tmp/mptr425_step222_reduced_ntrans_for_ca.tmp'
  
  sort -T ${RACE}/tmp -k1.1,1.1 -k1.7,1.31 -k1.32,1.56 -k1.57,1.71r -k1.88,1.167r -o ${REFORMAT_FILEOUT} ${SORTIN_BOTH}  


+ sort -T /mdev/race/oem/tmp -k1.1,1.1 -k1.7,1.31 -k1.32,1.56 -k1.57,1.71r -k1.88,1.167r -o /mdev/race/oem/tmp/mptr425_step222_ref_for_ca.tmp /mdev/race/oem/tmp/mptr425_step222_ref_others_for_ca.tmp /mdev/race/oem/tmp/mptr425_step222_reduced_ntrans_for_ca.tmp
#STEP Step250R
  export STEPNAME=Step250R
+ STEPNAME=Step250R
+ export STEPNAME
  echo "    Start " ${STEPNAME} "    "$(date)
+ date
+ echo '    Start ' Step250R '    Tue' Aug 18 03:19:50 PM PDT 2026
    Start  Step250R     Tue Aug 18 03:19:50 PM PDT 2026
  oem_job_status_update.ksh "R" "${STEPNAME} pkg_oem_upd_utilities.p_electronic_balancing_check"
+ oem_job_status_update.ksh R 'Step250R pkg_oem_upd_utilities.p_electronic_balancing_check'
  #********************************************************************************************
  # Check p_electronic_balancing_check
  #********************************************************************************************
#----------------------------------------------------------------------------------------------
(sqlplus -s << % 2>&1)
${MPTUSERID}
SET VERIFY OFF
SET FEEDBACK OFF
SET TAB OFF
SET LINESIZE 100
SET PAGES 0
SET TRIMSPOOL ON
whenever sqlerror exit sql.sqlcode
    exec pkg_oem_upd_utilities.p_electronic_balancing_check(p_jobtype         => 'R',            \
                                                            p_jobname         => '${JOBNAME}',   \
                                                            p_log_directory   => '${OBJ_LOGDIR}',\
                                                            p_log_filename    => '${LOGFILE}',   \
                                                            p_input_directory => '${OBJ_PRMDIR}',\
                                                            p_input_filename  => '${JOBPARM}.prm');
QUIT;
%
+ sqlplus -s
+ 0<< \%
racejob/q1w2e3r4
SET VERIFY OFF
SET FEEDBACK OFF
SET TAB OFF
SET LINESIZE 100
SET PAGES 0
SET TRIMSPOOL ON
whenever sqlerror exit sql.sqlcode
    exec pkg_oem_upd_utilities.p_electronic_balancing_check(p_jobtype         => 'R',                                                                        p_jobname         => 'mptr425',                                                               p_log_directory   => 'RACE_OEM_LOG_DIR',                                                            p_log_filename    => 'mptr425_20260818151631.log',                                                               p_input_directory => 'RACE_OEM_PRM_DIR',                                                            p_input_filename  => 'zmpt426a.prm');
QUIT;
%
2>& 1
#----------------------------------------------------------------------------------------------


#STEP Step260R
  export STEPNAME=Step260R
+ STEPNAME=Step260R
+ export STEPNAME
  echo "\n\nSTART ---> ${PROCNAME} ${STEPNAME}" $(date +'%m/%d/%y %H:%M:%S')  " <--- START\n\n"
+ date '+%m/%d/%y %H:%M:%S'
+ echo '\n\nSTART ---> mptr425_oem_ref_trans_check_and_split Step260R' 08/18/26 15:19:51 ' <--- START\n\n'
\n\nSTART ---> mptr425_oem_ref_trans_check_and_split Step260R 08/18/26 15:19:51  <--- START\n\n
  oem_job_status_update.ksh "R" "${STEPNAME} Save 3 generations of Reformat Trans File"
+ oem_job_status_update.ksh R 'Step260R Save 3 generations of Reformat Trans File'
  #**************************************************************************************
  #  Save 3 generations of the reformated transaction file
  #**************************************************************************************
  REFORMAT_FILEIN=${RACE}/tmp/${JOBNAME}_step222_ref_${JOBFILE_OEMCTRY}.tmp
+ REFORMAT_FILEIN=/mdev/race/oem/tmp/mptr425_step222_ref_for_ca.tmp
  REFORMAT_GDG_OUT=$(setgdg.ksh "${RACE}/dat/${JOBNAME}_ref_${JOBFILE_OEMCTRY}.dat(+01)" NEW 3 )

+ setgdg.ksh '/mdev/race/oem/dat/mptr425_ref_for_ca.dat(+01)' NEW 3
ls: cannot access '/mdev/race/oem/dat/mptr425_ref_for_ca.dat.g??': No such file or directory
ls: cannot access '/mdev/race/oem/dat/mptr425_ref_for_ca.dat.g??': No such file or directory
+ REFORMAT_GDG_OUT=/mdev/race/oem/dat/mptr425_ref_for_ca.dat.g02
  cp ${REFORMAT_FILEIN} ${REFORMAT_GDG_OUT}
+ cp /mdev/race/oem/tmp/mptr425_step222_ref_for_ca.tmp /mdev/race/oem/dat/mptr425_ref_for_ca.dat.g02
  
  
#STEP Step270R
  export STEPNAME=Step270R
+ STEPNAME=Step270R
+ export STEPNAME
  echo "\n\nSTART ---> ${PROCNAME} ${STEPNAME}" $(date +'%m/%d/%y %H:%M:%S')  " <--- START\n\n"
+ date '+%m/%d/%y %H:%M:%S'
+ echo '\n\nSTART ---> mptr425_oem_ref_trans_check_and_split Step270R' 08/18/26 15:19:51 ' <--- START\n\n'
\n\nSTART ---> mptr425_oem_ref_trans_check_and_split Step270R 08/18/26 15:19:51  <--- START\n\n
  oem_job_status_update.ksh "R" "${STEPNAME} pkg_oem_ref_part_number_check"
+ oem_job_status_update.ksh R 'Step270R pkg_oem_ref_part_number_check'
  #**************************************************************************************
  #  Program: pkg_oem_ref_part_number_check
  #**************************************************************************************
  INPUT_FILEPATH=$(setgdg.ksh "${RACE}/dat/${JOBNAME}_ref_${JOBFILE_OEMCTRY}.dat(0)")
+ setgdg.ksh '/mdev/race/oem/dat/mptr425_ref_for_ca.dat(0)'
+ INPUT_FILEPATH=/mdev/race/oem/dat/mptr425_ref_for_ca.dat.g02
  INPUT_FILENAME=$(basename ${INPUT_FILEPATH})

+ basename /mdev/race/oem/dat/mptr425_ref_for_ca.dat.g02
+ INPUT_FILENAME=mptr425_ref_for_ca.dat.g02
  REPORT_FILE_D=${JOBNAME}d_edt${REPORTSUFFIX}_$(date +'%C%y%m%d%H%M%S').rpt
+ date +%C%y%m%d%H%M%S
+ REPORT_FILE_D=mptr425d_edtforca_20260818151952.rpt
  REPORT_FILE_C=${JOBNAME}c_cmp${REPORTSUFFIX}_$(date +'%C%y%m%d%H%M%S').rpt
+ date +%C%y%m%d%H%M%S
+ REPORT_FILE_C=mptr425c_cmpforca_20260818151952.rpt
  REPORT_FILE_X=${JOBNAME}x_dup${REPORTSUFFIX}_$(date +'%C%y%m%d%H%M%S').rpt

+ date +%C%y%m%d%H%M%S
+ REPORT_FILE_X=mptr425x_dupforca_20260818151952.rpt
#----------------------------------------------------------------------------------------
(sqlplus -s << % 2>&1)
${MPTUSERID}
SET ECHO ON;
SET FEEDBACK ON;
SET VERIFY ON;
SET LINESIZE 80;
SET SERVEROUTPUT ON;
whenever sqlerror exit sql.sqlcode
    exec pkg_oem_ref_part_number_check.p_main_procedure(p_reformat_job                => '${REFORMATJOB}',      \
                                                        p_log_directory               => '${OBJ_LOGDIR}',       \
                                                        p_log_filename                => '${LOGFILE}',          \
                                                        p_input_directory             => '${OBJ_DATDIR}',       \
                                                        p_input_filename              => '${INPUT_FILENAME}',   \
                                                        p_report_directory            => '${OBJ_RPTDIR}',       \
                                                        p_report_file_mask            => '${REPORT_FILE_D}', \
                                                        p_report_file_comp            => '${REPORT_FILE_C}', \
                                                        p_report_file_dups            => '${REPORT_FILE_X}', \
                                                        p_format_part_supplier_number => '${FORMATOEM}',        \
                                                        p_format_country_abbr         => '${FORMATCTRY}',       \
                                                        p_debug_level                 => '${RACE_DEBUG_LEVEL}', \
                                                        p_dbms_profiler_flag          => '${RACE_DBMS_PROFILER_FLAG}');
QUIT;
%
+ sqlplus -s
+ 0<< \%
racejob/q1w2e3r4
SET ECHO ON;
SET FEEDBACK ON;
SET VERIFY ON;
SET LINESIZE 80;
SET SERVEROUTPUT ON;
whenever sqlerror exit sql.sqlcode
    exec pkg_oem_ref_part_number_check.p_main_procedure(p_reformat_job                => 'mptr425',                                                              p_log_directory               => 'RACE_OEM_LOG_DIR',                                                               p_log_filename                => 'mptr425_20260818151631.log',                                                                  p_input_directory             => 'RACE_OEM_DAT_DIR',                                                               p_input_filename              => 'mptr425_ref_for_ca.dat.g02',                                                           p_report_directory            => 'RACE_OEM_RPT_DIR',                                                               p_report_file_mask            => 'mptr425d_edtforca_20260818151952.rpt',                                                         p_report_file_comp            => 'mptr425c_cmpforca_20260818151952.rpt',                                                         p_report_file_dups            => 'mptr425x_dupforca_20260818151952.rpt',                                                         p_format_part_supplier_number => '002',                                                                p_format_country_abbr         => 'US',                                                               p_debug_level                 => '0',                                                         p_dbms_profiler_flag          => 'N');
QUIT;
%
2>& 1

PL/SQL procedure successfully completed.

#----------------------------------------------------------------------------------------


#STEP Step271R
  export STEPNAME=Step271R
+ STEPNAME=Step271R
+ export STEPNAME
  echo "\n\nSTART ---> ${PROCNAME} ${STEPNAME}" $(date +'%m/%d/%y %H:%M:%S')  " <--- START\n\n"
+ date '+%m/%d/%y %H:%M:%S'
+ echo '\n\nSTART ---> mptr425_oem_ref_trans_check_and_split Step271R' 08/18/26 15:20:48 ' <--- START\n\n'
\n\nSTART ---> mptr425_oem_ref_trans_check_and_split Step271R 08/18/26 15:20:48  <--- START\n\n
  oem_job_status_update.ksh "R" "${STEPNAME} Report Distribution"
+ oem_job_status_update.ksh R 'Step271R Report Distribution'
  #**************************************************************************************
  #  Emails and Handles Retention for Report(s) created in previous step  
  #**************************************************************************************
    
  email_rpt.ksh "${JOBNAME}d" 
+ email_rpt.ksh mptr425d
RCS : email_rpt.ksh,v 1.7 2021/11/02 19:13:13 pg2697 Exp $
LATEST REPORT TO BE EMAILED: mptr425d_edtforca_20260818151952.txt from /mdev/race/oem/tmp.
  rpt_log_retention.ksh "${JOBNAME}d"  

+ rpt_log_retention.ksh mptr425d
\n Begin rpt_log_retention.ksh \n
Processing REPORTID=mptr425d

SQL*Plus: Release 19.0.0.0.0 - Production on Tue Aug 18 15:20:49 2026
Version 19.28.0.0.0

Copyright (c) 1982, 2025, Oracle.  All rights reserved.

Enter user-name: Last Successful login time: Tue Aug 18 2026 15:20:49 -07:00

Connected to:
Oracle Database 19c Enterprise Edition Release 19.0.0.0.0 - Production
Version 19.27.0.0.0

SQL> SQL> SQL> 
PL/SQL procedure successfully completed.

SQL> SQL> Disconnected from Oracle Database 19c Enterprise Edition Release 19.0.0.0.0 - Production
Version 19.27.0.0.0
\n End rpt_log_retention.ksh
  email_rpt.ksh "${JOBNAME}c"
+ email_rpt.ksh mptr425c
RCS : email_rpt.ksh,v 1.7 2021/11/02 19:13:13 pg2697 Exp $
LATEST REPORT TO BE EMAILED: mptr425c_cmpforca_20260818151952.txt from /mdev/race/oem/tmp.
  rpt_log_retention.ksh "${JOBNAME}c"  

+ rpt_log_retention.ksh mptr425c
\n Begin rpt_log_retention.ksh \n
Processing REPORTID=mptr425c

SQL*Plus: Release 19.0.0.0.0 - Production on Tue Aug 18 15:20:49 2026
Version 19.28.0.0.0

Copyright (c) 1982, 2025, Oracle.  All rights reserved.

Enter user-name: Last Successful login time: Tue Aug 18 2026 15:20:49 -07:00

Connected to:
Oracle Database 19c Enterprise Edition Release 19.0.0.0.0 - Production
Version 19.27.0.0.0

SQL> SQL> SQL> 
PL/SQL procedure successfully completed.

SQL> SQL> Disconnected from Oracle Database 19c Enterprise Edition Release 19.0.0.0.0 - Production
Version 19.27.0.0.0
\n End rpt_log_retention.ksh
  email_rpt.ksh "${JOBNAME}x" 
+ email_rpt.ksh mptr425x
RCS : email_rpt.ksh,v 1.7 2021/11/02 19:13:13 pg2697 Exp $
LATEST REPORT TO BE EMAILED: mptr425x_dupforca_20260818151952.txt from /mdev/race/oem/tmp.
  rpt_log_retention.ksh "${JOBNAME}x"   

+ rpt_log_retention.ksh mptr425x
\n Begin rpt_log_retention.ksh \n
Processing REPORTID=mptr425x

SQL*Plus: Release 19.0.0.0.0 - Production on Tue Aug 18 15:20:49 2026
Version 19.28.0.0.0

Copyright (c) 1982, 2025, Oracle.  All rights reserved.

Enter user-name: Last Successful login time: Tue Aug 18 2026 15:20:49 -07:00

Connected to:
Oracle Database 19c Enterprise Edition Release 19.0.0.0.0 - Production
Version 19.27.0.0.0

SQL> SQL> SQL> 
PL/SQL procedure successfully completed.

SQL> SQL> Disconnected from Oracle Database 19c Enterprise Edition Release 19.0.0.0.0 - Production
Version 19.27.0.0.0
\n End rpt_log_retention.ksh
  
  
#STEP Step280R
  export STEPNAME=Step280R
+ STEPNAME=Step280R
+ export STEPNAME
  echo "\n\nSTART ---> ${PROCNAME} ${STEPNAME}" $(date +'%m/%d/%y %H:%M:%S')  " <--- START\n\n"
+ date '+%m/%d/%y %H:%M:%S'
+ echo '\n\nSTART ---> mptr425_oem_ref_trans_check_and_split Step280R' 08/18/26 15:20:50 ' <--- START\n\n'
\n\nSTART ---> mptr425_oem_ref_trans_check_and_split Step280R 08/18/26 15:20:50  <--- START\n\n
  oem_job_status_update.ksh "R" "${STEPNAME} pkg_oem_ref_actrans_preprocess"
+ oem_job_status_update.ksh R 'Step280R pkg_oem_ref_actrans_preprocess'
  #**************************************************************************************
  #  Program: pkg_oem_ref_actrans_preprocess
  #           Read old ACTRANS records and compare against the new Reformat records
  #           ACTRANS Old Part Numbers found in Reformat file are processed:
  #           Transaction type 'N' or 'P' --> drop ACTRANS
  #                            'A' or 'C' --> and new part number match rewrite ACTRANS
  #                                           otherwise, drop ACTRANS
  #                                   'D' --> rewrite ACTRANS
  #**************************************************************************************
  ACTRANS_FILEPATH=$(setgdg.ksh "${RACE}/dat/${UPDATEJOB}_actrans_${JOBFILE_OEMCTRY}.dat(0)")              
+ setgdg.ksh '/mdev/race/oem/dat/mptr426_actrans_for_ca.dat(0)'
ls: cannot access '/mdev/race/oem/dat/mptr426_actrans_for_ca.dat.g??': No such file or directory
+ ACTRANS_FILEPATH=/mdev/race/oem/dat/mptr426_actrans_for_ca.dat.g01
  INPUT_FILE_ACTRANS=$( basename ${ACTRANS_FILEPATH} )                               

+ basename /mdev/race/oem/dat/mptr426_actrans_for_ca.dat.g01
+ INPUT_FILE_ACTRANS=mptr426_actrans_for_ca.dat.g01
  INPUT_FILEPATH=$(setgdg.ksh "${RACE}/dat/${JOBNAME}_ref_${JOBFILE_OEMCTRY}.dat(0)")
+ setgdg.ksh '/mdev/race/oem/dat/mptr425_ref_for_ca.dat(0)'
+ INPUT_FILEPATH=/mdev/race/oem/dat/mptr425_ref_for_ca.dat.g02
  INPUT_FILE_REF=$( basename ${INPUT_FILEPATH} )     

+ basename /mdev/race/oem/dat/mptr425_ref_for_ca.dat.g02
+ INPUT_FILE_REF=mptr425_ref_for_ca.dat.g02
  OUTPUT_FILE_ACTRANS=${JOBNAME}_step280_actrans_${JOBFILE_OEMCTRY}.tmp

+ OUTPUT_FILE_ACTRANS=mptr425_step280_actrans_for_ca.tmp
  REPORT_FILE_COUNTS=${JOBNAME}t_act${REPORTSUFFIX}_$(date +'%C%y%m%d%H%M%S').rpt
+ date +%C%y%m%d%H%M%S
+ REPORT_FILE_COUNTS=mptr425t_actforca_20260818152050.rpt
 
  
#----------------------------------------------------------------------------------------
(sqlplus -s << % 2>&1)
${MPTUSERID}
SET ECHO ON;
SET FEEDBACK ON;
SET VERIFY ON;
SET LINESIZE 80;
SET SERVEROUTPUT ON;
whenever sqlerror exit sql.sqlcode
    exec pkg_oem_ref_actrans_preprocess.p_main_procedure(p_reformat_job        => '${REFORMATJOB}',         \
                                                         p_log_directory       => '${OBJ_LOGDIR}',          \
                                                         p_log_filename        => '${LOGFILE}',             \
                                                         p_input_directory     => '${OBJ_DATDIR}',          \
                                                         p_input_file_ref      => '${INPUT_FILE_REF}',      \
                                                         p_input_file_actrans  => '${INPUT_FILE_ACTRANS}',  \
                                                         p_output_directory    => '${OBJ_TMPDIR}',          \
                                                         p_output_file_actrans => '${OUTPUT_FILE_ACTRANS}', \
                                                         p_report_directory    => '${OBJ_RPTDIR}',          \
                                                         p_report_file_counts  => '${REPORT_FILE_COUNTS}',  \
                                                         p_debug_level         => '${RACE_DEBUG_LEVEL}',    \
                                                         p_dbms_profiler_flag  => '${RACE_DBMS_PROFILER_FLAG}');
QUIT;
%
+ sqlplus -s
+ 0<< \%
racejob/q1w2e3r4
SET ECHO ON;
SET FEEDBACK ON;
SET VERIFY ON;
SET LINESIZE 80;
SET SERVEROUTPUT ON;
whenever sqlerror exit sql.sqlcode
    exec pkg_oem_ref_actrans_preprocess.p_main_procedure(p_reformat_job        => 'mptr425',                                                                  p_log_directory       => 'RACE_OEM_LOG_DIR',                                                                   p_log_filename        => 'mptr425_20260818151631.log',                                                                      p_input_directory     => 'RACE_OEM_DAT_DIR',                                                                   p_input_file_ref      => 'mptr425_ref_for_ca.dat.g02',                                                               p_input_file_actrans  => 'mptr426_actrans_for_ca.dat.g01',                                                           p_output_directory    => 'RACE_OEM_TMP_DIR',                                                                   p_output_file_actrans => 'mptr425_step280_actrans_for_ca.tmp',                                                          p_report_directory    => 'RACE_OEM_RPT_DIR',                                                                   p_report_file_counts  => 'mptr425t_actforca_20260818152050.rpt',                                                           p_debug_level         => '0',                                                             p_dbms_profiler_flag  => 'N');
QUIT;
%
2>& 1
BEGIN pkg_oem_ref_actrans_preprocess.p_main_procedure(p_reformat_job	    => 'mptr425',								   p_log_directory	 => 'RACE_OEM_LOG_DIR', 								  p_log_filename	=> 'mptr425_20260818151631.log',								      p_input_directory     => 'RACE_OEM_DAT_DIR',								     p_input_file_ref	   => 'mptr425_ref_for_ca.dat.g02',								  p_input_file_actrans	=> 'mptr426_actrans_for_ca.dat.g01',							       p_output_directory    => 'RACE_OEM_TMP_DIR',								      p_output_file_actrans => 'mptr425_step280_actrans_for_ca.tmp',							      p_report_directory    => 'RACE_OEM_RPT_DIR',								     p_report_file_counts  => 'mptr425t_actforca_20260818152050.rpt',								p_debug_level	      => '0',								  p_dbms_profiler_flag	=> 'N'); END;

*
ERROR at line 1:
ORA-20999: ABEND! Contact On-call Programmer
ORA-06512: at "RACE.PKG_COMMON_UTILITIES", line 490
ORA-06512: at "RACE.PKG_OEM_REF_ACTRANS_PREPROCESS", line 668
ORA-06512: at line 1


oem_abndalrt.ksh $?+ oem_abndalrt.ksh 7
\n\n*** Begin oem_abndalrt.ksh ***\n\n
}
_=*1536736*/bin/env
abin=/mdev/race/altp/bin
ACT_LVL=mdev
adat=/mdev/race/altp/dat
adoc=/mdev/race/altp/doc
alog=/mdev/race/altp/log
APPSYS=oem
aprm=/mdev/race/altp/prm
arpt=/mdev/race/altp/rpt
asrc=/mdev/race/altp/src
_AST_FEATURES=UNIVERSE - ucb
atmp=/mdev/race/altp/tmp
A__z="*SHLVL="*TMOUT
BASH_FUNC_which%%=() {  ( alias;
cbin=/mdev/race/ceg/bin
cdat=/mdev/race/ceg/dat
cdoc=/mdev/race/ceg/doc
CLASSPATH=.:/opt/rocketsoftware/VisualCOBOL/lib/mfcobolrts.jar:/opt/rocketsoftware/VisualCOBOL/lib/mfcobol.jar:/opt/rocketsoftware/VisualCOBOL/lib/mfsqljvm.jar:/opt/rocketsoftware/VisualCOBOL/lib/mfidmr.jar
clog=/mdev/race/ceg/log
COBCPY=/mdev/race/share/inc:/mdev/race/share/inc/rollback:/mdev/race/oem/inc:/mdev/race/oem/../share/inc:/opt/rocketsoftware/VisualCOBOL/cpylib
COBDIR=/opt/rocketsoftware/VisualCOBOL
cprm=/mdev/race/ceg/prm
crpt=/mdev/race/ceg/rpt
csrc=/mdev/race/ceg/src
ctmp=/mdev/race/ceg/tmp
DBUS_SESSION_BUS_ADDRESS=unix:path=/run/user/1045776108/bus
DEBUGINFOD_IMA_CERT_PATH=/etc/keys/ima:
DUPLICATE_PARTS_EXPECTED_FLAG=Y
ebin=/mdev/race/ext/bin
edat=/mdev/race/ext/dat
edoc=/mdev/race/ext/doc
elog=/mdev/race/ext/log
ENV=/mdev/race/share/bin/racekshrc.ksh
eprm=/mdev/race/ext/prm
erpt=/mdev/race/ext/rpt
esrc=/mdev/race/ext/src
etmp=/mdev/race/ext/tmp
 eval ${which_declare} ) | /usr/bin/which --tty-only --read-alias --read-functions --show-tilde --show-dot $@
EXINIT=set ic
FORMATCTRY=US
FORMATOEM=002
FTP_BUSINESS_PATH=/ftp1/Business_Partners
FTP_MITCHELL_BUSINESS_PATH=/prod/data/ftp/Business_Partners/mitchell
FTP_SERVER=prod3nt.production.int
FTP_SFTP_USER=
FTP_SITE=ftp-ssh.mitchell.com
HISTCONTROL=ignoredups
HISTSIZE=1000
HOME=/home/corp.int/rj132422
HOSTNAME=dawapp7017l
JOBCTRY=CA
JOBFILE_OEMCTRY=for_ca
JOBLOGNAME=/mdev/race/oem/log/mptr425_20260818151631.log
JOBNAME=mptr425
JOBOEM=002
JOBOEMNAME=FOR
JOBPARM=zmpt426a
LANG=en_US.UTF-8
LD_LIBRARY_PATH=/opt/rocketsoftware/VisualCOBOL/lib:/u01/app/oracle/product/19.3.0/client64/lib:/opt/rocketsoftware/VisualCOBOL/lib:/u01/app/oracle/product/19.3.0/client64/lib:
LESSOPEN=||/usr/bin/lesspipe.sh %s
LIBPATH=/opt/rocketsoftware/VisualCOBOL/lib:/opt/rocketsoftware/VisualCOBOL/lib:/u01/app/oracle/product/19.3.0/client64/lib:
LOGDIR=/mdev/race/oem/log
LOG=/mdev/race/oem/tmp/mptr425_1535302.sqlout
LOGNAME=rj132422@corp.int
LS_COLORS=rs=0:di=01;34:ln=01;36:mh=00:pi=40;33:so=01;35:do=01;35:bd=40;33;01:cd=40;33;01:or=40;31;01:mi=01;37;41:su=37;41:sg=30;43:ca=30;41:tw=30;42:ow=34;42:st=37;44:ex=01;32:*.tar=01;31:*.tgz=01;31:*.arc=01;31:*.arj=01;31:*.taz=01;31:*.lha=01;31:*.lz4=01;31:*.lzh=01;31:*.lzma=01;31:*.tlz=01;31:*.txz=01;31:*.tzo=01;31:*.t7z=01;31:*.zip=01;31:*.z=01;31:*.dz=01;31:*.gz=01;31:*.lrz=01;31:*.lz=01;31:*.lzo=01;31:*.xz=01;31:*.zst=01;31:*.tzst=01;31:*.bz2=01;31:*.bz=01;31:*.tbz=01;31:*.tbz2=01;31:*.tz=01;31:*.deb=01;31:*.rpm=01;31:*.jar=01;31:*.war=01;31:*.ear=01;31:*.sar=01;31:*.rar=01;31:*.alz=01;31:*.ace=01;31:*.zoo=01;31:*.cpio=01;31:*.7z=01;31:*.rz=01;31:*.cab=01;31:*.wim=01;31:*.swm=01;31:*.dwm=01;31:*.esd=01;31:*.jpg=01;35:*.jpeg=01;35:*.mjpg=01;35:*.mjpeg=01;35:*.gif=01;35:*.bmp=01;35:*.pbm=01;35:*.pgm=01;35:*.ppm=01;35:*.tga=01;35:*.xbm=01;35:*.xpm=01;35:*.tif=01;35:*.tiff=01;35:*.png=01;35:*.svg=01;35:*.svgz=01;35:*.mng=01;35:*.pcx=01;35:*.mov=01;35:*.mpg=01;35:*.mpeg=01;35:*.m2v=01;35:*.mkv=01;35:*.webm=01;35:*.webp=01;35:*.ogm=01;35:*.mp4=01;35:*.m4v=01;35:*.mp4v=01;35:*.vob=01;35:*.qt=01;35:*.nuv=01;35:*.wmv=01;35:*.asf=01;35:*.rm=01;35:*.rmvb=01;35:*.flc=01;35:*.avi=01;35:*.fli=01;35:*.flv=01;35:*.gl=01;35:*.dl=01;35:*.xcf=01;35:*.xwd=01;35:*.yuv=01;35:*.cgm=01;35:*.emf=01;35:*.ogv=01;35:*.ogx=01;35:*.aac=01;36:*.au=01;36:*.flac=01;36:*.m4a=01;36:*.mid=01;36:*.midi=01;36:*.mka=01;36:*.mp3=01;36:*.mpc=01;36:*.ogg=01;36:*.ra=01;36:*.wav=01;36:*.oga=01;36:*.opus=01;36:*.spx=01;36:*.xspf=01;36:
MAIL=/var/spool/mail/rj132422@corp.int
MANPATH=:usr/share/man:/mdev/race/share/doc/man:/opt/freeware/man
MFConnect=
MOTD_SHOWN=pam
NOVELL=mdev/
obin=/mdev/race/oem/bin
OBJ_DATDIR=RACE_OEM_DAT_DIR
OBJ_LOGDIR=RACE_OEM_LOG_DIR
OBJ_PRMDIR=RACE_OEM_PRM_DIR
OBJ_RPTDIR=RACE_OEM_RPT_DIR
OBJ_TMPDIR=RACE_OEM_TMP_DIR
OBSOLETE_JOB_FLAG=N
odat=/mdev/race/oem/dat
odoc=/mdev/race/oem/doc
OEMABBRLOWER=for
olog=/mdev/race/oem/log
oprm=/mdev/race/oem/prm
ORACLE_BASE=/u01/app/oracle
ORACLE_HOME=/u01/app/oracle/product/19.3.0/client64
ORACLE_SID=RADD.MITCHELL.COM
orpt=/mdev/race/oem/rpt
osrc=/mdev/race/oem/src
otmp=/mdev/race/oem/tmp
PACKAGE_NAME_1=pkg_oem_ref_010
PACKAGE_NAME_2=
PATH=/home/corp.int/rj132422:/opt/rocketsoftware/VisualCOBOL/bin:/u01/app/oracle/product/19.3.0/client64/bin:/mdev/race/share/bin:/mdev/race/oem/bin:/usr/lib/oracle/23/client64/bin:/etc:/root/.local/bin:/root/bin:/sbin:/bin:/usr/sbin:/usr/bin:/mdev/util/share/bin:/opt/microfocus/cobol/bin:/usr/local/bin:/stage/race/share/bin:/stage/race/oem/bin:/mdev/race/oem/bin:/stage/race/oem/bin
PREPROCESS_SCRIPT_NAME=
PROCNAME=mptr425_oem_ref_trans_check_and_split
PRODHOST=PRODHOSTgoesHERE
PWD=/home/corp.int/rj132422
qbin=/mdev/race/qrp/bin
qdat=/mdev/race/qrp/dat
qdoc=/mdev/race/qrp/doc
qlog=/mdev/race/qrp/log
qprm=/mdev/race/qrp/prm
qrpt=/mdev/race/qrp/rpt
qsrc=/mdev/race/qrp/src
qtmp=/mdev/race/qrp/tmp
RACE_DBMS_PROFILER_FLAG=N
RACE_DEBUG_LEVEL=0
RACE=/mdev/race/oem
RCSDIR=race:/prod/race
RCSHOST=race
REFORMAT_BUILDS_RTRANS_FLAG=N
REFORMATJOB=mptr425
REPORTSUFFIX=forca
RESTART=
RESTART_FILE_SEQUENCE=
REVERSE_SUPER_JOBPARM=mpt426e
sbin=/mdev/race/share/bin
S_COLORS=auto
sdat=/mdev/race/share/dat
sdoc=/mdev/race/share/doc
SELINUX_LEVEL_REQUESTED=
SELINUX_ROLE_REQUESTED=
SELINUX_USE_CURRENT_RANGE=
SHELL=/bin/ksh
SHLVL=5
sinc=/mdev/race/share/inc
slib=/mdev/race/share/lib
slog=/mdev/race/share/log
sort_type=tcd_old_part_new_part
sprm=/mdev/race/share/prm
SQLPATH=/home/rj132422
srpt=/mdev/race/share/rpt
SSH_CLIENT=::1 38828 22
SSH_CONNECTION=::1 38828 ::1 22
SSH_TTY=/dev/pts/0
ssrc=/mdev/race/share/src
stage_abin=/stage/race/altp/bin
stage_aprm=/stage/race/altp/prm
stage_asrc=/stage/race/altp/src
stage_cbin=/stage/race/ceg/bin
stage_cprm=/stage/race/ceg/prm
stage_csrc=/stage/race/ceg/src
stage_obin=/stage/race/oem/bin
stage_oprm=/stage/race/oem/prm
stage_osrc=/stage/race/oem/src
stage_qbin=/stage/race/qrp/bin
stage_qprm=/stage/race/qrp/prm
stage_qsrc=/stage/race/qrp/src
stage_sbin=/stage/race/share/bin
stage_sinc=/stage/race/share/inc
stage_slib=/stage/race/share/lib
stage_sprm=/stage/race/share/prm
stage_ssrc=/stage/race/share/src
STAGE=/stage/race
STEPNAME=Step280R
stmp=/mdev/race/share/tmp
TERM=vt100
TESTHOST=dawapp7017l
THISHOST=dawapp7017l
TMOUT=28800
TNS_ADMIN=/u01/app/oracle/product/19.3.0/client64/network/admin
TWO_TASK=RADD.MITCHELL.COM
UPDATEJOB=mptr426
USER=rj132422@corp.int
which_declare=
WORKFILE=/mdev/race/oem/tmp/mptr425_oem_job.tmp
XDG_RUNTIME_DIR=/run/user/1045776108
XDG_SESSION_CLASS=user
XDG_SESSION_ID=287
XDG_SESSION_TYPE=tty

 !!  PRODUCTION JOB--CONDITION CODE ERROR  !!
 !!     REPORT TO PRODUCTION CONTROL       !!
   ** mptr425:mptr425_oem_ref_trans_check_and_split[Step280R] failed, rc = 7 **
\n\n***  End  oem_abndalrt.ksh ***\n\n
/stage/race/share/bin/exec_restart.ksh: line 94: 1536182: Killed
