    Start  mptr450   Mon Aug 24 01:33:50 PM PDT 2026
\n\n**********************************************************************************
Restart Step was NOT included in the job execution. Job will run from the beginning.
**********************************************************************************\n\n
\n\n**************************************************************************************************************
Calling:  oem_ref.ksh    Datetime: 08/24/26 13:33:50   Script: /tmp/mptr450_oem_ref.ksh_run
**************************************************************************************************************\n\n
RCS : oem_ref.ksh,v 1.39 2024/01/17 23:23:23 pg2697 Exp $
+ print ProcessId '=' 674048
ProcessId = 674048
+ trap 'oem_abndalrt.ksh $?' err
+ basename /tmp/mptr450_oem_ref.ksh_run .ksh_run
+ PROCNAME=mptr450_oem_ref
+ export PROCNAME
+ cat /prod/race/oem/prm/zmptpass.prm
+ MPTUSERID=racejob/q1w2e3r4
+ export MPTUSERID
+ basename /prod/race/oem/log/mptr450_20260824133350.log
+ LOGFILE=mptr450_20260824133350.log
+ export LOGFILE
+ echo '\n\n Build environment variables'
\n\n Build environment variables
+ . oem_job.ksh
+ echo 'RCS : oem_job.ksh,v 1.9 2026/08/07 19:34:48 rj132422 Exp $'
RCS : oem_job.ksh,v 1.9 2026/08/07 19:34:48 rj132422 Exp $
+ trap 'oem_abndalrt.ksh $?' err
+ cat /prod/race/oem/prm/zmptpass.prm
+ MPTUSERID=racejob/q1w2e3r4
+ basename /prod/race/oem/log/mptr450_20260824133350.log
+ LOGFILE=mptr450_20260824133350.log
+ REFORMATJOB=mptr450
+ UPDATEJOB=mptr450
+ WORKFILE=mptr450_oem_job.tmp
+ sqlplus -s
+ 0<< \%
racejob/q1w2e3r4
SET VERIFY OFF
SET FEEDBACK OFF
SET TAB OFF
SET LINESIZE 100
SET PAGES 0
SET TRIMSPOOL ON
whenever sqlerror exit sql.sqlcode
    exec pkg_oem_job.p_oem_job_sel_03(p_jobname       => 'mptr450',                                          p_tmp_directory => 'RACE_OEM_TMP_DIR',                                       p_tmp_filename  => 'mptr450_oem_job.tmp',                                         p_log_directory => 'RACE_OEM_TMP_DIR',                                       p_log_filename  => 'mptr450_20260824133350.db.log');
QUIT;
%
2>& 1
+ DB_LOG=/prod/race/oem/tmp/mptr450_20260824133350.db.log
+ [ -s /prod/race/oem/tmp/mptr450_20260824133350.db.log ]
+ cat /prod/race/oem/tmp/mptr450_20260824133350.db.log
+ 1>> /prod/race/oem/log/mptr450_20260824133350.log

mptr450,mptr451,035,CA,MAZ,maz,zmpt451a,035,CA,maz_ca,mazca,mpt451e,pkg_oem_ref_021,,N,N,N,oem_ref_mptr450_maz_merge.ksh,U,Y,

+ rm /prod/race/oem/tmp/mptr450_20260824133350.db.log
+ WORKFILE=/prod/race/oem/tmp/mptr450_oem_job.tmp
+ export WORKFILE
+ cut -f1 -d,
+ cat /prod/race/oem/tmp/mptr450_oem_job.tmp
+ REFORMATJOB=mptr450
+ export REFORMATJOB
+ [ -z mptr450 ]
+ cut -f2 -d,
+ cat /prod/race/oem/tmp/mptr450_oem_job.tmp
+ UPDATEJOB=mptr451
+ export UPDATEJOB
+ cut -f3 -d,
+ cat /prod/race/oem/tmp/mptr450_oem_job.tmp
+ JOBOEM=035
+ export JOBOEM
+ cat /prod/race/oem/tmp/mptr450_oem_job.tmp
+ cut -f4 -d,
+ JOBCTRY=CA
+ export JOBCTRY
+ cat /prod/race/oem/tmp/mptr450_oem_job.tmp
+ cut -f5 -d,
+ JOBOEMNAME=MAZ
+ export JOBOEMNAME
+ cat /prod/race/oem/tmp/mptr450_oem_job.tmp
+ cut -f6 -d,
+ OEMABBRLOWER=maz
+ export OEMABBRLOWER
+ cut -f7 -d,
+ cat /prod/race/oem/tmp/mptr450_oem_job.tmp
+ JOBPARM=zmpt451a
+ export JOBPARM
+ cut -f8 -d,
+ cat /prod/race/oem/tmp/mptr450_oem_job.tmp
+ FORMATOEM=035
+ export FORMATOEM
+ cat /prod/race/oem/tmp/mptr450_oem_job.tmp
+ cut -f9 -d,
+ FORMATCTRY=CA
+ export FORMATCTRY
+ cut -f10 -d,
+ cat /prod/race/oem/tmp/mptr450_oem_job.tmp
+ JOBFILE_OEMCTRY=maz_ca
+ export JOBFILE_OEMCTRY
+ cat /prod/race/oem/tmp/mptr450_oem_job.tmp
+ cut -f11 -d,
+ REPORTSUFFIX=mazca
+ export REPORTSUFFIX
+ cut -f12 -d,
+ cat /prod/race/oem/tmp/mptr450_oem_job.tmp
+ REVERSE_SUPER_JOBPARM=mpt451e
+ export REVERSE_SUPER_JOBPARM
+ cat /prod/race/oem/tmp/mptr450_oem_job.tmp
+ cut -f13 -d,
+ PACKAGE_NAME_1=pkg_oem_ref_021
+ export PACKAGE_NAME_1
+ cut -f14 -d,
+ cat /prod/race/oem/tmp/mptr450_oem_job.tmp
+ PACKAGE_NAME_2=''
+ export PACKAGE_NAME_2
+ cut -f15 -d,
+ cat /prod/race/oem/tmp/mptr450_oem_job.tmp
+ DUPLICATE_PARTS_EXPECTED_FLAG=N
+ export DUPLICATE_PARTS_EXPECTED_FLAG
+ cat /prod/race/oem/tmp/mptr450_oem_job.tmp
+ cut -f16 -d,
+ REFORMAT_BUILDS_RTRANS_FLAG=N
+ export REFORMAT_BUILDS_RTRANS_FLAG
+ cat /prod/race/oem/tmp/mptr450_oem_job.tmp
+ cut -f17 -d,
+ OBSOLETE_JOB_FLAG=N
+ export OBSOLETE_JOB_FLAG
+ cut -f18 -d,
+ cat /prod/race/oem/tmp/mptr450_oem_job.tmp
+ PREPROCESS_SCRIPT_NAME=oem_ref_mptr450_maz_merge.ksh
+ export PREPROCESS_SCRIPT_NAME
+ sqlplus -s
+ 0<< \%
racejob/q1w2e3r4
SET VERIFY OFF
SET FEEDBACK OFF
SET TAB OFF
SET LINESIZE 100
SET PAGES 0
SET TRIMSPOOL ON
SET SERVEROUTPUT ON SIZE 1000000
whenever sqlerror exit sql.sqlcode
    exec pkg_oem_ref_utilities.p_check_gtmp_indexes(p_jobname       => 'mptr450',                                                           p_log_directory => 'RACE_OEM_TMP_DIR',                                                        p_log_filename  => 'mptr450_20260824133350.db.log',                                                           p_debug_level   => '0');
QUIT;
%
2>& 1
+ DB_LOG=/prod/race/oem/tmp/mptr450_20260824133350.db.log
+ [ -s /prod/race/oem/tmp/mptr450_20260824133350.db.log ]
+ cat /prod/race/oem/tmp/mptr450_20260824133350.db.log
+ 1>> /prod/race/oem/log/mptr450_20260824133350.log

Start mptr450 pkg_oem_ref_utilities.p_check_gtmp_indexes


 End  mptr450 pkg_oem_ref_utilities.p_check_gtmp_indexes
+ rm /prod/race/oem/tmp/mptr450_20260824133350.db.log
+ . oem_job_notify.ksh
+ echo 'RCS : oem_job_notify.ksh,v 1.2 2008/10/09 22:17:44 jw97143 Exp $'
RCS : oem_job_notify.ksh,v 1.2 2008/10/09 22:17:44 jw97143 Exp $
+ trap 'oem_abndalrt.ksh $?' err
+ cat /prod/race/oem/prm/zmptpass.prm
+ MPTUSERID=racejob/q1w2e3r4
+ basename /prod/race/oem/log/mptr450_20260824133350.log
+ LOGFILE=mptr450_20260824133350.log
+ WORKFILE=mptr450_oem_job_notify.tmp
+ sqlplus -s
+ 0<< \%
racejob/q1w2e3r4
SET VERIFY OFF
SET FEEDBACK OFF
SET TAB OFF
SET LINESIZE 100
SET PAGES 0
SET TRIMSPOOL ON
whenever sqlerror exit sql.sqlcode
    exec pkg_oem_job_notify.p_oem_job_notify_sel_01(p_job  =>          'mptr450',                                                        p_tmp_directory => 'RACE_OEM_TMP_DIR',                                                     p_tmp_filename  => 'mptr450_oem_job_notify.tmp',                                                       p_log_directory => 'RACE_OEM_LOG_DIR',                                                     p_log_filename  => 'mptr450_20260824133350.log');
QUIT;
%
2>& 1
+ WORKFILE=/prod/race/oem/tmp/mptr450_oem_job_notify.tmp
+ cat /prod/race/oem/tmp/mptr450_oem_job_notify.tmp
+ cut -f2 -d^
+ SEND_EMAIL_FLAG=''
+ cut -f3 -d^
+ cat /prod/race/oem/tmp/mptr450_oem_job_notify.tmp
+ EMAIL_ADDRESS_LIST=''
+ cut -f4 -d^
+ cat /prod/race/oem/tmp/mptr450_oem_job_notify.tmp
+ EMAIL_BODY=''
+ cut -f5 -d^
+ cat /prod/race/oem/tmp/mptr450_oem_job_notify.tmp
+ RESET_SEND_EMAIL_FLAG=''
+ [ -z '' ]
+ echo 'Notification NOT Required'
Notification NOT Required
+ echo ' '
 
+ . oem_job_datafile.ksh
+ echo 'RCS : oem_job_datafile.ksh,v 1.9 2026/08/07 19:35:00 rj132422 Exp $'
RCS : oem_job_datafile.ksh,v 1.9 2026/08/07 19:35:00 rj132422 Exp $
+ trap 'oem_abndalrt.ksh $?' err
+ cat /prod/race/oem/prm/zmptpass.prm
+ MPTUSERID=racejob/q1w2e3r4
+ basename /prod/race/oem/log/mptr450_20260824133350.log
+ LOGFILE=mptr450_20260824133350.log
+ WORKFILE=mptr450_oem_job_datafile.tmp
+ sqlplus -s
+ 0<< \%
racejob/q1w2e3r4
SET VERIFY OFF
SET FEEDBACK OFF
SET TAB OFF
SET LINESIZE 100
SET PAGES 0
SET TRIMSPOOL ON
whenever sqlerror exit sql.sqlcode
    exec pkg_oem_job_datafile.p_oem_job_datafile_sel_04(p_reformat_job  => 'mptr450',                                                         p_tmp_directory => 'RACE_OEM_TMP_DIR',                                                          p_tmp_filename  => 'mptr450_oem_job_datafile.tmp',                                                            p_log_directory => 'RACE_OEM_TMP_DIR',                                                          p_log_filename  => 'mptr450_20260824133350.db.log');
QUIT;
%
2>& 1
+ DB_LOG=RACE_OEM_TMP_DIR/mptr450_20260824133350.db.log
+ [ -s RACE_OEM_TMP_DIR/mptr450_20260824133350.db.log ]
+ WORKFILE=/prod/race/oem/tmp/mptr450_oem_job_datafile.tmp
+ export WORKFILE
+ STEPNAME=Step010R
+ export STEPNAME
+ date '+%m/%d/%y %H:%M:%S'
+ echo '\n\n START ---> mptr450_oem_ref Step010R - Locate and transfer ALL Input Files - ' 08/24/26 13:33:51 ' <--- START\n\n'
\n\n START ---> mptr450_oem_ref Step010R - Locate and transfer ALL Input Files -  08/24/26 13:33:51  <--- START\n\n
+ oem_job_status_update.ksh R 'Step010R oem_job_datafile_prep.ksh'
+ FILE_SEQUENCE=1
+ export FILE_SEQUENCE
+ [ '' '=' Step010R ]
+ true
+ sed -n -e 1p
+ cut -f2 -d^
+ 0< /prod/race/oem/tmp/mptr450_oem_job_datafile.tmp
+ INPUT_FILE_NAME=PriceA.zip
+ export INPUT_FILE_NAME
+ [ -z PriceA.zip ]
+ sed -n -e 1p
+ cut -f3 -d^
+ 0< /prod/race/oem/tmp/mptr450_oem_job_datafile.tmp
+ XTAB_FILE_NAME=mptr450_xtab_oem_ref_mptr450_maz_raw.dat
+ export XTAB_FILE_NAME
+ sed -n -e 1p
+ cut -f4 -d^
+ 0< /prod/race/oem/tmp/mptr450_oem_job_datafile.tmp
+ XTAB_TABLE_NAME=xtab_oem_ref_mptr450_maz
+ export XTAB_TABLE_NAME
+ sed -n -e 1p
+ cut -f5 -d^
+ 0< /prod/race/oem/tmp/mptr450_oem_job_datafile.tmp
+ FTP_PROGRAM_NAME=''
+ export FTP_PROGRAM_NAME
+ sed -n -e 1p
+ cut -f6 -d^
+ 0< /prod/race/oem/tmp/mptr450_oem_job_datafile.tmp
+ FTP_LOCATION_CODE=M
+ export FTP_LOCATION_CODE
+ sed -n -e 1p
+ cut -f7 -d^
+ 0< /prod/race/oem/tmp/mptr450_oem_job_datafile.tmp
+ FORMAT_INDICATOR=A
+ export FORMAT_INDICATOR
+ sed -n -e 1p
+ cut -f8 -d^
+ 0< /prod/race/oem/tmp/mptr450_oem_job_datafile.tmp
+ SOURCE_FIELD_DELIMITER='|'
+ export SOURCE_FIELD_DELIMITER
+ sed -n -e 1p
+ cut -f9 -d^
+ 0< /prod/race/oem/tmp/mptr450_oem_job_datafile.tmp
+ TARGET_FIELD_SIZE=''
+ export TARGET_FIELD_SIZE
+ sed -n -e 1p
+ cut -f10 -d^
+ 0< /prod/race/oem/tmp/mptr450_oem_job_datafile.tmp
+ BACKUP_SOURCE_FILE_NAME=mptr450_araw_maz_ca.dat
+ export BACKUP_SOURCE_FILE_NAME
+ sed -n -e 1p
+ cut -f11 -d^
+ 0< /prod/race/oem/tmp/mptr450_oem_job_datafile.tmp
+ FTP_SOURCE_FILE_NAME=''
+ export FTP_SOURCE_FILE_NAME
+ eval FTP_SOURCE_FILE_NAME=
+ FTP_SOURCE_FILE_NAME=''
+ sed -n -e 1p
+ cut -f14 -d^
+ 0< /prod/race/oem/tmp/mptr450_oem_job_datafile.tmp
+ FTP_PARM_FILE_NAME=''
+ export FTP_PARM_FILE_NAME
+ sed -n -e 1p
+ cut -f16 -d^
+ 0< /prod/race/oem/tmp/mptr450_oem_job_datafile.tmp
+ ENCODING_CHARSET=''
+ export ENCODING_CHARSET
+ . oem_job_datafile_prep.ksh
+ echo '\n*** Begin oem_job_datafile_prep.ksh PriceA.zip ***\n'
\n*** Begin oem_job_datafile_prep.ksh PriceA.zip ***\n
+ trap 'oem_abndalrt.ksh $?' err
+ STEP010_FILEOUT=/prod/race/oem/dat/mptr450_araw_maz_ca.dat
+ [ ! -z '' ]
+ echo PriceA.zip
+ awk -F . '{ print $NF }'
+ [[ zip = 'dat(0)' ]]
+ INPUT_FILE_NAME_EXPANDED=/prod/race/oem/dat/PriceA.zip
+ export INPUT_FILE_NAME_EXPANDED
+ [ -s /prod/race/oem/dat/PriceA.zip ]
+ [ M '=' M ]
+ echo '\n*** Option 3 Input File /prod/race/oem/dat/PriceA.zip is on the Mitchell FTP Site.\n'
\n*** Option 3 Input File /prod/race/oem/dat/PriceA.zip is on the Mitchell FTP Site.\n
+ . oem_job_process_mitchell_ftp_file.ksh GETIT
+ echo '\n\n*** Begin oem_job_process_mitchell_ftp_file.ksh PriceA.zip ***\n\n'
\n\n*** Begin oem_job_process_mitchell_ftp_file.ksh PriceA.zip ***\n\n
+ trap 'oem_abndalrt.ksh $?' err
+ FILE_ACTION=GETIT
+ [ 1 -lt 1 ]
+ [ CA '=' PR ]
+ FTPSITE_DIRECTORY=/ftp1/Business_Partners/maz_ca/prod/incoming
+ [ GETIT '=' GETMIT ]
+ echo '\nDoes the input file name contain a wildcard?\n'
\nDoes the input file name contain a wildcard?\n
+ expr PriceA.zip : '.*[?*]'
0
+ FTP_FILELIST=/prod/race/oem/tmp/mptr450_PriceA.zip_ftplist.tmp
+ ssh -nq race_b1@ftp-ssh.mitchell.com 'ls -1 /ftp1/Business_Partners/maz_ca/prod/incoming/*.*'
+ 1> /prod/race/oem/tmp/mptr450_PriceA.zip_ftplist.tmp
+ RECORD_NUMBER=1
+ true
+ sed -n -e 1p
+ cut -f1
+ 0< /prod/race/oem/tmp/mptr450_PriceA.zip_ftplist.tmp
+ WORK_FTP_DIR_FILE_NAME=/ftp1/Business_Partners/maz_ca/prod/incoming/PRICEA.zip
+ [ -z /ftp1/Business_Partners/maz_ca/prod/incoming/PRICEA.zip ]
+ basename /ftp1/Business_Partners/maz_ca/prod/incoming/PRICEA.zip
+ WORK_FTP_XFR_FILE_NAME=PRICEA.zip
+ echo PRICEA.zip
+ sed '/.*/y/ABCDEFGHIJKLMNOPQRSTUVWXYZ/abcdefghijklmnopqrstuvwxyz/'
+ WORK_FTP_XFR_FILE_NAME_LOWER=pricea.zip
+ WORK_INP_FILE_NAME=PriceA.zip
+ echo PriceA.zip
+ sed '/.*/y/ABCDEFGHIJKLMNOPQRSTUVWXYZ/abcdefghijklmnopqrstuvwxyz/'
+ WORK_INP_FILE_NAME_LOWER=pricea.zip
+ [ pricea.zip '=' pricea.zip ]
+ INPUT_FILE_NAME=PRICEA.zip
+ export INPUT_FILE_NAME
+ break
+ [ GETIT '=' GETIT ]
+ [ PRICEA.zip '=' PRICEA.zip ]
+ FTP_XFR_FILE_NAME=/prod/race/oem/tmp/mptr450_PRICEA.zip
+ rm -f /prod/race/oem/tmp/mptr450_PRICEA.zip
+ echo '\nPreparing to scp file to /prod/race/oem/tmp/mptr450_PRICEA.zip\n'
\nPreparing to scp file to /prod/race/oem/tmp/mptr450_PRICEA.zip\n
+ scp race_b1@ftp-ssh.mitchell.com:/ftp1/Business_Partners/maz_ca/prod/incoming/PRICEA.zip /prod/race/oem/tmp/mptr450_PRICEA.zip
Warning: Permanently added 'ftp-ssh.mitchell.com' (ED25519) to the list of known hosts.

This system is for AUTHORIZED USERS ONLY.  
Individual use of this computer and/or network without authority, or in excess 
of your authority, is strictly prohibited.  Monitoring of transmissions or 
transactional information may be conducted to ensure the proper functioning 
and security of system resources.  Anyone using this system expressly consents 
to such monitoring and is advised that if such monitoring reveals possible 
criminal activity or policy violation, system personnel may provide evidence
of such monitoring to law enforcement or to other senior officials for 
disciplinary action.

+ [ ! -s /prod/race/oem/tmp/mptr450_PRICEA.zip ]
+ echo '\nInput file pulled from Mitchell FTP Site is good\n'
\nInput file pulled from Mitchell FTP Site is good\n
+ echo PRICEA.zip
+ awk -F . '{ print $NF }'
+ [[ zip = g01 ]]
+ echo PRICEA.zip
+ awk -F . '{ print $NF }'
+ FILE_SUFFIX=.zip
+ export FILE_SUFFIX
+ echo '\nFILE_SUFFIX: .zip\n'
\nFILE_SUFFIX: .zip\n
+ [[ .zip = .zip ]]
+ echo 'gunzip -c /prod/race/oem/tmp/mptr450_PRICEA.zip > /prod/race/oem/dat/mptr450_araw_maz_ca.dat'
gunzip -c /prod/race/oem/tmp/mptr450_PRICEA.zip > /prod/race/oem/dat/mptr450_araw_maz_ca.dat
+ gunzip -c /prod/race/oem/tmp/mptr450_PRICEA.zip
+ 1> /prod/race/oem/dat/mptr450_araw_maz_ca.dat
+ awk ' {print $1}'
+ wc -c /prod/race/oem/dat/mptr450_araw_maz_ca.dat
+ RECCNT1=107091575
+ [ 107091575 '=' 0 ]
+ echo $'\\nCopied or gunzip\'d file /prod/race/oem/dat/mptr450_araw_maz_ca.dat is good\\n'
\nCopied or gunzip'd file /prod/race/oem/dat/mptr450_araw_maz_ca.dat is good\n
+ [ GETIT '=' BACKUP ]
+ expr 1 + 1
+ FILE_SEQUENCE=2
+ true
+ sed -n -e 2p
+ cut -f2 -d^
+ 0< /prod/race/oem/tmp/mptr450_oem_job_datafile.tmp
+ INPUT_FILE_NAME=''
+ export INPUT_FILE_NAME
+ [ -z '' ]
+ break
+ STEPNAME=Step020R
+ export STEPNAME
+ date '+%m/%d/%y %H:%M:%S'
+ echo '\n\n START ---> mptr450_oem_ref Step020R - ASCII Cleanup - ' 08/24/26 13:33:57 ' <--- START\n\n'
\n\n START ---> mptr450_oem_ref Step020R - ASCII Cleanup -  08/24/26 13:33:57  <--- START\n\n
+ oem_job_status_update.ksh R 'Step020R ASCII Cleanup'
+ FILE_SEQUENCE=1
+ export FILE_SEQUENCE
+ [ '' '=' Step020R ]
+ true
+ sed -n -e 1p
+ cut -f2 -d^
+ 0< /prod/race/oem/tmp/mptr450_oem_job_datafile.tmp
+ INPUT_FILE_NAME=PriceA.zip
+ export INPUT_FILE_NAME
+ [ -z PriceA.zip ]
+ sed -n -e 1p
+ cut -f3 -d^
+ 0< /prod/race/oem/tmp/mptr450_oem_job_datafile.tmp
+ XTAB_FILE_NAME=mptr450_xtab_oem_ref_mptr450_maz_raw.dat
+ export XTAB_FILE_NAME
+ sed -n -e 1p
+ cut -f4 -d^
+ 0< /prod/race/oem/tmp/mptr450_oem_job_datafile.tmp
+ XTAB_TABLE_NAME=xtab_oem_ref_mptr450_maz
+ export XTAB_TABLE_NAME
+ sed -n -e 1p
+ cut -f5 -d^
+ 0< /prod/race/oem/tmp/mptr450_oem_job_datafile.tmp
+ FTP_PROGRAM_NAME=''
+ export FTP_PROGRAM_NAME
+ sed -n -e 1p
+ cut -f6 -d^
+ 0< /prod/race/oem/tmp/mptr450_oem_job_datafile.tmp
+ FTP_LOCATION_CODE=M
+ export FTP_LOCATION_CODE
+ sed -n -e 1p
+ cut -f7 -d^
+ 0< /prod/race/oem/tmp/mptr450_oem_job_datafile.tmp
+ FORMAT_INDICATOR=A
+ export FORMAT_INDICATOR
+ sed -n -e 1p
+ cut -f8 -d^
+ 0< /prod/race/oem/tmp/mptr450_oem_job_datafile.tmp
+ SOURCE_FIELD_DELIMITER='|'
+ export SOURCE_FIELD_DELIMITER
+ sed -n -e 1p
+ cut -f9 -d^
+ 0< /prod/race/oem/tmp/mptr450_oem_job_datafile.tmp
+ TARGET_FIELD_SIZE=''
+ export TARGET_FIELD_SIZE
+ sed -n -e 1p
+ cut -f10 -d^
+ 0< /prod/race/oem/tmp/mptr450_oem_job_datafile.tmp
+ BACKUP_SOURCE_FILE_NAME=mptr450_araw_maz_ca.dat
+ export BACKUP_SOURCE_FILE_NAME
+ sed -n -e 1p
+ cut -f16 -d^
+ 0< /prod/race/oem/tmp/mptr450_oem_job_datafile.tmp
+ ENCODING_CHARSET=''
+ export ENCODING_CHARSET
+ STEP020_FILEIN=/prod/race/oem/dat/mptr450_araw_maz_ca.dat
+ export STEP020_FILEIN
+ STEP020_FILEOUT=/prod/race/oem/tmp/mptr450_step020_maz_ca_file_1.tmp
+ export STEP020_FILEOUT
+ STEP020_FILEIN_CONV=/prod/race/oem/dat/mptr450_araw_maz_ca_conv.dat
+ export STEP020_FILEIN_CONV
+ STEP020_FILETMP=/prod/race/oem/tmp/mptr450_step020_maz_ca_filetmp_1.tmp
+ export STEP020_FILETMP
+ echo '\n\n Input File:  /prod/race/oem/dat/mptr450_araw_maz_ca.dat'
\n\n Input File:  /prod/race/oem/dat/mptr450_araw_maz_ca.dat
+ echo '\n\n Output File: /prod/race/oem/tmp/mptr450_step020_maz_ca_file_1.tmp'
\n\n Output File: /prod/race/oem/tmp/mptr450_step020_maz_ca_file_1.tmp
+ [ A '=' A ]
+ [ ! -z '' ]
+ echo '\n\n Running ascii_cleanup.ksh /prod/race/oem/dat/mptr450_araw_maz_ca.dat /prod/race/oem/tmp/mptr450_step020_maz_ca_file_1.tmp /prod/race/oem/tmp/mptr450_step020_maz_ca_filetmp_1.tmp'
\n\n Running ascii_cleanup.ksh /prod/race/oem/dat/mptr450_araw_maz_ca.dat /prod/race/oem/tmp/mptr450_step020_maz_ca_file_1.tmp /prod/race/oem/tmp/mptr450_step020_maz_ca_filetmp_1.tmp
+ ascii_cleanup.ksh /prod/race/oem/dat/mptr450_araw_maz_ca.dat /prod/race/oem/tmp/mptr450_step020_maz_ca_file_1.tmp /prod/race/oem/tmp/mptr450_step020_maz_ca_filetmp_1.tmp
: ascii_cleanup.ksh,v 1.5 2020/02/21 19:47:23 sg107540 Exp $
\n*-*-*-*-*-*-*-*-*-*-*-*-*-*-*-*-*-*-*-*-*-*-*-*-*-*-*-*-*-*-*-*-*-*-*-*-*-*-*-*-*-*-*
Starting ascii_cleanup.ksh\n
users@production.int = users@production.int
FILESIZE OK
\nExiting ascii_cleanup.ksh
*-*-*-*-*-*-*-*-*-*-*-*-*-*-*-*-*-*-*-*-*-*-*-*-*-*-*-*-*-*-*-*-*-*-*-*-*-*-*-*-*-*-*\n
+ expr 1 + 1
+ FILE_SEQUENCE=2
+ true
+ sed -n -e 2p
+ cut -f2 -d^
+ 0< /prod/race/oem/tmp/mptr450_oem_job_datafile.tmp
+ INPUT_FILE_NAME=''
+ export INPUT_FILE_NAME
+ [ -z '' ]
+ break
+ STEPNAME=Step030R
+ export STEPNAME
+ date '+%m/%d/%y %H:%M:%S'
+ echo '\n\nSTART ---> mptr450_oem_ref Step030R - delimit to fixed file conversion and xtab creation - ' 08/24/26 13:34:02 ' <--- START\n\n'
\n\nSTART ---> mptr450_oem_ref Step030R - delimit to fixed file conversion and xtab creation -  08/24/26 13:34:02  <--- START\n\n
+ oem_job_status_update.ksh R 'Step030R dlmt2fxd Process'
+ FILE_SEQUENCE=1
+ export FILE_SEQUENCE
+ [ '' '=' Step030R ]
+ true
+ sed -n -e 1p
+ cut -f2 -d^
+ 0< /prod/race/oem/tmp/mptr450_oem_job_datafile.tmp
+ INPUT_FILE_NAME=PriceA.zip
+ export INPUT_FILE_NAME
+ [ -z PriceA.zip ]
+ sed -n -e 1p
+ cut -f3 -d^
+ 0< /prod/race/oem/tmp/mptr450_oem_job_datafile.tmp
+ XTAB_FILE_NAME=mptr450_xtab_oem_ref_mptr450_maz_raw.dat
+ export XTAB_FILE_NAME
+ sed -n -e 1p
+ cut -f4 -d^
+ 0< /prod/race/oem/tmp/mptr450_oem_job_datafile.tmp
+ XTAB_TABLE_NAME=xtab_oem_ref_mptr450_maz
+ export XTAB_TABLE_NAME
+ sed -n -e 1p
+ cut -f5 -d^
+ 0< /prod/race/oem/tmp/mptr450_oem_job_datafile.tmp
+ FTP_PROGRAM_NAME=''
+ export FTP_PROGRAM_NAME
+ sed -n -e 1p
+ cut -f6 -d^
+ 0< /prod/race/oem/tmp/mptr450_oem_job_datafile.tmp
+ FTP_LOCATION_CODE=M
+ export FTP_LOCATION_CODE
+ sed -n -e 1p
+ cut -f7 -d^
+ 0< /prod/race/oem/tmp/mptr450_oem_job_datafile.tmp
+ FORMAT_INDICATOR=A
+ export FORMAT_INDICATOR
+ sed -n -e 1p
+ cut -f8 -d^
+ 0< /prod/race/oem/tmp/mptr450_oem_job_datafile.tmp
+ SOURCE_FIELD_DELIMITER='|'
+ export SOURCE_FIELD_DELIMITER
+ sed -n -e 1p
+ cut -f9 -d^
+ 0< /prod/race/oem/tmp/mptr450_oem_job_datafile.tmp
+ TARGET_FIELD_SIZE=''
+ export TARGET_FIELD_SIZE
+ sed -n -e 1p
+ cut -f10 -d^
+ 0< /prod/race/oem/tmp/mptr450_oem_job_datafile.tmp
+ BACKUP_SOURCE_FILE_NAME=mptr450_araw_maz_ca.dat
+ export BACKUP_SOURCE_FILE_NAME
+ sed -n -e 1p
+ cut -f11 -d^
+ 0< /prod/race/oem/tmp/mptr450_oem_job_datafile.tmp
+ FTP_SOURCE_FILE_NAME=''
+ export FTP_SOURCE_FILE_NAME
+ eval FTP_SOURCE_FILE_NAME=
+ FTP_SOURCE_FILE_NAME=''
+ sed -n -e 1p
+ cut -f12 -d^
+ 0< /prod/race/oem/tmp/mptr450_oem_job_datafile.tmp
+ SOURCE_FILE_UPDATE_FREQUENCY=1
+ export SOURCE_FILE_UPDATE_FREQUENCY
+ sed -n -e 1p
+ cut -f13 -d^
+ 0< /prod/race/oem/tmp/mptr450_oem_job_datafile.tmp
+ SOURCE_FILE_UPDATE_DATE=07/24/2026
+ export SOURCE_FILE_UPDATE_DATE
+ sed -n -e 1p
+ cut -f14 -d^
+ 0< /prod/race/oem/tmp/mptr450_oem_job_datafile.tmp
+ FTP_PARM_FILE_NAME=''
+ export FTP_PARM_FILE_NAME
+ STEP030_FILEIN=/prod/race/oem/tmp/mptr450_step020_maz_ca_file_1.tmp
+ export STEP030_FILEIN
+ STEP030_FILEOUT=/prod/race/oem/dat/mptr450_xtab_oem_ref_mptr450_maz_raw.dat
+ export STEP030_FILEOUT
+ STEP030_PREVRAW=/prod/race/oem/dat/mptr450_xtab_oem_ref_mptr450_maz_raw.dat_prevraw.dat
+ export STEP030_PREVRAW
+ echo $'\\n\\n Create previous raw from last run\'s raw.dat file'
\n\n Create previous raw from last run's raw.dat file
+ [ -f /prod/race/oem/dat/mptr450_xtab_oem_ref_mptr450_maz_raw.dat ]
+ cp -p /prod/race/oem/dat/mptr450_xtab_oem_ref_mptr450_maz_raw.dat /prod/race/oem/dat/mptr450_xtab_oem_ref_mptr450_maz_raw.dat_prevraw.dat
+ echo '\n\n Input File:  /prod/race/oem/tmp/mptr450_step020_maz_ca_file_1.tmp'
\n\n Input File:  /prod/race/oem/tmp/mptr450_step020_maz_ca_file_1.tmp
+ echo '\n\n Output File: /prod/race/oem/dat/mptr450_xtab_oem_ref_mptr450_maz_raw.dat'
\n\n Output File: /prod/race/oem/dat/mptr450_xtab_oem_ref_mptr450_maz_raw.dat
+ [ ! -z '' ]
+ echo 'Copy input file to output file to create new xtab dat.'
Copy input file to output file to create new xtab dat.
+ cp /prod/race/oem/tmp/mptr450_step020_maz_ca_file_1.tmp /prod/race/oem/dat/mptr450_xtab_oem_ref_mptr450_maz_raw.dat
+ DIFF_FILE=/prod/race/oem/tmp/mptr450_step030_mazca.diff
+ echo '\n\n'
\n\n
+ echo 'Current  Input File: /prod/race/oem/dat/mptr450_xtab_oem_ref_mptr450_maz_raw.dat'
Current  Input File: /prod/race/oem/dat/mptr450_xtab_oem_ref_mptr450_maz_raw.dat
+ echo 'Previous Input File: /prod/race/oem/dat/mptr450_xtab_oem_ref_mptr450_maz_raw.dat_prevraw.dat'
Previous Input File: /prod/race/oem/dat/mptr450_xtab_oem_ref_mptr450_maz_raw.dat_prevraw.dat
+ [ -f /prod/race/oem/dat/mptr450_xtab_oem_ref_mptr450_maz_raw.dat_prevraw.dat ]
+ trap - err
+ diff /prod/race/oem/dat/mptr450_xtab_oem_ref_mptr450_maz_raw.dat_prevraw.dat /prod/race/oem/dat/mptr450_xtab_oem_ref_mptr450_maz_raw.dat
+ 1> /prod/race/oem/tmp/mptr450_step030_mazca.diff
+ [ ! -s /prod/race/oem/tmp/mptr450_step030_mazca.diff ]
+ echo 'Update source_file_update_date'
Update source_file_update_date
+ sqlplus -s
+ 0<< \%
racejob/q1w2e3r4
SET ECHO ON;
SET FEEDBACK OFF;
SET VERIFY ON;
SET LINESIZE 80;
SET SERVEROUTPUT ON;
whenever sqlerror exit sql.sqlcode
    exec pkg_oem_job_datafile.p_oem_job_datafile_upd_01(p_reformat_job  => 'mptr450',                                                               p_file_sequence => '1',                                                         p_log_directory => 'RACE_OEM_LOG_DIR',                                                            p_log_filename  => 'mptr450_20260824133350.log');
QUIT;
%
2>& 1
+ trap 'oem_abndalrt.ksh $?' err
+ expr 1 + 1
+ FILE_SEQUENCE=2
+ true
+ sed -n -e 2p
+ cut -f2 -d^
+ 0< /prod/race/oem/tmp/mptr450_oem_job_datafile.tmp
+ INPUT_FILE_NAME=''
+ export INPUT_FILE_NAME
+ [ -z '' ]
+ break
+ STEPNAME=Step040R
+ export STEPNAME
+ date '+%m/%d/%y %H:%M:%S'
+ echo '\n\nSTART ---> mptr450_oem_ref Step040R - Check for Preprocess Script - ' 08/24/26 13:34:11 ' <--- START\n\n'
\n\nSTART ---> mptr450_oem_ref Step040R - Check for Preprocess Script -  08/24/26 13:34:11  <--- START\n\n
+ oem_job_status_update.ksh R 'Step040R Check for Preprocess Script'
+ [ -z oem_ref_mptr450_maz_merge.ksh ]
+ oem_ref_mptr450_maz_merge.ksh
trap 'oem_abndalrt.ksh $?' err
+ trap 'oem_abndalrt.ksh $?' err
#*******************************************************************************************
#  Build environment variables for the job (based on jobname)
#*******************************************************************************************
. oem_job_datafile.ksh
+ . oem_job_datafile.ksh
#!/bin/ksh
echo "RCS $Id: oem_job_datafile.ksh,v 1.9 2026/08/07 19:35:00 rj132422 Exp $"
#*****************************************************************************************
# PROCNAME oem_job_datafile.ksh
# PURPOSE  Retreive and build UNIX Environment Variables from Oracle Tables
#*****************************************************************************************
trap 'oem_abndalrt.ksh $?' err
MPTUSERID=`cat ${RACE}/prm/zmptpass.prm`
LOGFILE=$(basename ${JOBLOGNAME})
#*****************************************************************************************
WORKFILE=${JOBNAME}_oem_job_datafile.tmp
#-----------------------------------------------------------------------------------------
(sqlplus -s << % 2>&1)
${MPTUSERID}
SET VERIFY OFF
SET FEEDBACK OFF
SET TAB OFF
SET LINESIZE 100
SET PAGES 0
SET TRIMSPOOL ON
whenever sqlerror exit sql.sqlcode
    exec pkg_oem_job_datafile.p_oem_job_datafile_sel_04(p_reformat_job  => '${REFORMATJOB}', \
                                                        p_tmp_directory => '${OBJ_TMPDIR}',  \
                                                        p_tmp_filename  => '${WORKFILE}',    \
                                                        p_log_directory => '${OBJ_TMPDIR}',  \
                                                        p_log_filename  => '${LOGFILE%.log}.db.log');
QUIT;
%

# rj132422 - This code was added to avoid race condition between db and shell due the nfs
DB_LOG=${OBJ_TMPDIR}/${LOGFILE%.log}.db.log
if [ -s "$DB_LOG" ]; then
    cat "$DB_LOG" >> "${OBJ_TMPDIR}/${LOGFILE}"
    rm  "$DB_LOG"
fi

#-----------------------------------------------------------------------------------------
export WORKFILE=${RACE}/tmp/${WORKFILE}
#*****************************************************************************************
# END oem_job_datafile.ksh
#*****************************************************************************************
+ echo 'RCS : oem_job_datafile.ksh,v 1.9 2026/08/07 19:35:00 rj132422 Exp $'
RCS : oem_job_datafile.ksh,v 1.9 2026/08/07 19:35:00 rj132422 Exp $
+ trap 'oem_abndalrt.ksh $?' err
cat ${RACE}/prm/zmptpass.prm
+ cat /prod/race/oem/prm/zmptpass.prm
+ MPTUSERID=racejob/q1w2e3r4
+ basename /prod/race/oem/log/mptr450_20260824133350.log
+ LOGFILE=mptr450_20260824133350.log
+ WORKFILE=mptr450_oem_job_datafile.tmp
+ sqlplus -s
+ 0<< \%
racejob/q1w2e3r4
SET VERIFY OFF
SET FEEDBACK OFF
SET TAB OFF
SET LINESIZE 100
SET PAGES 0
SET TRIMSPOOL ON
whenever sqlerror exit sql.sqlcode
    exec pkg_oem_job_datafile.p_oem_job_datafile_sel_04(p_reformat_job  => 'mptr450',                                                         p_tmp_directory => 'RACE_OEM_TMP_DIR',                                                          p_tmp_filename  => 'mptr450_oem_job_datafile.tmp',                                                            p_log_directory => 'RACE_OEM_TMP_DIR',                                                          p_log_filename  => 'mptr450_20260824133350.db.log');
QUIT;
%
2>& 1
+ DB_LOG=RACE_OEM_TMP_DIR/mptr450_20260824133350.db.log
+ [ -s RACE_OEM_TMP_DIR/mptr450_20260824133350.db.log ]
+ WORKFILE=/prod/race/oem/tmp/mptr450_oem_job_datafile.tmp
+ export WORKFILE
#*******************************************************************************************

#STEP Step040S
STEPNAME=Step040S
+ STEPNAME=Step040S
echo "\n\n\n    Start   ${STEPNAME}           "$(date)
+ date
+ echo '\n\n\n    Start   Step040S           Mon' Aug 24 01:34:11 PM PDT 2026
\n\n\n    Start   Step040S           Mon Aug 24 01:34:11 PM PDT 2026
oem_job_status_update.ksh "R" "${STEPNAME} pkg_oem_ref_mptr450_maz_merge"
+ oem_job_status_update.ksh R 'Step040S pkg_oem_ref_mptr450_maz_merge'
#*******************************************************************************************
# 1. Copy RAW source file to "raw_raw" file
#*******************************************************************************************
XTAB_FILE_NAME_RAW=mptr450_xtab_oem_ref_mptr450_maz_raw_raw.dat
+ XTAB_FILE_NAME_RAW=mptr450_xtab_oem_ref_mptr450_maz_raw_raw.dat
XTAB_FILE_NAME=mptr450_xtab_oem_ref_mptr450_maz_raw.dat
+ XTAB_FILE_NAME=mptr450_xtab_oem_ref_mptr450_maz_raw.dat
cp ${RACE}/dat/${XTAB_FILE_NAME} ${RACE}/dat/${XTAB_FILE_NAME_RAW}

+ cp /prod/race/oem/dat/mptr450_xtab_oem_ref_mptr450_maz_raw.dat /prod/race/oem/dat/mptr450_xtab_oem_ref_mptr450_maz_raw_raw.dat
#*******************************************************************************************
# 2. Use a customized package (pkg_oem_ref_mptr450_maz_merge)
#    to merge the 3 records into 1 record for use by the Reformat Program
#       input:  mptr450_xtab_oem_ref_mptr450_maz_raw_raw.dat
#       output: mptr450_xtab_oem_ref_mptr450_maz_raw.dat
#*******************************************************************************************
#-------------------------------------------------------------------------------------------
(sqlplus -s << % 2>&1)
${MPTUSERID}
SET VERIFY OFF
SET FEEDBACK OFF
SET TAB OFF
SET LINESIZE 100
SET PAGES 0
SET TRIMSPOOL ON
whenever sqlerror exit sql.sqlcode
    exec pkg_oem_ref_mptr450_maz_merge.p_main_procedure(p_reformat_job       => '${REFORMATJOB}',           \
                                                        p_log_directory      => '${OBJ_LOGDIR}',            \
                                                        p_log_filename       => '${LOGFILE}',               \
                                                        p_input_directory    => '${OBJ_DATDIR}',            \
                                                        p_input_filename     => '${XTAB_FILE_NAME_RAW}',    \
                                                        p_output_directory   => '${OBJ_DATDIR}',            \
                                                        p_output_filename    => '${XTAB_FILE_NAME}',        \
                                                        p_debug_level        => '${RACE_DEBUG_LEVEL}',      \
                                                        p_dbms_profiler_flag => '${RACE_DBMS_PROFILER_FLAG}');
QUIT;
%
+ sqlplus -s
+ 0<< \%
racejob/q1w2e3r4
SET VERIFY OFF
SET FEEDBACK OFF
SET TAB OFF
SET LINESIZE 100
SET PAGES 0
SET TRIMSPOOL ON
whenever sqlerror exit sql.sqlcode
    exec pkg_oem_ref_mptr450_maz_merge.p_main_procedure(p_reformat_job       => 'mptr450',                                                                   p_log_directory      => 'RACE_OEM_LOG_DIR',                                                                    p_log_filename       => 'mptr450_20260824133350.log',                                                                       p_input_directory    => 'RACE_OEM_DAT_DIR',                                                                    p_input_filename     => 'mptr450_xtab_oem_ref_mptr450_maz_raw_raw.dat',                                                            p_output_directory   => 'RACE_OEM_DAT_DIR',                                                                    p_output_filename    => 'mptr450_xtab_oem_ref_mptr450_maz_raw.dat',                                                                p_debug_level        => '0',                                                              p_dbms_profiler_flag => 'N');
QUIT;
%
2>& 1
#-------------------------------------------------------------------------------------------

#*******************************************************************************************
# 3. Backs up the "raw_raw" file
#*******************************************************************************************
XTAB_FILE_NAME_RAW_GDG=$( setgdg.ksh "${RACE}/dat/${XTAB_FILE_NAME_RAW}(+01)" NEW 4 )
+ setgdg.ksh '/prod/race/oem/dat/mptr450_xtab_oem_ref_mptr450_maz_raw_raw.dat(+01)' NEW 4
+ XTAB_FILE_NAME_RAW_GDG=/prod/race/oem/dat/mptr450_xtab_oem_ref_mptr450_maz_raw_raw.dat.g28
cp ${RACE}/dat/${XTAB_FILE_NAME_RAW} ${XTAB_FILE_NAME_RAW_GDG}

+ cp /prod/race/oem/dat/mptr450_xtab_oem_ref_mptr450_maz_raw_raw.dat /prod/race/oem/dat/mptr450_xtab_oem_ref_mptr450_maz_raw_raw.dat.g28
#*******************************************************************************************
# END oem_ref_mptr450_maz_merge.ksh
#*******************************************************************************************
+ STEPNAME=Step049R
+ export STEPNAME
+ date '+%m/%d/%y %H:%M:%S'
+ echo '\n\nSTART ---> mptr450_oem_ref Step049R - Price Format Checker - ' 08/24/26 13:34:19 ' <--- START\n\n'
\n\nSTART ---> mptr450_oem_ref Step049R - Price Format Checker -  08/24/26 13:34:19  <--- START\n\n
+ oem_job_status_update.ksh R 'Step049R p_oem_ref_price_check'
+ sqlplus -s
+ 0<< \%
racejob/q1w2e3r4
SET ECHO ON;
SET FEEDBACK OFF;
SET VERIFY ON;
SET LINESIZE 80;
SET SERVEROUTPUT ON;
whenever sqlerror exit sql.sqlcode
    exec pkg_oem_ref_price_check.p_main_price_check(p_reformat_job       => 'mptr450',                                                          p_log_directory      => 'RACE_OEM_LOG_DIR',                                                           p_log_filename       => 'mptr450_20260824133350.log',                                                              p_debug_level        => '0',                                                     p_dbms_profiler_flag => 'N');
QUIT;
%
2>& 1
+ STEPNAME=Step050R
+ export STEPNAME
+ date '+%m/%d/%y %H:%M:%S'
+ echo '\n\nSTART ---> mptr450_oem_ref Step050R - 1st reformat - ' 08/24/26 13:34:20 ' <--- START\n\n'
\n\nSTART ---> mptr450_oem_ref Step050R - 1st reformat -  08/24/26 13:34:20  <--- START\n\n
+ oem_job_status_update.ksh R 'Step050R pkg_oem_ref_021'
+ TRANS_FILE=mptr450_step050_transout.tmp
+ RTRANS_FILE=mptr450_step050_rtransout.tmp
+ date +%C%y%m%d%H%M%S
+ REPORT_FILE=mptr450a_refmazca_20260824133420.rpt
+ rm -f '/prod/race/oem/tmp/mptr450_xtab_oem_ref_*.bad'
+ rm -f '/prod/race/oem/tmp/mptr450_xtab_oem_ref_*.dis'
+ rm -f /prod/race/oem/tmp/mptr450_xtab_oem_ref_mptr450_maz.log /prod/race/oem/tmp/mptr450_xtab_oem_ref_mptr450_maz_raw.log
+ sqlplus -s
+ 0<< \%
racejob/q1w2e3r4
SET ECHO ON;
SET FEEDBACK OFF;
SET VERIFY ON;
SET LINESIZE 80;
SET SERVEROUTPUT ON;
whenever sqlerror exit sql.sqlcode
    exec pkg_oem_ref_021.p_main_reformat_records(p_reformat_job       => 'mptr450',                                                         p_log_directory      => 'RACE_OEM_LOG_DIR',                                                          p_log_filename       => 'mptr450_20260824133350.log',                                                             p_trans_directory    => 'RACE_OEM_TMP_DIR',                                                          p_trans_filename     => 'mptr450_step050_transout.tmp',                                                          p_rtrans_directory   => 'RACE_OEM_TMP_DIR',                                                          p_rtrans_filename    => 'mptr450_step050_rtransout.tmp',                                                         p_report_directory   => 'RACE_OEM_RPT_DIR',                                                          p_report_filename    => 'mptr450a_refmazca_20260824133420.rpt',                                                         p_debug_level        => '0',                                                    p_dbms_profiler_flag => 'N');
QUIT;
%
2>& 1
Old suffix not found in part_maz_color_code. Please add: 3K
Old suffix not found in part_maz_color_code. Please add: 3M
Old suffix not found in part_maz_color_code. Please add: 3K
Old suffix not found in part_maz_color_code. Please add: 3M
Old suffix not found in part_maz_color_code. Please add: 1S
Old suffix not found in part_maz_color_code. Please add: 6Y
Old suffix not found in part_maz_color_code. Please add: S9
Old suffix not found in part_maz_color_code. Please add: TF
Old suffix not found in part_maz_color_code. Please add: TF
Old suffix not found in part_maz_color_code. Please add: TF
Old suffix not found in part_maz_color_code. Please add: TF
Old suffix not found in part_maz_color_code. Please add: GR
Old suffix not found in part_maz_color_code. Please add: 84
Old suffix not found in part_maz_color_code. Please add: 4H
Old suffix not found in part_maz_color_code. Please add: 3P
Old suffix not found in part_maz_color_code. Please add: 3S
Old suffix not found in part_maz_color_code. Please add: 3P
New suffix not found in part_maz_color_code. Please add: 5K
Old suffix not found in part_maz_color_code. Please add: 5H
Old suffix not found in part_maz_color_code. Please add: 5K
Old suffix not found in part_maz_color_code. Please add: 5M
New suffix not found in part_maz_color_code. Please add: 5K
Old suffix not found in part_maz_color_code. Please add: 5H
Old suffix not found in part_maz_color_code. Please add: 5K
old=new part: 00EP-US L16H-C -XC   trans: N
New suffix not found in part_maz_color_code. Please add: N5
New suffix not found in part_maz_color_code. Please add: W5
New suffix not found in part_maz_color_code. Please add: 7B
New suffix not found in part_maz_color_code. Please add: S1
New suffix not found in part_maz_color_code. Please add: CF
New suffix not found in part_maz_color_code. Please add: CF
New suffix not found in part_maz_color_code. Please add: DL
New suffix not found in part_maz_color_code. Please add: DL
Old suffix not found in part_maz_color_code. Please add: 9F
Old suffix not found in part_maz_color_code. Please add: 9F
Old suffix not found in part_maz_color_code. Please add: 84
New suffix not found in part_maz_color_code. Please add: 5E
Old suffix not found in part_maz_color_code. Please add: 84
Old suffix not found in part_maz_color_code. Please add: 84
Old suffix not found in part_maz_color_code. Please add: 84
Old suffix not found in part_maz_color_code. Please add: 4E
New suffix not found in part_maz_color_code. Please add: AL
+ STEPNAME=Step051R
+ export STEPNAME
+ date '+%m/%d/%y %H:%M:%S'
+ echo '\n\nSTART ---> mptr450_oem_ref Step051R - Report Distribution - ' 08/24/26 13:35:25 ' <--- START\n\n'
\n\nSTART ---> mptr450_oem_ref Step051R - Report Distribution -  08/24/26 13:35:25  <--- START\n\n
+ oem_job_status_update.ksh R 'Step051R Report Distribution'
+ email_rpt.ksh mptr450a
RCS : email_rpt.ksh,v 1.7 2021/11/02 19:13:13 pg2697 Exp $
LATEST REPORT TO BE EMAILED: mptr450a_refmazca_20260824133420.txt from /prod/race/oem/tmp.
+ rpt_log_retention.ksh mptr450a
\n Begin rpt_log_retention.ksh \n
Processing REPORTID=mptr450a

SQL*Plus: Release 19.0.0.0.0 - Production on Mon Aug 24 13:35:26 2026
Version 19.29.0.0.0

Copyright (c) 1982, 2025, Oracle.  All rights reserved.

Enter user-name: Last Successful login time: Mon Aug 24 2026 13:35:25 -07:00

Connected to:
Oracle Database 19c Enterprise Edition Release 19.0.0.0.0 - Production
Version 19.30.0.0.0

SQL> SQL> SQL> 
PL/SQL procedure successfully completed.

SQL> SQL> Disconnected from Oracle Database 19c Enterprise Edition Release 19.0.0.0.0 - Production
Version 19.30.0.0.0
oldest file removed: /prod/race/oem/rpt/mptr450a_refmazca_20260225054455.rpt (due to retention)
oldest file removed: /prod/race/oem/rpt/mptr450a_refmazca_20260126081612.rpt (due to retention)
oldest file removed: /prod/race/oem/rpt/mptr450a_refmazca_20251219072209.rpt (due to retention)
oldest file removed: /prod/race/oem/rpt/mptr450a_refmazca_20251124092031.rpt (due to retention)
oldest file removed: /prod/race/oem/rpt/mptr450a_refmazca_20251024083855.rpt (due to retention)
\n End rpt_log_retention.ksh
+ STEPNAME=Step055R
+ export STEPNAME
+ date '+%m/%d/%y %H:%M:%S'
+ echo '\n\nSTART ---> mptr450_oem_ref Step055R - 2nd reformat, if needed - ' 08/24/26 13:35:26 ' <--- START\n\n'
\n\nSTART ---> mptr450_oem_ref Step055R - 2nd reformat, if needed -  08/24/26 13:35:26  <--- START\n\n
+ oem_job_status_update.ksh R 'Step055R '
+ [ ! -z '' ]
+ STEPNAME=Step060R
+ export STEPNAME
+ date '+%m/%d/%y %H:%M:%S'
+ echo '\n\nSTART ---> mptr450_oem_ref Step060R - XTAB Bad File Checker' 08/24/26 13:35:27 ' <--- START\n\n'
\n\nSTART ---> mptr450_oem_ref Step060R - XTAB Bad File Checker 08/24/26 13:35:27  <--- START\n\n
+ FILE_OF_XTABNAME=mptr450_xtabname.tmp
+ sqlplus -s
+ 0<< \%
racejob/q1w2e3r4
SET VERIFY OFF
SET FEEDBACK OFF
SET TAB OFF
SET LINESIZE 100
SET PAGES 0
SET TRIMSPOOL ON
whenever sqlerror exit sql.sqlcode
    exec pkg_oem_job_datafile.p_oem_job_datafile_sel_02(p_reformat_job  => 'mptr450',                                                              p_tmp_directory => 'RACE_OEM_TMP_DIR',                                                               p_tmp_filename  => 'mptr450_xtabname.tmp',                                                         p_log_directory => 'RACE_OEM_LOG_DIR',                                                               p_log_filename  => 'mptr450_20260824133350.log');
QUIT;
%
2>& 1
+ XTABNAME_FILE_ROW=1
+ export XTABNAME_FILE_ROW
+ true
+ sed -n -e 1p
+ cut -f1 -d^
+ 0< /prod/race/oem/tmp/mptr450_xtabname.tmp
+ XTABNAME=xtab_oem_ref_mptr450_maz
+ export XTABNAME
+ [ -z xtab_oem_ref_mptr450_maz ]
+ BADFILE_NAME=/prod/race/oem/tmp/mptr450_xtab_oem_ref_mptr450_maz.bad
+ [ -s /prod/race/oem/tmp/mptr450_xtab_oem_ref_mptr450_maz.bad ]
+ expr 1 + 1
+ XTABNAME_FILE_ROW=2
+ true
+ sed -n -e 2p
+ cut -f1 -d^
+ 0< /prod/race/oem/tmp/mptr450_xtabname.tmp
+ XTABNAME=''
+ export XTABNAME
+ [ -z '' ]
+ break
+ STEPNAME=Step100R
+ export STEPNAME
+ date '+%m/%d/%y %H:%M:%S'
+ echo '\n\nSTART ---> mptr450_oem_ref Step100R - Create XTAB backup(s) - ' 08/24/26 13:35:27 ' <--- START\n\n'
\n\nSTART ---> mptr450_oem_ref Step100R - Create XTAB backup(s) -  08/24/26 13:35:27  <--- START\n\n
+ oem_job_status_update.ksh R 'Step100R Backup External Table Flat Files'
+ FILE_SEQUENCE=1
+ export FILE_SEQUENCE
+ [ '' '=' Step100R ]
+ true
+ sed -n -e 1p
+ cut -f2 -d^
+ 0< /prod/race/oem/tmp/mptr450_oem_job_datafile.tmp
+ INPUT_FILE_NAME=PriceA.zip
+ export INPUT_FILE_NAME
+ [ -z PriceA.zip ]
+ sed -n -e 1p
+ cut -f3 -d^
+ 0< /prod/race/oem/tmp/mptr450_oem_job_datafile.tmp
+ XTAB_FILE_NAME=mptr450_xtab_oem_ref_mptr450_maz_raw.dat
+ export XTAB_FILE_NAME
+ sed -n -e 1p
+ cut -f4 -d^
+ 0< /prod/race/oem/tmp/mptr450_oem_job_datafile.tmp
+ XTAB_TABLE_NAME=xtab_oem_ref_mptr450_maz
+ export XTAB_TABLE_NAME
+ sed -n -e 1p
+ cut -f5 -d^
+ 0< /prod/race/oem/tmp/mptr450_oem_job_datafile.tmp
+ FTP_PROGRAM_NAME=''
+ export FTP_PROGRAM_NAME
+ sed -n -e 1p
+ cut -f6 -d^
+ 0< /prod/race/oem/tmp/mptr450_oem_job_datafile.tmp
+ FTP_LOCATION_CODE=M
+ export FTP_LOCATION_CODE
+ sed -n -e 1p
+ cut -f7 -d^
+ 0< /prod/race/oem/tmp/mptr450_oem_job_datafile.tmp
+ FORMAT_INDICATOR=A
+ export FORMAT_INDICATOR
+ sed -n -e 1p
+ cut -f8 -d^
+ 0< /prod/race/oem/tmp/mptr450_oem_job_datafile.tmp
+ SOURCE_FIELD_DELIMITER='|'
+ export SOURCE_FIELD_DELIMITER
+ sed -n -e 1p
+ cut -f9 -d^
+ 0< /prod/race/oem/tmp/mptr450_oem_job_datafile.tmp
+ TARGET_FIELD_SIZE=''
+ export TARGET_FIELD_SIZE
+ sed -n -e 1p
+ cut -f10 -d^
+ 0< /prod/race/oem/tmp/mptr450_oem_job_datafile.tmp
+ BACKUP_SOURCE_FILE_NAME=mptr450_araw_maz_ca.dat
+ export BACKUP_SOURCE_FILE_NAME
+ sed -n -e 1p
+ cut -f11 -d^
+ 0< /prod/race/oem/tmp/mptr450_oem_job_datafile.tmp
+ FTP_SOURCE_FILE_NAME=''
+ export FTP_SOURCE_FILE_NAME
+ eval FTP_SOURCE_FILE_NAME=
+ FTP_SOURCE_FILE_NAME=''
+ sed -n -e 1p
+ cut -f14 -d^
+ 0< /prod/race/oem/tmp/mptr450_oem_job_datafile.tmp
+ FTP_PARM_FILE_NAME=''
+ export FTP_PARM_FILE_NAME
+ sed -n -e 1p
+ cut -f15 -d^
+ 0< /prod/race/oem/tmp/mptr450_oem_job_datafile.tmp
+ DELETE_PROGRAM_NAME=''
+ export DELETE_PROGRAM_NAME
+ PREVRAW_FILE=/prod/race/oem/dat/mptr450_xtab_oem_ref_mptr450_maz_raw.dat_prevraw.dat
+ [ -f /prod/race/oem/dat/mptr450_xtab_oem_ref_mptr450_maz_raw.dat_prevraw.dat ]
+ setgdg.ksh '/prod/race/oem/dat/mptr450_xtab_oem_ref_mptr450_maz_raw.dat(+01)' NEW 3
+ BACKUP_FILE=/prod/race/oem/dat/mptr450_xtab_oem_ref_mptr450_maz_raw.dat.g32
+ cp -p /prod/race/oem/dat/mptr450_xtab_oem_ref_mptr450_maz_raw.dat_prevraw.dat /prod/race/oem/dat/mptr450_xtab_oem_ref_mptr450_maz_raw.dat.g32
+ rm /prod/race/oem/dat/mptr450_xtab_oem_ref_mptr450_maz_raw.dat_prevraw.dat
+ [ M '=' M ]
+ . oem_job_process_mitchell_ftp_file.ksh BACKUP
+ echo '\n\n*** Begin oem_job_process_mitchell_ftp_file.ksh PriceA.zip ***\n\n'
\n\n*** Begin oem_job_process_mitchell_ftp_file.ksh PriceA.zip ***\n\n
+ trap 'oem_abndalrt.ksh $?' err
+ FILE_ACTION=BACKUP
+ [ 1 -lt 1 ]
+ [ CA '=' PR ]
+ FTPSITE_DIRECTORY=/ftp1/Business_Partners/maz_ca/prod/incoming
+ [ BACKUP '=' GETMIT ]
+ echo '\nDoes the input file name contain a wildcard?\n'
\nDoes the input file name contain a wildcard?\n
+ expr PriceA.zip : '.*[?*]'
0
+ FTP_FILELIST=/prod/race/oem/tmp/mptr450_PriceA.zip_ftplist.tmp
+ ssh -nq race_b1@ftp-ssh.mitchell.com 'ls -1 /ftp1/Business_Partners/maz_ca/prod/incoming/*.*'
+ 1> /prod/race/oem/tmp/mptr450_PriceA.zip_ftplist.tmp
+ RECORD_NUMBER=1
+ true
+ sed -n -e 1p
+ cut -f1
+ 0< /prod/race/oem/tmp/mptr450_PriceA.zip_ftplist.tmp
+ WORK_FTP_DIR_FILE_NAME=/ftp1/Business_Partners/maz_ca/prod/incoming/PRICEA.zip
+ [ -z /ftp1/Business_Partners/maz_ca/prod/incoming/PRICEA.zip ]
+ basename /ftp1/Business_Partners/maz_ca/prod/incoming/PRICEA.zip
+ WORK_FTP_XFR_FILE_NAME=PRICEA.zip
+ echo PRICEA.zip
+ sed '/.*/y/ABCDEFGHIJKLMNOPQRSTUVWXYZ/abcdefghijklmnopqrstuvwxyz/'
+ WORK_FTP_XFR_FILE_NAME_LOWER=pricea.zip
+ WORK_INP_FILE_NAME=PriceA.zip
+ echo PriceA.zip
+ sed '/.*/y/ABCDEFGHIJKLMNOPQRSTUVWXYZ/abcdefghijklmnopqrstuvwxyz/'
+ WORK_INP_FILE_NAME_LOWER=pricea.zip
+ [ pricea.zip '=' pricea.zip ]
+ INPUT_FILE_NAME=PRICEA.zip
+ export INPUT_FILE_NAME
+ break
+ [ BACKUP '=' GETIT ]
+ [ BACKUP '=' BACKUP ]
+ [ PRICEA.zip '=' PRICEA.zip ]
+ FTP_SITE_FILE_NAME=/ftp1/Business_Partners/maz_ca/prod/incoming/PRICEA.zip
+ export FTP_SITE_FILE_NAME
+ [ pawapp7017l '=' pawapp7017l ]
+ echo '\nPreparing to remove file: /ftp1/Business_Partners/maz_ca/prod/incoming/PRICEA.zip\n'
\nPreparing to remove file: /ftp1/Business_Partners/maz_ca/prod/incoming/PRICEA.zip\n
+ ssh -nq race_b1@ftp-ssh.mitchell.com rm -f /ftp1/Business_Partners/maz_ca/prod/incoming/PRICEA.zip
+ echo PRICEA.zip
+ sed '/.*/y/ABCDEFGHIJKLMNOPQRSTUVWXYZ/abcdefghijklmnopqrstuvwxyz/'
+ INPUT_FILE_NAME_LOWER=pricea.zip
+ echo mptr450_pricea.zip
+ sed 's/*/./'
+ WORK_FTP_FILE_NAME=mptr450_pricea.zip
+ BACKUP_FTP_FILE=/prod/race/oem/dat/mptr450_pricea.zip
+ setgdg.ksh '/prod/race/oem/dat/mptr450_pricea.zip(0)'
+ EXISTING_FTP_FILE=/prod/race/oem/dat/mptr450_pricea.zip.g61
+ setgdg.ksh '/prod/race/oem/dat/mptr450_pricea.zip(+1)' NEW 2
+ NEW_XFR_FTP_FILE=/prod/race/oem/dat/mptr450_pricea.zip.g62
+ echo INPUT_FILE_NAME=' PRICEA.zip'
INPUT_FILE_NAME= PRICEA.zip
+ echo 'FTP_XFR_FILE_NAME before re-valuing= /prod/race/oem/tmp/mptr450_PRICEA.zip'
FTP_XFR_FILE_NAME before re-valuing= /prod/race/oem/tmp/mptr450_PRICEA.zip
+ FTP_XFR_FILE_NAME=/prod/race/oem/tmp/mptr450_PRICEA.zip
+ echo FTP_XFR_FILE_NAME=' /prod/race/oem/tmp/mptr450_PRICEA.zip'
FTP_XFR_FILE_NAME= /prod/race/oem/tmp/mptr450_PRICEA.zip
+ cp /prod/race/oem/tmp/mptr450_PRICEA.zip /prod/race/oem/dat/mptr450_pricea.zip.g62
+ echo /ftp1/Business_Partners/maz_ca/prod/incoming
+ grep -q mitchell
+ echo 'Backup skipped: per-OEM path, not mitchell/oem/incoming (/ftp1/Business_Partners/maz_ca/prod/incoming)'
Backup skipped: per-OEM path, not mitchell/oem/incoming (/ftp1/Business_Partners/maz_ca/prod/incoming)
+ expr 1 + 1
+ FILE_SEQUENCE=2
+ true
+ sed -n -e 2p
+ cut -f2 -d^
+ 0< /prod/race/oem/tmp/mptr450_oem_job_datafile.tmp
+ INPUT_FILE_NAME=''
+ export INPUT_FILE_NAME
+ [ -z '' ]
+ break
\n\n**************************************************************************************************************
Finished: oem_ref.ksh    Datetime: 08/24/26 13:35:30   Script: /tmp/mptr450_oem_ref.ksh_run
**************************************************************************************************************\n\n
\n\n**********************************************************************************
Restart Step was NOT included in the job execution. Job will run from the beginning.
**********************************************************************************\n\n
\n\n**************************************************************************************************************
Calling:  oem_ref_trans_check_and_split.ksh    Datetime: 08/24/26 13:35:30   Script: /tmp/mptr450_oem_ref_trans_check_and_split.ksh_run
**************************************************************************************************************\n\n
RCS : oem_ref_trans_check_and_split.ksh,v 1.15 2020/08/26 00:54:25 pg2697 Exp $
print ProcessId = $$
+ print ProcessId '=' 674547
ProcessId = 674547
#****************************************************************************************
#      NOTE:  This script is very similiar to oem_ref_trans_split_only.ksh
#   Changes here should also be considered in oem_ref_trans_split_only.ksh.
#****************************************************************************************
trap 'oem_abndalrt.ksh $?' err
+ trap 'oem_abndalrt.ksh $?' err
export PROCNAME=$(basename $0 .ksh_run)
+ basename /tmp/mptr450_oem_ref_trans_check_and_split.ksh_run .ksh_run
+ PROCNAME=mptr450_oem_ref_trans_check_and_split
+ export PROCNAME
#****************************************************************************************
#  Build environment variables for the job (based on jobname)
#****************************************************************************************
. oem_job.ksh 
+ . oem_job.ksh
#!/bin/ksh
echo "RCS $Id: oem_job.ksh,v 1.9 2026/08/07 19:34:48 rj132422 Exp $"
#*****************************************************************************************
# PROCNAME oem_job.ksh
# PURPOSE  Retreive and build UNIX Environment Variables from Oracle Tables
#          Used by RACE OEM Parts Reformat and Update jobs
#*****************************************************************************************
trap 'oem_abndalrt.ksh $?' err
MPTUSERID=`cat ${RACE}/prm/zmptpass.prm`
LOGFILE=$(basename ${JOBLOGNAME})
#*****************************************************************************************
#  Build UNIX environment variables for the job (based on jobname)
#*****************************************************************************************
REFORMATJOB=${JOBNAME}
UPDATEJOB=${JOBNAME}
WORKFILE=${JOBNAME}_oem_job.tmp
#-----------------------------------------------------------------------------------------
(sqlplus -s << % 2>&1)
${MPTUSERID}
SET VERIFY OFF
SET FEEDBACK OFF
SET TAB OFF
SET LINESIZE 100
SET PAGES 0
SET TRIMSPOOL ON
whenever sqlerror exit sql.sqlcode
    exec pkg_oem_job.p_oem_job_sel_03(p_jobname       => '${JOBNAME}',    \
                                      p_tmp_directory => '${OBJ_TMPDIR}', \
                                      p_tmp_filename  => '${WORKFILE}',   \
                                      p_log_directory => '${OBJ_TMPDIR}', \
                                      p_log_filename  => '${LOGFILE%.log}.db.log');
QUIT;
%

# rj132422 - This code was added to avoid race condition between db and shell due the nfs
DB_LOG=${RACE}/tmp/${LOGFILE%.log}.db.log
if [ -s "$DB_LOG" ]; then
    cat "$DB_LOG" >> "${LOGDIR}/${LOGFILE}"
    rm  "$DB_LOG"
fi

#-----------------------------------------------------------------------------------------
export WORKFILE=${RACE}/tmp/${WORKFILE}

#If the ReformatJob Environment variable isn't defined, abend the process
export REFORMATJOB=`cat ${WORKFILE}                   | cut -f1  -d","`
if [ -z "${REFORMATJOB}" ]
then
   abndalrt.ksh environment_not_found_in_oem_job_table.tmp
fi
export UPDATEJOB=`cat ${WORKFILE}                     | cut -f2  -d","`
export JOBOEM=`cat ${WORKFILE}                        | cut -f3  -d","`
export JOBCTRY=`cat ${WORKFILE}                       | cut -f4  -d","`
export JOBOEMNAME=`cat ${WORKFILE}                    | cut -f5  -d","`
export OEMABBRLOWER=`cat ${WORKFILE}                  | cut -f6  -d","`
export JOBPARM=`cat ${WORKFILE}                       | cut -f7  -d","`
export FORMATOEM=`cat ${WORKFILE}                     | cut -f8  -d","`
export FORMATCTRY=`cat ${WORKFILE}                    | cut -f9  -d","`
export JOBFILE_OEMCTRY=`cat ${WORKFILE}               | cut -f10 -d","`
export REPORTSUFFIX=`cat ${WORKFILE}                  | cut -f11 -d","`
export REVERSE_SUPER_JOBPARM=`cat ${WORKFILE}         | cut -f12 -d","`
export PACKAGE_NAME_1=`cat ${WORKFILE}                | cut -f13 -d","`
export PACKAGE_NAME_2=`cat ${WORKFILE}                | cut -f14 -d","`
export DUPLICATE_PARTS_EXPECTED_FLAG=`cat ${WORKFILE} | cut -f15 -d","`
export REFORMAT_BUILDS_RTRANS_FLAG=`cat ${WORKFILE}   | cut -f16 -d","`
export OBSOLETE_JOB_FLAG=`cat ${WORKFILE}             | cut -f17 -d","`
export PREPROCESS_SCRIPT_NAME=`cat ${WORKFILE}        | cut -f18 -d","`


##########################################################################################
# The various Oracle Package call by the OEM system use Global Temporary Tables.
# For some reason (only in the test system at this point in time), the indexes on these
# Global Tempoary Tables are missing.
# The missing indexes result in slooooow processing and often aren't discovered missing
# right away.  To curtail this problem, run a quick check to see if the indexes exist.
# When an index for a Global Temporary Table is not found, it will be created.
##########################################################################################
#-----------------------------------------------------------------------------------------
(sqlplus -s << % 2>&1)
${MPTUSERID}
SET VERIFY OFF
SET FEEDBACK OFF
SET TAB OFF
SET LINESIZE 100
SET PAGES 0
SET TRIMSPOOL ON
SET SERVEROUTPUT ON SIZE 1000000
whenever sqlerror exit sql.sqlcode
    exec pkg_oem_ref_utilities.p_check_gtmp_indexes(p_jobname       => '${JOBNAME}',       \
                                                    p_log_directory => '${OBJ_TMPDIR}',    \
                                                    p_log_filename  => '${LOGFILE%.log}.db.log',       \
                                                    p_debug_level   => '${RACE_DEBUG_LEVEL}');
QUIT;
%

# rj132422 - This code was added to avoid race condition between db and shell due the nfs
DB_LOG=${RACE}/tmp/${LOGFILE%.log}.db.log
if [ -s "$DB_LOG" ]; then
    cat "$DB_LOG" >> "${LOGDIR}/${LOGFILE}"
    rm  "$DB_LOG"
fi
#-----------------------------------------------------------------------------------------

#*****************************************************************************************
# END oem_job.ksh
#*****************************************************************************************+ echo 'RCS : oem_job.ksh,v 1.9 2026/08/07 19:34:48 rj132422 Exp $'
RCS : oem_job.ksh,v 1.9 2026/08/07 19:34:48 rj132422 Exp $
+ trap 'oem_abndalrt.ksh $?' err
cat ${RACE}/prm/zmptpass.prm
+ cat /prod/race/oem/prm/zmptpass.prm
+ MPTUSERID=racejob/q1w2e3r4
+ basename /prod/race/oem/log/mptr450_20260824133350.log
+ LOGFILE=mptr450_20260824133350.log
+ REFORMATJOB=mptr450
+ UPDATEJOB=mptr450
+ WORKFILE=mptr450_oem_job.tmp
+ sqlplus -s
+ 0<< \%
racejob/q1w2e3r4
SET VERIFY OFF
SET FEEDBACK OFF
SET TAB OFF
SET LINESIZE 100
SET PAGES 0
SET TRIMSPOOL ON
whenever sqlerror exit sql.sqlcode
    exec pkg_oem_job.p_oem_job_sel_03(p_jobname       => 'mptr450',                                          p_tmp_directory => 'RACE_OEM_TMP_DIR',                                       p_tmp_filename  => 'mptr450_oem_job.tmp',                                         p_log_directory => 'RACE_OEM_TMP_DIR',                                       p_log_filename  => 'mptr450_20260824133350.db.log');
QUIT;
%
2>& 1
+ DB_LOG=/prod/race/oem/tmp/mptr450_20260824133350.db.log
+ [ -s /prod/race/oem/tmp/mptr450_20260824133350.db.log ]
+ cat /prod/race/oem/tmp/mptr450_20260824133350.db.log
+ 1>> /prod/race/oem/log/mptr450_20260824133350.log

1^PriceA.zip^mptr450_xtab_oem_ref_mptr450_maz_raw.dat^xtab_oem_ref_mptr450_maz^^M^A^|^^mptr450_araw_maz_ca.dat^^1^07/24/2026^^^^


1^PriceA.zip^mptr450_xtab_oem_ref_mptr450_maz_raw.dat^xtab_oem_ref_mptr450_maz^^M^A^|^^mptr450_araw_maz_ca.dat^^1^08/24/2026^^^^


mptr450,mptr451,035,CA,MAZ,maz,zmpt451a,035,CA,maz_ca,mazca,mpt451e,pkg_oem_ref_021,,N,N,N,oem_ref_mptr450_maz_merge.ksh,U,Y,

+ rm /prod/race/oem/tmp/mptr450_20260824133350.db.log
+ WORKFILE=/prod/race/oem/tmp/mptr450_oem_job.tmp
+ export WORKFILE
cat ${WORKFILE}                   | cut -f1  -d","
+ cut -f1 -d,
+ cat /prod/race/oem/tmp/mptr450_oem_job.tmp
+ REFORMATJOB=mptr450
+ export REFORMATJOB
+ [ -z mptr450 ]
cat ${WORKFILE}                     | cut -f2  -d","
+ cat /prod/race/oem/tmp/mptr450_oem_job.tmp
+ cut -f2 -d,
+ UPDATEJOB=mptr451
+ export UPDATEJOB
cat ${WORKFILE}                        | cut -f3  -d","
+ cat /prod/race/oem/tmp/mptr450_oem_job.tmp
+ cut -f3 -d,
+ JOBOEM=035
+ export JOBOEM
cat ${WORKFILE}                       | cut -f4  -d","
+ cat /prod/race/oem/tmp/mptr450_oem_job.tmp
+ cut -f4 -d,
+ JOBCTRY=CA
+ export JOBCTRY
cat ${WORKFILE}                    | cut -f5  -d","
+ cat /prod/race/oem/tmp/mptr450_oem_job.tmp
+ cut -f5 -d,
+ JOBOEMNAME=MAZ
+ export JOBOEMNAME
cat ${WORKFILE}                  | cut -f6  -d","
+ cat /prod/race/oem/tmp/mptr450_oem_job.tmp
+ cut -f6 -d,
+ OEMABBRLOWER=maz
+ export OEMABBRLOWER
cat ${WORKFILE}                       | cut -f7  -d","
+ cat /prod/race/oem/tmp/mptr450_oem_job.tmp
+ cut -f7 -d,
+ JOBPARM=zmpt451a
+ export JOBPARM
cat ${WORKFILE}                     | cut -f8  -d","
+ cat /prod/race/oem/tmp/mptr450_oem_job.tmp
+ cut -f8 -d,
+ FORMATOEM=035
+ export FORMATOEM
cat ${WORKFILE}                    | cut -f9  -d","
+ cat /prod/race/oem/tmp/mptr450_oem_job.tmp
+ cut -f9 -d,
+ FORMATCTRY=CA
+ export FORMATCTRY
cat ${WORKFILE}               | cut -f10 -d","
+ cat /prod/race/oem/tmp/mptr450_oem_job.tmp
+ cut -f10 -d,
+ JOBFILE_OEMCTRY=maz_ca
+ export JOBFILE_OEMCTRY
cat ${WORKFILE}                  | cut -f11 -d","
+ cat /prod/race/oem/tmp/mptr450_oem_job.tmp
+ cut -f11 -d,
+ REPORTSUFFIX=mazca
+ export REPORTSUFFIX
cat ${WORKFILE}         | cut -f12 -d","
+ cat /prod/race/oem/tmp/mptr450_oem_job.tmp
+ cut -f12 -d,
+ REVERSE_SUPER_JOBPARM=mpt451e
+ export REVERSE_SUPER_JOBPARM
cat ${WORKFILE}                | cut -f13 -d","
+ cat /prod/race/oem/tmp/mptr450_oem_job.tmp
+ cut -f13 -d,
+ PACKAGE_NAME_1=pkg_oem_ref_021
+ export PACKAGE_NAME_1
cat ${WORKFILE}                | cut -f14 -d","
+ cat /prod/race/oem/tmp/mptr450_oem_job.tmp
+ cut -f14 -d,
+ PACKAGE_NAME_2=''
+ export PACKAGE_NAME_2
cat ${WORKFILE} | cut -f15 -d","
+ cat /prod/race/oem/tmp/mptr450_oem_job.tmp
+ cut -f15 -d,
+ DUPLICATE_PARTS_EXPECTED_FLAG=N
+ export DUPLICATE_PARTS_EXPECTED_FLAG
cat ${WORKFILE}   | cut -f16 -d","
+ cut -f16 -d,
+ cat /prod/race/oem/tmp/mptr450_oem_job.tmp
+ REFORMAT_BUILDS_RTRANS_FLAG=N
+ export REFORMAT_BUILDS_RTRANS_FLAG
cat ${WORKFILE}             | cut -f17 -d","
+ cut -f17 -d,
+ cat /prod/race/oem/tmp/mptr450_oem_job.tmp
+ OBSOLETE_JOB_FLAG=N
+ export OBSOLETE_JOB_FLAG
cat ${WORKFILE}        | cut -f18 -d","
+ cat /prod/race/oem/tmp/mptr450_oem_job.tmp
+ cut -f18 -d,
+ PREPROCESS_SCRIPT_NAME=oem_ref_mptr450_maz_merge.ksh
+ export PREPROCESS_SCRIPT_NAME
+ sqlplus -s
+ 0<< \%
racejob/q1w2e3r4
SET VERIFY OFF
SET FEEDBACK OFF
SET TAB OFF
SET LINESIZE 100
SET PAGES 0
SET TRIMSPOOL ON
SET SERVEROUTPUT ON SIZE 1000000
whenever sqlerror exit sql.sqlcode
    exec pkg_oem_ref_utilities.p_check_gtmp_indexes(p_jobname       => 'mptr450',                                                           p_log_directory => 'RACE_OEM_TMP_DIR',                                                        p_log_filename  => 'mptr450_20260824133350.db.log',                                                           p_debug_level   => '0');
QUIT;
%
2>& 1
+ DB_LOG=/prod/race/oem/tmp/mptr450_20260824133350.db.log
+ [ -s /prod/race/oem/tmp/mptr450_20260824133350.db.log ]
+ cat /prod/race/oem/tmp/mptr450_20260824133350.db.log
+ 1>> /prod/race/oem/log/mptr450_20260824133350.log

Start mptr450 pkg_oem_ref_utilities.p_check_gtmp_indexes


 End  mptr450 pkg_oem_ref_utilities.p_check_gtmp_indexes
+ rm /prod/race/oem/tmp/mptr450_20260824133350.db.log
#****************************************************************************************


#STEP Step200R
 export STEPNAME=Step200R
+ STEPNAME=Step200R
+ export STEPNAME
 echo "\n\nSTART ---> ${PROCNAME} ${STEPNAME}" $(date +'%m/%d/%y %H:%M:%S')  " <--- START\n\n"
+ date '+%m/%d/%y %H:%M:%S'
+ echo '\n\nSTART ---> mptr450_oem_ref_trans_check_and_split Step200R' 08/24/26 13:35:31 ' <--- START\n\n'
\n\nSTART ---> mptr450_oem_ref_trans_check_and_split Step200R 08/24/26 13:35:31  <--- START\n\n
 oem_job_status_update.ksh "R" "${STEPNAME} Sort RTRANS if file exists"
+ oem_job_status_update.ksh R 'Step200R Sort RTRANS if file exists'
 #***************************************************************************************
 #  Program: SORT  - Sorts "R" TRANS if file exists
 #  Move RTRANS file to location expected by oem_upd.ksh
 #***************************************************************************************
 RTRANS_SORTIN=${RACE}/tmp/${JOBNAME}_step050_rtransout.tmp
+ RTRANS_SORTIN=/prod/race/oem/tmp/mptr450_step050_rtransout.tmp
 RTRANS_SORTOUT=${RACE}/dat/${JOBNAME}_rtrans.tmp
+ RTRANS_SORTOUT=/prod/race/oem/dat/mptr450_rtrans.tmp
 if [ -f ${RTRANS_SORTIN} ]
 then     
   #      +------------+------------+----------+-----------+
   #      | YYYY desc  | MM/DD desc | Old Part | New Part  |
   #      +------------+------------+----------+-----------+
   sort -u -k1.63,1.66r -k1.57,1.61r -k1.7,1.31 -k1.32,1.56 -o ${RTRANS_SORTOUT} ${RTRANS_SORTIN}
 fi


+ [ -f /prod/race/oem/tmp/mptr450_step050_rtransout.tmp ]
#STEP Step205R
  export STEPNAME=Step205R
+ STEPNAME=Step205R
+ export STEPNAME
  echo "\n\nSTART ---> ${PROCNAME} ${STEPNAME}" $(date +'%m/%d/%y %H:%M:%S')  " <--- START\n\n"
+ date '+%m/%d/%y %H:%M:%S'
+ echo '\n\nSTART ---> mptr450_oem_ref_trans_check_and_split Step205R' 08/24/26 13:35:31 ' <--- START\n\n'
\n\nSTART ---> mptr450_oem_ref_trans_check_and_split Step205R 08/24/26 13:35:31  <--- START\n\n
  oem_job_status_update.ksh "R" "${STEPNAME} pkg_oem_ref_trans_dupes_rpt"
+ oem_job_status_update.ksh R 'Step205R pkg_oem_ref_trans_dupes_rpt'
  #**************************************************************************************
  #  Program: pkg_oem_ref_trans_dupes_rpt
  #**************************************************************************************
  INPUT_FILENAME=${JOBNAME}_step050_transout.tmp
+ INPUT_FILENAME=mptr450_step050_transout.tmp
  OUTPUT_FILENAME=${JOBNAME}_step205_transout.tmp
+ OUTPUT_FILENAME=mptr450_step205_transout.tmp
#----------------------------------------------------------------------------------------
(sqlplus -s << % 2>&1)
${MPTUSERID}
SET ECHO ON;
SET FEEDBACK OFF;
SET VERIFY ON;
SET LINESIZE 80;
SET SERVEROUTPUT ON;
whenever sqlerror exit sql.sqlcode
    exec pkg_oem_ref_fix_trans_cleanup.p_main_procedure(p_reformat_job       => '${REFORMATJOB}',      \
                                                        p_log_directory      => '${OBJ_LOGDIR}',       \
                                                        p_log_filename       => '${LOGFILE}',          \
                                                        p_input_directory    => '${OBJ_TMPDIR}',       \
                                                        p_input_filename     => '${INPUT_FILENAME}',   \
                                                        p_output_directory   => '${OBJ_TMPDIR}',       \
                                                        p_output_filename    => '${OUTPUT_FILENAME}',  \
                                                        p_debug_level        => '${RACE_DEBUG_LEVEL}', \
                                                        p_dbms_profiler_flag => '${RACE_DBMS_PROFILER_FLAG}');
QUIT;
%
+ sqlplus -s
+ 0<< \%
racejob/q1w2e3r4
SET ECHO ON;
SET FEEDBACK OFF;
SET VERIFY ON;
SET LINESIZE 80;
SET SERVEROUTPUT ON;
whenever sqlerror exit sql.sqlcode
    exec pkg_oem_ref_fix_trans_cleanup.p_main_procedure(p_reformat_job       => 'mptr450',                                                              p_log_directory      => 'RACE_OEM_LOG_DIR',                                                               p_log_filename       => 'mptr450_20260824133350.log',                                                                  p_input_directory    => 'RACE_OEM_TMP_DIR',                                                               p_input_filename     => 'mptr450_step050_transout.tmp',                                                           p_output_directory   => 'RACE_OEM_TMP_DIR',                                                               p_output_filename    => 'mptr450_step205_transout.tmp',                                                          p_debug_level        => '0',                                                         p_dbms_profiler_flag => 'N');
QUIT;
%
2>& 1
    Start  mptr450   Tue Aug 25 08:07:22 AM PDT 2026
\n\n**********************************************************************************
Restart Step Step205R has been included in the job execution.
**********************************************************************************\n\n
\n\n**********************************************************************************
Step Step205R is not found in script: /prod/race/oem/bin/oem_ref.ksh
Restart stepname is case sensitive (step010r will fail - use Step010R)
**********************************************************************************\n\n
\n\n**********************************************************************************
Restart Step Step205R has been included in the job execution.
**********************************************************************************\n\n
\n\n**************************************************************************************************************
Calling:  oem_ref_trans_check_and_split.ksh Step205R   Datetime: 08/25/26 08:07:22   Script: /tmp/mptr450_oem_ref_trans_check_and_split.ksh_run
**************************************************************************************************************\n\n
RCS : oem_ref_trans_check_and_split.ksh,v 1.15 2020/08/26 00:54:25 pg2697 Exp $
print ProcessId = $$
+ print ProcessId '=' 717510
ProcessId = 717510
#****************************************************************************************
#      NOTE:  This script is very similiar to oem_ref_trans_split_only.ksh
#   Changes here should also be considered in oem_ref_trans_split_only.ksh.
#****************************************************************************************
trap 'oem_abndalrt.ksh $?' err
+ trap 'oem_abndalrt.ksh $?' err
export PROCNAME=$(basename $0 .ksh_run)
+ basename /tmp/mptr450_oem_ref_trans_check_and_split.ksh_run .ksh_run
+ PROCNAME=mptr450_oem_ref_trans_check_and_split
+ export PROCNAME
#****************************************************************************************
#  Build environment variables for the job (based on jobname)
#****************************************************************************************
. oem_job.ksh 
+ . oem_job.ksh
#!/bin/ksh
echo "RCS $Id: oem_job.ksh,v 1.9 2026/08/07 19:34:48 rj132422 Exp $"
#*****************************************************************************************
# PROCNAME oem_job.ksh
# PURPOSE  Retreive and build UNIX Environment Variables from Oracle Tables
#          Used by RACE OEM Parts Reformat and Update jobs
#*****************************************************************************************
trap 'oem_abndalrt.ksh $?' err
MPTUSERID=`cat ${RACE}/prm/zmptpass.prm`
LOGFILE=$(basename ${JOBLOGNAME})
#*****************************************************************************************
#  Build UNIX environment variables for the job (based on jobname)
#*****************************************************************************************
REFORMATJOB=${JOBNAME}
UPDATEJOB=${JOBNAME}
WORKFILE=${JOBNAME}_oem_job.tmp
#-----------------------------------------------------------------------------------------
(sqlplus -s << % 2>&1)
${MPTUSERID}
SET VERIFY OFF
SET FEEDBACK OFF
SET TAB OFF
SET LINESIZE 100
SET PAGES 0
SET TRIMSPOOL ON
whenever sqlerror exit sql.sqlcode
    exec pkg_oem_job.p_oem_job_sel_03(p_jobname       => '${JOBNAME}',    \
                                      p_tmp_directory => '${OBJ_TMPDIR}', \
                                      p_tmp_filename  => '${WORKFILE}',   \
                                      p_log_directory => '${OBJ_TMPDIR}', \
                                      p_log_filename  => '${LOGFILE%.log}.db.log');
QUIT;
%

# rj132422 - This code was added to avoid race condition between db and shell due the nfs
DB_LOG=${RACE}/tmp/${LOGFILE%.log}.db.log
if [ -s "$DB_LOG" ]; then
    cat "$DB_LOG" >> "${LOGDIR}/${LOGFILE}"
    rm  "$DB_LOG"
fi

#-----------------------------------------------------------------------------------------
export WORKFILE=${RACE}/tmp/${WORKFILE}

#If the ReformatJob Environment variable isn't defined, abend the process
export REFORMATJOB=`cat ${WORKFILE}                   | cut -f1  -d","`
if [ -z "${REFORMATJOB}" ]
then
   abndalrt.ksh environment_not_found_in_oem_job_table.tmp
fi
export UPDATEJOB=`cat ${WORKFILE}                     | cut -f2  -d","`
export JOBOEM=`cat ${WORKFILE}                        | cut -f3  -d","`
export JOBCTRY=`cat ${WORKFILE}                       | cut -f4  -d","`
export JOBOEMNAME=`cat ${WORKFILE}                    | cut -f5  -d","`
export OEMABBRLOWER=`cat ${WORKFILE}                  | cut -f6  -d","`
export JOBPARM=`cat ${WORKFILE}                       | cut -f7  -d","`
export FORMATOEM=`cat ${WORKFILE}                     | cut -f8  -d","`
export FORMATCTRY=`cat ${WORKFILE}                    | cut -f9  -d","`
export JOBFILE_OEMCTRY=`cat ${WORKFILE}               | cut -f10 -d","`
export REPORTSUFFIX=`cat ${WORKFILE}                  | cut -f11 -d","`
export REVERSE_SUPER_JOBPARM=`cat ${WORKFILE}         | cut -f12 -d","`
export PACKAGE_NAME_1=`cat ${WORKFILE}                | cut -f13 -d","`
export PACKAGE_NAME_2=`cat ${WORKFILE}                | cut -f14 -d","`
export DUPLICATE_PARTS_EXPECTED_FLAG=`cat ${WORKFILE} | cut -f15 -d","`
export REFORMAT_BUILDS_RTRANS_FLAG=`cat ${WORKFILE}   | cut -f16 -d","`
export OBSOLETE_JOB_FLAG=`cat ${WORKFILE}             | cut -f17 -d","`
export PREPROCESS_SCRIPT_NAME=`cat ${WORKFILE}        | cut -f18 -d","`


##########################################################################################
# The various Oracle Package call by the OEM system use Global Temporary Tables.
# For some reason (only in the test system at this point in time), the indexes on these
# Global Tempoary Tables are missing.
# The missing indexes result in slooooow processing and often aren't discovered missing
# right away.  To curtail this problem, run a quick check to see if the indexes exist.
# When an index for a Global Temporary Table is not found, it will be created.
##########################################################################################
#-----------------------------------------------------------------------------------------
(sqlplus -s << % 2>&1)
${MPTUSERID}
SET VERIFY OFF
SET FEEDBACK OFF
SET TAB OFF
SET LINESIZE 100
SET PAGES 0
SET TRIMSPOOL ON
SET SERVEROUTPUT ON SIZE 1000000
whenever sqlerror exit sql.sqlcode
    exec pkg_oem_ref_utilities.p_check_gtmp_indexes(p_jobname       => '${JOBNAME}',       \
                                                    p_log_directory => '${OBJ_TMPDIR}',    \
                                                    p_log_filename  => '${LOGFILE%.log}.db.log',       \
                                                    p_debug_level   => '${RACE_DEBUG_LEVEL}');
QUIT;
%

# rj132422 - This code was added to avoid race condition between db and shell due the nfs
DB_LOG=${RACE}/tmp/${LOGFILE%.log}.db.log
if [ -s "$DB_LOG" ]; then
    cat "$DB_LOG" >> "${LOGDIR}/${LOGFILE}"
    rm  "$DB_LOG"
fi
#-----------------------------------------------------------------------------------------

#*****************************************************************************************
# END oem_job.ksh
#*****************************************************************************************+ echo 'RCS : oem_job.ksh,v 1.9 2026/08/07 19:34:48 rj132422 Exp $'
RCS : oem_job.ksh,v 1.9 2026/08/07 19:34:48 rj132422 Exp $
+ trap 'oem_abndalrt.ksh $?' err
cat ${RACE}/prm/zmptpass.prm
+ cat /prod/race/oem/prm/zmptpass.prm
+ MPTUSERID=racejob/q1w2e3r4
+ basename /prod/race/oem/log/mptr450_20260824133350.log
+ LOGFILE=mptr450_20260824133350.log
+ REFORMATJOB=mptr450
+ UPDATEJOB=mptr450
+ WORKFILE=mptr450_oem_job.tmp
+ sqlplus -s
+ 0<< \%
racejob/q1w2e3r4
SET VERIFY OFF
SET FEEDBACK OFF
SET TAB OFF
SET LINESIZE 100
SET PAGES 0
SET TRIMSPOOL ON
whenever sqlerror exit sql.sqlcode
    exec pkg_oem_job.p_oem_job_sel_03(p_jobname       => 'mptr450',                                          p_tmp_directory => 'RACE_OEM_TMP_DIR',                                       p_tmp_filename  => 'mptr450_oem_job.tmp',                                         p_log_directory => 'RACE_OEM_TMP_DIR',                                       p_log_filename  => 'mptr450_20260824133350.db.log');
QUIT;
%
2>& 1
+ DB_LOG=/prod/race/oem/tmp/mptr450_20260824133350.db.log
+ [ -s /prod/race/oem/tmp/mptr450_20260824133350.db.log ]
+ cat /prod/race/oem/tmp/mptr450_20260824133350.db.log
+ 1>> /prod/race/oem/log/mptr450_20260824133350.log

mptr450,mptr451,035,CA,MAZ,maz,zmpt451a,035,CA,maz_ca,mazca,mpt451e,pkg_oem_ref_021,,N,N,N,oem_ref_mptr450_maz_merge.ksh,U,Y,

+ rm /prod/race/oem/tmp/mptr450_20260824133350.db.log
+ WORKFILE=/prod/race/oem/tmp/mptr450_oem_job.tmp
+ export WORKFILE
cat ${WORKFILE}                   | cut -f1  -d","
+ cut -f1 -d,
+ cat /prod/race/oem/tmp/mptr450_oem_job.tmp
+ REFORMATJOB=mptr450
+ export REFORMATJOB
+ [ -z mptr450 ]
cat ${WORKFILE}                     | cut -f2  -d","
+ cut -f2 -d,
+ cat /prod/race/oem/tmp/mptr450_oem_job.tmp
+ UPDATEJOB=mptr451
+ export UPDATEJOB
cat ${WORKFILE}                        | cut -f3  -d","
+ cut -f3 -d,
+ cat /prod/race/oem/tmp/mptr450_oem_job.tmp
+ JOBOEM=035
+ export JOBOEM
cat ${WORKFILE}                       | cut -f4  -d","
+ cut -f4 -d,
+ cat /prod/race/oem/tmp/mptr450_oem_job.tmp
+ JOBCTRY=CA
+ export JOBCTRY
cat ${WORKFILE}                    | cut -f5  -d","
+ cut -f5 -d,
+ cat /prod/race/oem/tmp/mptr450_oem_job.tmp
+ JOBOEMNAME=MAZ
+ export JOBOEMNAME
cat ${WORKFILE}                  | cut -f6  -d","
+ cut -f6 -d,
+ cat /prod/race/oem/tmp/mptr450_oem_job.tmp
+ OEMABBRLOWER=maz
+ export OEMABBRLOWER
cat ${WORKFILE}                       | cut -f7  -d","
+ cut -f7 -d,
+ cat /prod/race/oem/tmp/mptr450_oem_job.tmp
+ JOBPARM=zmpt451a
+ export JOBPARM
cat ${WORKFILE}                     | cut -f8  -d","
+ cat /prod/race/oem/tmp/mptr450_oem_job.tmp
+ cut -f8 -d,
+ FORMATOEM=035
+ export FORMATOEM
cat ${WORKFILE}                    | cut -f9  -d","
+ cut -f9 -d,
+ cat /prod/race/oem/tmp/mptr450_oem_job.tmp
+ FORMATCTRY=CA
+ export FORMATCTRY
cat ${WORKFILE}               | cut -f10 -d","
+ cut -f10 -d,
+ cat /prod/race/oem/tmp/mptr450_oem_job.tmp
+ JOBFILE_OEMCTRY=maz_ca
+ export JOBFILE_OEMCTRY
cat ${WORKFILE}                  | cut -f11 -d","
+ cut -f11 -d,
+ cat /prod/race/oem/tmp/mptr450_oem_job.tmp
+ REPORTSUFFIX=mazca
+ export REPORTSUFFIX
cat ${WORKFILE}         | cut -f12 -d","
+ cut -f12 -d,
+ cat /prod/race/oem/tmp/mptr450_oem_job.tmp
+ REVERSE_SUPER_JOBPARM=mpt451e
+ export REVERSE_SUPER_JOBPARM
cat ${WORKFILE}                | cut -f13 -d","
+ cut -f13 -d,
+ cat /prod/race/oem/tmp/mptr450_oem_job.tmp
+ PACKAGE_NAME_1=pkg_oem_ref_021
+ export PACKAGE_NAME_1
cat ${WORKFILE}                | cut -f14 -d","
+ cut -f14 -d,
+ cat /prod/race/oem/tmp/mptr450_oem_job.tmp
+ PACKAGE_NAME_2=''
+ export PACKAGE_NAME_2
cat ${WORKFILE} | cut -f15 -d","
+ cut -f15 -d,
+ cat /prod/race/oem/tmp/mptr450_oem_job.tmp
+ DUPLICATE_PARTS_EXPECTED_FLAG=N
+ export DUPLICATE_PARTS_EXPECTED_FLAG
cat ${WORKFILE}   | cut -f16 -d","
+ cut -f16 -d,
+ cat /prod/race/oem/tmp/mptr450_oem_job.tmp
+ REFORMAT_BUILDS_RTRANS_FLAG=N
+ export REFORMAT_BUILDS_RTRANS_FLAG
cat ${WORKFILE}             | cut -f17 -d","
+ cut -f17 -d,
+ cat /prod/race/oem/tmp/mptr450_oem_job.tmp
+ OBSOLETE_JOB_FLAG=N
+ export OBSOLETE_JOB_FLAG
cat ${WORKFILE}        | cut -f18 -d","
+ cut -f18 -d,
+ cat /prod/race/oem/tmp/mptr450_oem_job.tmp
+ PREPROCESS_SCRIPT_NAME=oem_ref_mptr450_maz_merge.ksh
+ export PREPROCESS_SCRIPT_NAME
+ sqlplus -s
+ 0<< \%
racejob/q1w2e3r4
SET VERIFY OFF
SET FEEDBACK OFF
SET TAB OFF
SET LINESIZE 100
SET PAGES 0
SET TRIMSPOOL ON
SET SERVEROUTPUT ON SIZE 1000000
whenever sqlerror exit sql.sqlcode
    exec pkg_oem_ref_utilities.p_check_gtmp_indexes(p_jobname       => 'mptr450',                                                           p_log_directory => 'RACE_OEM_TMP_DIR',                                                        p_log_filename  => 'mptr450_20260824133350.db.log',                                                           p_debug_level   => '0');
QUIT;
%
2>& 1
+ DB_LOG=/prod/race/oem/tmp/mptr450_20260824133350.db.log
+ [ -s /prod/race/oem/tmp/mptr450_20260824133350.db.log ]
+ cat /prod/race/oem/tmp/mptr450_20260824133350.db.log
+ 1>> /prod/race/oem/log/mptr450_20260824133350.log

Start mptr450 pkg_oem_ref_utilities.p_check_gtmp_indexes


 End  mptr450 pkg_oem_ref_utilities.p_check_gtmp_indexes
+ rm /prod/race/oem/tmp/mptr450_20260824133350.db.log
#****************************************************************************************


#STEP Step205R
  export STEPNAME=Step205R
+ STEPNAME=Step205R
+ export STEPNAME
  echo "\n\nSTART ---> ${PROCNAME} ${STEPNAME}" $(date +'%m/%d/%y %H:%M:%S')  " <--- START\n\n"
+ date '+%m/%d/%y %H:%M:%S'
+ echo '\n\nSTART ---> mptr450_oem_ref_trans_check_and_split Step205R' 08/25/26 08:07:23 ' <--- START\n\n'
\n\nSTART ---> mptr450_oem_ref_trans_check_and_split Step205R 08/25/26 08:07:23  <--- START\n\n
  oem_job_status_update.ksh "R" "${STEPNAME} pkg_oem_ref_trans_dupes_rpt"
+ oem_job_status_update.ksh R 'Step205R pkg_oem_ref_trans_dupes_rpt'
  #**************************************************************************************
  #  Program: pkg_oem_ref_trans_dupes_rpt
  #**************************************************************************************
  INPUT_FILENAME=${JOBNAME}_step050_transout.tmp
+ INPUT_FILENAME=mptr450_step050_transout.tmp
  OUTPUT_FILENAME=${JOBNAME}_step205_transout.tmp
+ OUTPUT_FILENAME=mptr450_step205_transout.tmp
#----------------------------------------------------------------------------------------
(sqlplus -s << % 2>&1)
${MPTUSERID}
SET ECHO ON;
SET FEEDBACK OFF;
SET VERIFY ON;
SET LINESIZE 80;
SET SERVEROUTPUT ON;
whenever sqlerror exit sql.sqlcode
    exec pkg_oem_ref_fix_trans_cleanup.p_main_procedure(p_reformat_job       => '${REFORMATJOB}',      \
                                                        p_log_directory      => '${OBJ_LOGDIR}',       \
                                                        p_log_filename       => '${LOGFILE}',          \
                                                        p_input_directory    => '${OBJ_TMPDIR}',       \
                                                        p_input_filename     => '${INPUT_FILENAME}',   \
                                                        p_output_directory   => '${OBJ_TMPDIR}',       \
                                                        p_output_filename    => '${OUTPUT_FILENAME}',  \
                                                        p_debug_level        => '${RACE_DEBUG_LEVEL}', \
                                                        p_dbms_profiler_flag => '${RACE_DBMS_PROFILER_FLAG}');
QUIT;
%
+ sqlplus -s
+ 0<< \%
racejob/q1w2e3r4
SET ECHO ON;
SET FEEDBACK OFF;
SET VERIFY ON;
SET LINESIZE 80;
SET SERVEROUTPUT ON;
whenever sqlerror exit sql.sqlcode
    exec pkg_oem_ref_fix_trans_cleanup.p_main_procedure(p_reformat_job       => 'mptr450',                                                              p_log_directory      => 'RACE_OEM_LOG_DIR',                                                               p_log_filename       => 'mptr450_20260824133350.log',                                                                  p_input_directory    => 'RACE_OEM_TMP_DIR',                                                               p_input_filename     => 'mptr450_step050_transout.tmp',                                                           p_output_directory   => 'RACE_OEM_TMP_DIR',                                                               p_output_filename    => 'mptr450_step205_transout.tmp',                                                          p_debug_level        => '0',                                                         p_dbms_profiler_flag => 'N');
QUIT;
%
2>& 1
#----------------------------------------------------------------------------------------


#STEP Step210R
  export STEPNAME=Step210R
+ STEPNAME=Step210R
+ export STEPNAME
  echo "\n\nSTART ---> ${PROCNAME} ${STEPNAME}" $(date +'%m/%d/%y %H:%M:%S')  " <--- START\n\n"
+ date '+%m/%d/%y %H:%M:%S'
+ echo '\n\nSTART ---> mptr450_oem_ref_trans_check_and_split Step210R' 08/25/26 08:53:36 ' <--- START\n\n'
\n\nSTART ---> mptr450_oem_ref_trans_check_and_split Step210R 08/25/26 08:53:36  <--- START\n\n
  oem_job_status_update.ksh "R" "${STEPNAME} pkg_oem_ref_trans_dupes_rpt"
+ oem_job_status_update.ksh R 'Step210R pkg_oem_ref_trans_dupes_rpt'
  #**************************************************************************************
  #  Program: pkg_oem_ref_trans_dupes_rpt
  #**************************************************************************************
  INPUT_FILENAME=${JOBNAME}_step205_transout.tmp

+ INPUT_FILENAME=mptr450_step205_transout.tmp
  REPORT_FILE=${JOBNAME}y_dup${REPORTSUFFIX}_$(date +'%C%y%m%d%H%M%S').rpt

+ date +%C%y%m%d%H%M%S
+ REPORT_FILE=mptr450y_dupmazca_20260825085337.rpt
#----------------------------------------------------------------------------------------
(sqlplus -s << % 2>&1)
${MPTUSERID}
SET ECHO ON;
SET FEEDBACK OFF;
SET VERIFY ON;
SET LINESIZE 80;
SET SERVEROUTPUT ON;
whenever sqlerror exit sql.sqlcode
    exec pkg_oem_ref_trans_dupes_rpt.p_main_procedure(p_reformat_job       => '${REFORMATJOB}',      \
                                                      p_log_directory      => '${OBJ_LOGDIR}',       \
                                                      p_log_filename       => '${LOGFILE}',          \
                                                      p_input_directory    => '${OBJ_TMPDIR}',       \
                                                      p_input_filename     => '${INPUT_FILENAME}',   \
                                                      p_report_directory   => '${OBJ_RPTDIR}',       \
                                                      p_report_filename    => '${REPORT_FILE}', \
                                                      p_debug_level        => '${RACE_DEBUG_LEVEL}', \
                                                      p_dbms_profiler_flag => '${RACE_DBMS_PROFILER_FLAG}');
QUIT;
%
+ sqlplus -s
+ 0<< \%
racejob/q1w2e3r4
SET ECHO ON;
SET FEEDBACK OFF;
SET VERIFY ON;
SET LINESIZE 80;
SET SERVEROUTPUT ON;
whenever sqlerror exit sql.sqlcode
    exec pkg_oem_ref_trans_dupes_rpt.p_main_procedure(p_reformat_job       => 'mptr450',                                                            p_log_directory      => 'RACE_OEM_LOG_DIR',                                                             p_log_filename       => 'mptr450_20260824133350.log',                                                                p_input_directory    => 'RACE_OEM_TMP_DIR',                                                             p_input_filename     => 'mptr450_step205_transout.tmp',                                                         p_report_directory   => 'RACE_OEM_RPT_DIR',                                                             p_report_filename    => 'mptr450y_dupmazca_20260825085337.rpt',                                                       p_debug_level        => '0',                                                       p_dbms_profiler_flag => 'N');
QUIT;
%
2>& 1
#----------------------------------------------------------------------------------------

#STEP Step211R
  export STEPNAME=Step211R
+ STEPNAME=Step211R
+ export STEPNAME
  echo "\n\nSTART ---> ${PROCNAME} ${STEPNAME}" $(date +'%m/%d/%y %H:%M:%S')  " <--- START\n\n"
+ date '+%m/%d/%y %H:%M:%S'
+ echo '\n\nSTART ---> mptr450_oem_ref_trans_check_and_split Step211R' 08/25/26 08:53:46 ' <--- START\n\n'
\n\nSTART ---> mptr450_oem_ref_trans_check_and_split Step211R 08/25/26 08:53:46  <--- START\n\n
  oem_job_status_update.ksh "R" "${STEPNAME} Report Distribution"
+ oem_job_status_update.ksh R 'Step211R Report Distribution'
  #**************************************************************************************
  #  Emails and Handles Retention for Report(s) created in previous step  
  #**************************************************************************************
  email_rpt.ksh "${JOBNAME}y"              
+ email_rpt.ksh mptr450y
RCS : email_rpt.ksh,v 1.7 2021/11/02 19:13:13 pg2697 Exp $
LATEST REPORT TO BE EMAILED: mptr450y_dupmazca_20260825085337.txt from /prod/race/oem/tmp.
  rpt_log_retention.ksh "${JOBNAME}y"

+ rpt_log_retention.ksh mptr450y
\n Begin rpt_log_retention.ksh \n
Processing REPORTID=mptr450y

SQL*Plus: Release 19.0.0.0.0 - Production on Tue Aug 25 08:53:47 2026
Version 19.29.0.0.0

Copyright (c) 1982, 2025, Oracle.  All rights reserved.

Enter user-name: Last Successful login time: Tue Aug 25 2026 08:53:46 -07:00

Connected to:
Oracle Database 19c Enterprise Edition Release 19.0.0.0.0 - Production
Version 19.30.0.0.0

SQL> SQL> SQL> 
PL/SQL procedure successfully completed.

SQL> SQL> Disconnected from Oracle Database 19c Enterprise Edition Release 19.0.0.0.0 - Production
Version 19.30.0.0.0
oldest file removed: /prod/race/oem/rpt/mptr450y_dupmazca_20260526061826.rpt (due to retention)
oldest file removed: /prod/race/oem/rpt/mptr450y_dupmazca_20260325115809.rpt (due to retention)
oldest file removed: /prod/race/oem/rpt/mptr450y_dupmazca_20260225054844.rpt (due to retention)
oldest file removed: /prod/race/oem/rpt/mptr450y_dupmazca_20260126081927.rpt (due to retention)
\n End rpt_log_retention.ksh
  
#STEP Step215R
  export STEPNAME=Step215R
+ STEPNAME=Step215R
+ export STEPNAME
  echo "\n\nSTART ---> ${PROCNAME} ${STEPNAME}" $(date +'%m/%d/%y %H:%M:%S')  " <--- START\n\n"
+ date '+%m/%d/%y %H:%M:%S'
+ echo '\n\nSTART ---> mptr450_oem_ref_trans_check_and_split Step215R' 08/25/26 08:53:47 ' <--- START\n\n'
\n\nSTART ---> mptr450_oem_ref_trans_check_and_split Step215R 08/25/26 08:53:47  <--- START\n\n
  oem_job_status_update.ksh "R" "${STEPNAME} Sort by Transcode, Old Part, New Part, Price desc, Description desc"
+ oem_job_status_update.ksh R 'Step215R Sort by Transcode, Old Part, New Part, Price desc, Description desc'
  #**************************************************************************************
  #  Program: Sort
  #**************************************************************************************
  TRANS_SORTIN=${RACE}/tmp/${JOBNAME}_step205_transout.tmp
+ TRANS_SORTIN=/prod/race/oem/tmp/mptr450_step205_transout.tmp
  TRANS_SORTOUT=${RACE}/tmp/${JOBNAME}_step215_transout_sorted.tmp
+ TRANS_SORTOUT=/prod/race/oem/tmp/mptr450_step215_transout_sorted.tmp
  #           +---------+----------+-----------+------------+-----------------+
  #           |Transcode| Old Part |  New Part | Price Desc | Description Desc|
  #           +---------+----------+-----------+------------+-----------------+
  sort -T /tmp -k1.1,1.1 -k1.7,1.31 -k1.32,1.56 -k1.57,1.71r -k1.88,1.167r -o ${TRANS_SORTOUT} ${TRANS_SORTIN}


+ sort -T /tmp -k1.1,1.1 -k1.7,1.31 -k1.32,1.56 -k1.57,1.71r -k1.88,1.167r -o /prod/race/oem/tmp/mptr450_step215_transout_sorted.tmp /prod/race/oem/tmp/mptr450_step205_transout.tmp
#STEP Step216R
  export STEPNAME=Step216R
+ STEPNAME=Step216R
+ export STEPNAME
  echo "\n\nSTART ---> ${PROCNAME} ${STEPNAME}" $(date +'%m/%d/%y %H:%M:%S')  " <--- START\n\n"
+ date '+%m/%d/%y %H:%M:%S'
+ echo '\n\nSTART ---> mptr450_oem_ref_trans_check_and_split Step216R' 08/25/26 08:54:03 ' <--- START\n\n'
\n\nSTART ---> mptr450_oem_ref_trans_check_and_split Step216R 08/25/26 08:54:03  <--- START\n\n
  oem_job_status_update.ksh "R" "${STEPNAME} mpt_elim_dup_old_new_part.awk"
+ oem_job_status_update.ksh R 'Step216R mpt_elim_dup_old_new_part.awk'
  #**************************************************************************************
  #  Program: mpt_elim_dup_old_new_part.awk
  #**************************************************************************************
  SORTED_FILEIN=${RACE}/tmp/${JOBNAME}_step215_transout_sorted.tmp
+ SORTED_FILEIN=/prod/race/oem/tmp/mptr450_step215_transout_sorted.tmp
  REFORMAT_FILEOUT=${RACE}/tmp/${JOBNAME}_step216_ref_${JOBFILE_OEMCTRY}.tmp
+ REFORMAT_FILEOUT=/prod/race/oem/tmp/mptr450_step216_ref_maz_ca.tmp
  
  if [ "${DUPLICATE_PARTS_EXPECTED_FLAG}" = "Y" ]
  then
    export sort_type=tcd_old_part_new_part
    cat ${SORTED_FILEIN} | awk -f ${RACE}/bin/mpt_elim_dup_old_new_part.awk > ${REFORMAT_FILEOUT}
  else
     cp ${SORTED_FILEIN} ${REFORMAT_FILEOUT}
  fi 


+ [ N '=' Y ]
+ cp /prod/race/oem/tmp/mptr450_step215_transout_sorted.tmp /prod/race/oem/tmp/mptr450_step216_ref_maz_ca.tmp
#STEP Step220R
  export STEPNAME=Step220R
+ STEPNAME=Step220R
+ export STEPNAME
  echo "\n\nSTART ---> ${PROCNAME} ${STEPNAME}" $(date +'%m/%d/%y %H:%M:%S')  " <--- START\n\n"
+ date '+%m/%d/%y %H:%M:%S'
+ echo '\n\nSTART ---> mptr450_oem_ref_trans_check_and_split Step220R' 08/25/26 08:54:04 ' <--- START\n\n'
\n\nSTART ---> mptr450_oem_ref_trans_check_and_split Step220R 08/25/26 08:54:04  <--- START\n\n
  oem_job_status_update.ksh "R" "${STEPNAME} Extract the P and N transaction records"
+ oem_job_status_update.ksh R 'Step220R Extract the P and N transaction records'
  #**************************************************************************************
  #  Check the newly reformated transaction file for looping supersessions - remove loops
  #**************************************************************************************

  . oem_rpt_validate_supers.ksh
+ . oem_rpt_validate_supers.ksh
#!/bin/ksh
echo "RCS $Id: oem_rpt_validate_supers.ksh,v 1.14 2020/08/26 00:55:48 pg2697 Exp $"
set -xv
print ProcessId = $$
#****************************************************************************************
#  Description: Run process to validate supersessions and create reports
#****************************************************************************************
trap 'oem_abndalrt.ksh $?' err
export PROCNAME=$(basename $0 .ksh_run)
#****************************************************************************************
#  Build environment variables for the job (based on jobname)
#****************************************************************************************
. oem_job.ksh
#****************************************************************************************

#STEP Step510
  export STEPNAME=Step510
  echo "\n\nSTART ---> ${PROCNAME} ${STEPNAME}" $(date +'%m/%d/%y %H:%M:%S')  " <--- START\n\n"
  oem_job_status_update.ksh "R" "${STEPNAME} Extract the P and N records"
  #**************************************************************************************
  #                                          Extract the P and N records
  #**************************************************************************************
  REFORMAT_WORKOUT=${RACE}/tmp/${JOBNAME}_step510_oemrecs.tmp
  if [ ${JOBNAME} = ${REFORMATJOB} ]
  then
     #**************************************************************************************
     # Reformat Job? Only extract N records (From Step216R)
     #**************************************************************************************
     REFORMAT_FILEIN=${RACE}/tmp/${JOBNAME}_step216_ref_${JOBFILE_OEMCTRY}.tmp
     awk '{ if (substr($0,1,1)=="N") print $0 }' ${REFORMAT_FILEIN} > ${REFORMAT_WORKOUT}
  else
     #**************************************************************************************
     # Update Job? Only extract N and P records
     #**************************************************************************************
     REFORMAT_FILEIN=$(setgdg.ksh "${RACE}/dat/${REFORMATJOB}_ref_${JOBFILE_OEMCTRY}.dat(0)")
     awk '{ if (substr($0,1,1)=="P") print $0 }' ${REFORMAT_FILEIN} >  ${REFORMAT_WORKOUT}
     awk '{ if (substr($0,1,1)=="N") print $0 }' ${REFORMAT_FILEIN} >> ${REFORMAT_WORKOUT}
  fi


#STEP Step515
  export STEPNAME=Step515
  echo "\n\nSTART ---> ${PROCNAME} ${STEPNAME}" $(date +'%m/%d/%y %H:%M:%S')  " <--- START\n\n"
  oem_job_status_update.ksh "R" "${STEPNAME} Sort unique"
  #**************************************************************************************
  #                                          Sort unique 
  #**************************************************************************************
  SORTFILE_FILEIN=${RACE}/tmp/${JOBNAME}_step510_oemrecs.tmp
  SORT_FILEOUT=${RACE}/tmp/${JOBNAME}_step515_oemrecs_sort.tmp
  rm -f $SORT_FILEOUT
  #      +----------+
  #      |OLD & NEW |
  #      +----------+
  sort -u -k1.7,1.56 -o ${SORT_FILEOUT} ${SORTFILE_FILEIN}


#STEP Step530
  export STEPNAME=Step530
  echo "\n\nSTART ---> ${PROCNAME} ${STEPNAME}" $(date +'%m/%d/%y %H:%M:%S')  " <--- START\n\n"
  oem_job_status_update.ksh "R" "${STEPNAME} pkg_oem_rpt_validate_supers"
  #**************************************************************************************
  #                                          pkg_oem_rpt_validate_supers
  #  Execute Supersession Validation Program - Check the chains for loops
  #                                            and for "middle" parts with pricing
  #**************************************************************************************
  INPUT_FILENAME=${JOBNAME}_step515_oemrecs_sort.tmp
  OUTPUT_HTRANS=${JOBNAME}_step530_htrans_${JOBFILE_OEMCTRY}.tmp
  OUTPUT_PTRANS=${JOBNAME}_step530_ptrans_${JOBFILE_OEMCTRY}.tmp
  OUTPUT_RTRANS=${JOBNAME}_step530_rtrans_${JOBFILE_OEMCTRY}.tmp
  OUTPUT_NTRANS=${JOBNAME}_step530_ntrans_${JOBFILE_OEMCTRY}.tmp    # Used when checking for loops OEM Reformat File

  if [ ${JOBNAME} = ${REFORMATJOB} ]
  then
    REPORT_FILENAME=${JOBNAME}n_sup${REPORTSUFFIX}_$(date +'%C%y%m%d%H%M%S').rpt
  else
    REPORT_FILENAME=${JOBNAME}a_sup${REPORTSUFFIX}_$(date +'%C%y%m%d%H%M%S').rpt
  fi

#----------------------------------------------------------------------------------------
(sqlplus -s << % 2>&1)
${MPTUSERID}
SET VERIFY OFF
SET FEEDBACK OFF
SET TAB OFF
SET LINESIZE 100
SET PAGES 0
SET TRIMSPOOL ON
whenever sqlerror exit sql.sqlcode
    exec pkg_oem_rpt_validate_supers.p_main_procedure(p_this_job           => '${JOBNAME}',          \
                                                      p_reformat_job       => '${REFORMATJOB}',      \
                                                      p_log_directory      => '${OBJ_LOGDIR}',       \
                                                      p_log_filename       => '${LOGFILE}',          \
                                                      p_input_directory    => '${OBJ_TMPDIR}',       \
                                                      p_input_filename     => '${INPUT_FILENAME}',   \
                                                      p_output_directory   => '${OBJ_TMPDIR}',       \
                                                      p_output_htrans      => '${OUTPUT_HTRANS}',    \
                                                      p_output_ptrans      => '${OUTPUT_PTRANS}',    \
                                                      p_output_rtrans      => '${OUTPUT_RTRANS}',    \
                                                      p_output_ntrans      => '${OUTPUT_NTRANS}',    \
                                                      p_report_directory   => '${OBJ_RPTDIR}',       \
                                                      p_report_filename    => '${REPORT_FILENAME}',  \
                                                      p_debug_level        => '${RACE_DEBUG_LEVEL}', \
                                                      p_dbms_profiler_flag => '${RACE_DBMS_PROFILER_FLAG}');
QUIT;
%
#----------------------------------------------------------------------------------------


#STEP Step531R
  export STEPNAME=Step531R
  echo "\n\nSTART ---> ${PROCNAME} ${STEPNAME}" $(date +'%m/%d/%y %H:%M:%S')  " <--- START\n\n"
  oem_job_status_update.ksh "R" "${STEPNAME} Report Distribution"
  #**************************************************************************************
  #  Emails and Handles Retention for Report(s) created in previous step  
  #**************************************************************************************
  if [ ${JOBNAME} = ${REFORMATJOB} ]
  then
    email_rpt.ksh "${JOBNAME}n"
    rpt_log_retention.ksh "${JOBNAME}n" 
    
  else
    email_rpt.ksh "${JOBNAME}a" 
    rpt_log_retention.ksh "${JOBNAME}a" 
  fi


#STEP Step570
  export STEPNAME=Step570
  echo "\n\nSTART ---> ${PROCNAME} ${STEPNAME}" $(date +'%m/%d/%y %H:%M:%S')  " <--- START\n\n"
  oem_job_status_update.ksh "R" "${STEPNAME} Save files"
  #**************************************************************************************
  #   REFORMAT - Save ntrans
  #   UPDATE   - Save rtrans, htrans, and ptrans files
  #**************************************************************************************
  if [ ${JOBNAME} = ${REFORMATJOB} ]
  then
               cp ${RACE}/tmp/${JOBNAME}_step530_ntrans_${JOBFILE_OEMCTRY}.tmp \
    $(setgdg.ksh "${RACE}/dat/${JOBNAME}_looping_oem_ntrans_${JOBFILE_OEMCTRY}.dat(+1)" NEW 3)
  else
               cp ${RACE}/tmp/${JOBNAME}_step530_htrans_${JOBFILE_OEMCTRY}.tmp \
    $(setgdg.ksh "${RACE}/dat/${JOBNAME}_validate_htrans_${JOBFILE_OEMCTRY}.dat(+1)" NEW 3)
               cp ${RACE}/tmp/${JOBNAME}_step530_rtrans_${JOBFILE_OEMCTRY}.tmp \
    $(setgdg.ksh "${RACE}/dat/${JOBNAME}_validate_rtrans_${JOBFILE_OEMCTRY}.dat(+1)" NEW 3)
               cp ${RACE}/tmp/${JOBNAME}_step530_ptrans_${JOBFILE_OEMCTRY}.tmp \
    $(setgdg.ksh "${RACE}/dat/${JOBNAME}_validate_ptrans_${JOBFILE_OEMCTRY}.dat(+1)" NEW 3)
  fi


#STEP Step599
  export STEPNAME=Step599
  echo "\n\nSTART ---> ${PROCNAME} ${STEPNAME}" $(date +'%m/%d/%y %H:%M:%S')  " <--- START\n\n"
  #************************************************************************************************
  #  Delete temporary datasets 
  #************************************************************************************************
  if [ ${JOBNAME} = ${REFORMATJOB} ]
  then
    rm -f ${RACE}/tmp/${JOBNAME}_step5*
  else
    rm -f ${RACE}/tmp/${JOBNAME}*
  fi
  
#**************************************************************************************************
# END oem_rpt_validate_supers.ksh
#**************************************************************************************************
+ echo 'RCS : oem_rpt_validate_supers.ksh,v 1.14 2020/08/26 00:55:48 pg2697 Exp $'
RCS : oem_rpt_validate_supers.ksh,v 1.14 2020/08/26 00:55:48 pg2697 Exp $
+ set -xv
+ print ProcessId '=' 717510
ProcessId = 717510
+ trap 'oem_abndalrt.ksh $?' err
+ basename /tmp/mptr450_oem_ref_trans_check_and_split.ksh_run .ksh_run
+ PROCNAME=mptr450_oem_ref_trans_check_and_split
+ export PROCNAME
+ . oem_job.ksh
#!/bin/ksh
echo "RCS $Id: oem_job.ksh,v 1.9 2026/08/07 19:34:48 rj132422 Exp $"
#*****************************************************************************************
# PROCNAME oem_job.ksh
# PURPOSE  Retreive and build UNIX Environment Variables from Oracle Tables
#          Used by RACE OEM Parts Reformat and Update jobs
#*****************************************************************************************
trap 'oem_abndalrt.ksh $?' err
MPTUSERID=`cat ${RACE}/prm/zmptpass.prm`
LOGFILE=$(basename ${JOBLOGNAME})
#*****************************************************************************************
#  Build UNIX environment variables for the job (based on jobname)
#*****************************************************************************************
REFORMATJOB=${JOBNAME}
UPDATEJOB=${JOBNAME}
WORKFILE=${JOBNAME}_oem_job.tmp
#-----------------------------------------------------------------------------------------
(sqlplus -s << % 2>&1)
${MPTUSERID}
SET VERIFY OFF
SET FEEDBACK OFF
SET TAB OFF
SET LINESIZE 100
SET PAGES 0
SET TRIMSPOOL ON
whenever sqlerror exit sql.sqlcode
    exec pkg_oem_job.p_oem_job_sel_03(p_jobname       => '${JOBNAME}',    \
                                      p_tmp_directory => '${OBJ_TMPDIR}', \
                                      p_tmp_filename  => '${WORKFILE}',   \
                                      p_log_directory => '${OBJ_TMPDIR}', \
                                      p_log_filename  => '${LOGFILE%.log}.db.log');
QUIT;
%

# rj132422 - This code was added to avoid race condition between db and shell due the nfs
DB_LOG=${RACE}/tmp/${LOGFILE%.log}.db.log
if [ -s "$DB_LOG" ]; then
    cat "$DB_LOG" >> "${LOGDIR}/${LOGFILE}"
    rm  "$DB_LOG"
fi

#-----------------------------------------------------------------------------------------
export WORKFILE=${RACE}/tmp/${WORKFILE}

#If the ReformatJob Environment variable isn't defined, abend the process
export REFORMATJOB=`cat ${WORKFILE}                   | cut -f1  -d","`
if [ -z "${REFORMATJOB}" ]
then
   abndalrt.ksh environment_not_found_in_oem_job_table.tmp
fi
export UPDATEJOB=`cat ${WORKFILE}                     | cut -f2  -d","`
export JOBOEM=`cat ${WORKFILE}                        | cut -f3  -d","`
export JOBCTRY=`cat ${WORKFILE}                       | cut -f4  -d","`
export JOBOEMNAME=`cat ${WORKFILE}                    | cut -f5  -d","`
export OEMABBRLOWER=`cat ${WORKFILE}                  | cut -f6  -d","`
export JOBPARM=`cat ${WORKFILE}                       | cut -f7  -d","`
export FORMATOEM=`cat ${WORKFILE}                     | cut -f8  -d","`
export FORMATCTRY=`cat ${WORKFILE}                    | cut -f9  -d","`
export JOBFILE_OEMCTRY=`cat ${WORKFILE}               | cut -f10 -d","`
export REPORTSUFFIX=`cat ${WORKFILE}                  | cut -f11 -d","`
export REVERSE_SUPER_JOBPARM=`cat ${WORKFILE}         | cut -f12 -d","`
export PACKAGE_NAME_1=`cat ${WORKFILE}                | cut -f13 -d","`
export PACKAGE_NAME_2=`cat ${WORKFILE}                | cut -f14 -d","`
export DUPLICATE_PARTS_EXPECTED_FLAG=`cat ${WORKFILE} | cut -f15 -d","`
export REFORMAT_BUILDS_RTRANS_FLAG=`cat ${WORKFILE}   | cut -f16 -d","`
export OBSOLETE_JOB_FLAG=`cat ${WORKFILE}             | cut -f17 -d","`
export PREPROCESS_SCRIPT_NAME=`cat ${WORKFILE}        | cut -f18 -d","`


##########################################################################################
# The various Oracle Package call by the OEM system use Global Temporary Tables.
# For some reason (only in the test system at this point in time), the indexes on these
# Global Tempoary Tables are missing.
# The missing indexes result in slooooow processing and often aren't discovered missing
# right away.  To curtail this problem, run a quick check to see if the indexes exist.
# When an index for a Global Temporary Table is not found, it will be created.
##########################################################################################
#-----------------------------------------------------------------------------------------
(sqlplus -s << % 2>&1)
${MPTUSERID}
SET VERIFY OFF
SET FEEDBACK OFF
SET TAB OFF
SET LINESIZE 100
SET PAGES 0
SET TRIMSPOOL ON
SET SERVEROUTPUT ON SIZE 1000000
whenever sqlerror exit sql.sqlcode
    exec pkg_oem_ref_utilities.p_check_gtmp_indexes(p_jobname       => '${JOBNAME}',       \
                                                    p_log_directory => '${OBJ_TMPDIR}',    \
                                                    p_log_filename  => '${LOGFILE%.log}.db.log',       \
                                                    p_debug_level   => '${RACE_DEBUG_LEVEL}');
QUIT;
%

# rj132422 - This code was added to avoid race condition between db and shell due the nfs
DB_LOG=${RACE}/tmp/${LOGFILE%.log}.db.log
if [ -s "$DB_LOG" ]; then
    cat "$DB_LOG" >> "${LOGDIR}/${LOGFILE}"
    rm  "$DB_LOG"
fi
#-----------------------------------------------------------------------------------------

#*****************************************************************************************
# END oem_job.ksh
#*****************************************************************************************+ echo 'RCS : oem_job.ksh,v 1.9 2026/08/07 19:34:48 rj132422 Exp $'
RCS : oem_job.ksh,v 1.9 2026/08/07 19:34:48 rj132422 Exp $
+ trap 'oem_abndalrt.ksh $?' err
cat ${RACE}/prm/zmptpass.prm
+ cat /prod/race/oem/prm/zmptpass.prm
+ MPTUSERID=racejob/q1w2e3r4
+ basename /prod/race/oem/log/mptr450_20260824133350.log
+ LOGFILE=mptr450_20260824133350.log
+ REFORMATJOB=mptr450
+ UPDATEJOB=mptr450
+ WORKFILE=mptr450_oem_job.tmp
+ sqlplus -s
+ 0<< \%
racejob/q1w2e3r4
SET VERIFY OFF
SET FEEDBACK OFF
SET TAB OFF
SET LINESIZE 100
SET PAGES 0
SET TRIMSPOOL ON
whenever sqlerror exit sql.sqlcode
    exec pkg_oem_job.p_oem_job_sel_03(p_jobname       => 'mptr450',                                          p_tmp_directory => 'RACE_OEM_TMP_DIR',                                       p_tmp_filename  => 'mptr450_oem_job.tmp',                                         p_log_directory => 'RACE_OEM_TMP_DIR',                                       p_log_filename  => 'mptr450_20260824133350.db.log');
QUIT;
%
2>& 1
+ DB_LOG=/prod/race/oem/tmp/mptr450_20260824133350.db.log
+ [ -s /prod/race/oem/tmp/mptr450_20260824133350.db.log ]
+ cat /prod/race/oem/tmp/mptr450_20260824133350.db.log
+ 1>> /prod/race/oem/log/mptr450_20260824133350.log

mptr450,mptr451,035,CA,MAZ,maz,zmpt451a,035,CA,maz_ca,mazca,mpt451e,pkg_oem_ref_021,,N,N,N,oem_ref_mptr450_maz_merge.ksh,U,Y,

+ rm /prod/race/oem/tmp/mptr450_20260824133350.db.log
+ WORKFILE=/prod/race/oem/tmp/mptr450_oem_job.tmp
+ export WORKFILE
cat ${WORKFILE}                   | cut -f1  -d","
+ cut -f1 -d,
+ cat /prod/race/oem/tmp/mptr450_oem_job.tmp
+ REFORMATJOB=mptr450
+ export REFORMATJOB
+ [ -z mptr450 ]
cat ${WORKFILE}                     | cut -f2  -d","
+ cut -f2 -d,
+ cat /prod/race/oem/tmp/mptr450_oem_job.tmp
+ UPDATEJOB=mptr451
+ export UPDATEJOB
cat ${WORKFILE}                        | cut -f3  -d","
+ cut -f3 -d,
+ cat /prod/race/oem/tmp/mptr450_oem_job.tmp
+ JOBOEM=035
+ export JOBOEM
cat ${WORKFILE}                       | cut -f4  -d","
+ cut -f4 -d,
+ cat /prod/race/oem/tmp/mptr450_oem_job.tmp
+ JOBCTRY=CA
+ export JOBCTRY
cat ${WORKFILE}                    | cut -f5  -d","
+ cut -f5 -d,
+ cat /prod/race/oem/tmp/mptr450_oem_job.tmp
+ JOBOEMNAME=MAZ
+ export JOBOEMNAME
cat ${WORKFILE}                  | cut -f6  -d","
+ cut -f6 -d,
+ cat /prod/race/oem/tmp/mptr450_oem_job.tmp
+ OEMABBRLOWER=maz
+ export OEMABBRLOWER
cat ${WORKFILE}                       | cut -f7  -d","
+ cut -f7 -d,
+ cat /prod/race/oem/tmp/mptr450_oem_job.tmp
+ JOBPARM=zmpt451a
+ export JOBPARM
cat ${WORKFILE}                     | cut -f8  -d","
+ cat /prod/race/oem/tmp/mptr450_oem_job.tmp
+ cut -f8 -d,
+ FORMATOEM=035
+ export FORMATOEM
cat ${WORKFILE}                    | cut -f9  -d","
+ cat /prod/race/oem/tmp/mptr450_oem_job.tmp
+ cut -f9 -d,
+ FORMATCTRY=CA
+ export FORMATCTRY
cat ${WORKFILE}               | cut -f10 -d","
+ cat /prod/race/oem/tmp/mptr450_oem_job.tmp
+ cut -f10 -d,
+ JOBFILE_OEMCTRY=maz_ca
+ export JOBFILE_OEMCTRY
cat ${WORKFILE}                  | cut -f11 -d","
+ cut -f11 -d,
+ cat /prod/race/oem/tmp/mptr450_oem_job.tmp
+ REPORTSUFFIX=mazca
+ export REPORTSUFFIX
cat ${WORKFILE}         | cut -f12 -d","
+ cat /prod/race/oem/tmp/mptr450_oem_job.tmp
+ cut -f12 -d,
+ REVERSE_SUPER_JOBPARM=mpt451e
+ export REVERSE_SUPER_JOBPARM
cat ${WORKFILE}                | cut -f13 -d","
+ cat /prod/race/oem/tmp/mptr450_oem_job.tmp
+ cut -f13 -d,
+ PACKAGE_NAME_1=pkg_oem_ref_021
+ export PACKAGE_NAME_1
cat ${WORKFILE}                | cut -f14 -d","
+ cut -f14 -d,
+ cat /prod/race/oem/tmp/mptr450_oem_job.tmp
+ PACKAGE_NAME_2=''
+ export PACKAGE_NAME_2
cat ${WORKFILE} | cut -f15 -d","
+ cat /prod/race/oem/tmp/mptr450_oem_job.tmp
+ cut -f15 -d,
+ DUPLICATE_PARTS_EXPECTED_FLAG=N
+ export DUPLICATE_PARTS_EXPECTED_FLAG
cat ${WORKFILE}   | cut -f16 -d","
+ cut -f16 -d,
+ cat /prod/race/oem/tmp/mptr450_oem_job.tmp
+ REFORMAT_BUILDS_RTRANS_FLAG=N
+ export REFORMAT_BUILDS_RTRANS_FLAG
cat ${WORKFILE}             | cut -f17 -d","
+ cut -f17 -d,
+ cat /prod/race/oem/tmp/mptr450_oem_job.tmp
+ OBSOLETE_JOB_FLAG=N
+ export OBSOLETE_JOB_FLAG
cat ${WORKFILE}        | cut -f18 -d","
+ cat /prod/race/oem/tmp/mptr450_oem_job.tmp
+ cut -f18 -d,
+ PREPROCESS_SCRIPT_NAME=oem_ref_mptr450_maz_merge.ksh
+ export PREPROCESS_SCRIPT_NAME
+ sqlplus -s
+ 0<< \%
racejob/q1w2e3r4
SET VERIFY OFF
SET FEEDBACK OFF
SET TAB OFF
SET LINESIZE 100
SET PAGES 0
SET TRIMSPOOL ON
SET SERVEROUTPUT ON SIZE 1000000
whenever sqlerror exit sql.sqlcode
    exec pkg_oem_ref_utilities.p_check_gtmp_indexes(p_jobname       => 'mptr450',                                                           p_log_directory => 'RACE_OEM_TMP_DIR',                                                        p_log_filename  => 'mptr450_20260824133350.db.log',                                                           p_debug_level   => '0');
QUIT;
%
2>& 1
+ DB_LOG=/prod/race/oem/tmp/mptr450_20260824133350.db.log
+ [ -s /prod/race/oem/tmp/mptr450_20260824133350.db.log ]
+ cat /prod/race/oem/tmp/mptr450_20260824133350.db.log
+ 1>> /prod/race/oem/log/mptr450_20260824133350.log

Start mptr450 pkg_oem_ref_utilities.p_check_gtmp_indexes


 End  mptr450 pkg_oem_ref_utilities.p_check_gtmp_indexes
+ rm /prod/race/oem/tmp/mptr450_20260824133350.db.log
+ STEPNAME=Step510
+ export STEPNAME
+ date '+%m/%d/%y %H:%M:%S'
+ echo '\n\nSTART ---> mptr450_oem_ref_trans_check_and_split Step510' 08/25/26 08:54:05 ' <--- START\n\n'
\n\nSTART ---> mptr450_oem_ref_trans_check_and_split Step510 08/25/26 08:54:05  <--- START\n\n
+ oem_job_status_update.ksh R 'Step510 Extract the P and N records'
+ REFORMAT_WORKOUT=/prod/race/oem/tmp/mptr450_step510_oemrecs.tmp
+ [ mptr450 '=' mptr450 ]
+ REFORMAT_FILEIN=/prod/race/oem/tmp/mptr450_step216_ref_maz_ca.tmp
+ awk '{ if (substr($0,1,1)=="N") print $0 }' /prod/race/oem/tmp/mptr450_step216_ref_maz_ca.tmp
+ 1> /prod/race/oem/tmp/mptr450_step510_oemrecs.tmp
+ STEPNAME=Step515
+ export STEPNAME
+ date '+%m/%d/%y %H:%M:%S'
+ echo '\n\nSTART ---> mptr450_oem_ref_trans_check_and_split Step515' 08/25/26 08:54:06 ' <--- START\n\n'
\n\nSTART ---> mptr450_oem_ref_trans_check_and_split Step515 08/25/26 08:54:06  <--- START\n\n
+ oem_job_status_update.ksh R 'Step515 Sort unique'
+ SORTFILE_FILEIN=/prod/race/oem/tmp/mptr450_step510_oemrecs.tmp
+ SORT_FILEOUT=/prod/race/oem/tmp/mptr450_step515_oemrecs_sort.tmp
+ rm -f /prod/race/oem/tmp/mptr450_step515_oemrecs_sort.tmp
+ sort -u -k1.7,1.56 -o /prod/race/oem/tmp/mptr450_step515_oemrecs_sort.tmp /prod/race/oem/tmp/mptr450_step510_oemrecs.tmp
+ STEPNAME=Step530
+ export STEPNAME
+ date '+%m/%d/%y %H:%M:%S'
+ echo '\n\nSTART ---> mptr450_oem_ref_trans_check_and_split Step530' 08/25/26 08:54:07 ' <--- START\n\n'
\n\nSTART ---> mptr450_oem_ref_trans_check_and_split Step530 08/25/26 08:54:07  <--- START\n\n
+ oem_job_status_update.ksh R 'Step530 pkg_oem_rpt_validate_supers'
+ INPUT_FILENAME=mptr450_step515_oemrecs_sort.tmp
+ OUTPUT_HTRANS=mptr450_step530_htrans_maz_ca.tmp
+ OUTPUT_PTRANS=mptr450_step530_ptrans_maz_ca.tmp
+ OUTPUT_RTRANS=mptr450_step530_rtrans_maz_ca.tmp
+ OUTPUT_NTRANS=mptr450_step530_ntrans_maz_ca.tmp
+ [ mptr450 '=' mptr450 ]
+ date +%C%y%m%d%H%M%S
+ REPORT_FILENAME=mptr450n_supmazca_20260825085407.rpt
+ sqlplus -s
+ 0<< \%
racejob/q1w2e3r4
SET VERIFY OFF
SET FEEDBACK OFF
SET TAB OFF
SET LINESIZE 100
SET PAGES 0
SET TRIMSPOOL ON
whenever sqlerror exit sql.sqlcode
    exec pkg_oem_rpt_validate_supers.p_main_procedure(p_this_job           => 'mptr450',                                                                p_reformat_job       => 'mptr450',                                                            p_log_directory      => 'RACE_OEM_LOG_DIR',                                                             p_log_filename       => 'mptr450_20260824133350.log',                                                                p_input_directory    => 'RACE_OEM_TMP_DIR',                                                             p_input_filename     => 'mptr450_step515_oemrecs_sort.tmp',                                                         p_output_directory   => 'RACE_OEM_TMP_DIR',                                                             p_output_htrans      => 'mptr450_step530_htrans_maz_ca.tmp',                                                          p_output_ptrans      => 'mptr450_step530_ptrans_maz_ca.tmp',                                                          p_output_rtrans      => 'mptr450_step530_rtrans_maz_ca.tmp',                                                          p_output_ntrans      => 'mptr450_step530_ntrans_maz_ca.tmp',                                                          p_report_directory   => 'RACE_OEM_RPT_DIR',                                                             p_report_filename    => 'mptr450n_supmazca_20260825085407.rpt',                                                        p_debug_level        => '0',                                                       p_dbms_profiler_flag => 'N');
QUIT;
%
2>& 1
+ STEPNAME=Step531R
+ export STEPNAME
+ date '+%m/%d/%y %H:%M:%S'
+ echo '\n\nSTART ---> mptr450_oem_ref_trans_check_and_split Step531R' 08/25/26 08:54:27 ' <--- START\n\n'
\n\nSTART ---> mptr450_oem_ref_trans_check_and_split Step531R 08/25/26 08:54:27  <--- START\n\n
+ oem_job_status_update.ksh R 'Step531R Report Distribution'
+ [ mptr450 '=' mptr450 ]
+ email_rpt.ksh mptr450n
RCS : email_rpt.ksh,v 1.7 2021/11/02 19:13:13 pg2697 Exp $
LATEST REPORT TO BE EMAILED: mptr450n_supmazca_20260825085407.txt from /prod/race/oem/tmp.
+ rpt_log_retention.ksh mptr450n
\n Begin rpt_log_retention.ksh \n
Processing REPORTID=mptr450n

SQL*Plus: Release 19.0.0.0.0 - Production on Tue Aug 25 08:54:28 2026
Version 19.29.0.0.0

Copyright (c) 1982, 2025, Oracle.  All rights reserved.

Enter user-name: Last Successful login time: Tue Aug 25 2026 08:54:27 -07:00

Connected to:
Oracle Database 19c Enterprise Edition Release 19.0.0.0.0 - Production
Version 19.30.0.0.0

SQL> SQL> SQL> 
PL/SQL procedure successfully completed.

SQL> SQL> Disconnected from Oracle Database 19c Enterprise Edition Release 19.0.0.0.0 - Production
Version 19.30.0.0.0
oldest file removed: /prod/race/oem/rpt/mptr450n_supmazca_20260526061856.rpt (due to retention)
oldest file removed: /prod/race/oem/rpt/mptr450n_supmazca_20260325115840.rpt (due to retention)
oldest file removed: /prod/race/oem/rpt/mptr450n_supmazca_20260225054914.rpt (due to retention)
oldest file removed: /prod/race/oem/rpt/mptr450n_supmazca_20260126081957.rpt (due to retention)
\n End rpt_log_retention.ksh
+ STEPNAME=Step570
+ export STEPNAME
+ date '+%m/%d/%y %H:%M:%S'
+ echo '\n\nSTART ---> mptr450_oem_ref_trans_check_and_split Step570' 08/25/26 08:54:28 ' <--- START\n\n'
\n\nSTART ---> mptr450_oem_ref_trans_check_and_split Step570 08/25/26 08:54:28  <--- START\n\n
+ oem_job_status_update.ksh R 'Step570 Save files'
+ [ mptr450 '=' mptr450 ]
+ setgdg.ksh '/prod/race/oem/dat/mptr450_looping_oem_ntrans_maz_ca.dat(+1)' NEW 3
+ cp /prod/race/oem/tmp/mptr450_step530_ntrans_maz_ca.tmp /prod/race/oem/dat/mptr450_looping_oem_ntrans_maz_ca.dat.g31
+ STEPNAME=Step599
+ export STEPNAME
+ date '+%m/%d/%y %H:%M:%S'
+ echo '\n\nSTART ---> mptr450_oem_ref_trans_check_and_split Step599' 08/25/26 08:54:28 ' <--- START\n\n'
\n\nSTART ---> mptr450_oem_ref_trans_check_and_split Step599 08/25/26 08:54:28  <--- START\n\n
+ [ mptr450 '=' mptr450 ]
+ rm -f /prod/race/oem/tmp/mptr450_step510_oemrecs.tmp /prod/race/oem/tmp/mptr450_step515_oemrecs_sort.tmp /prod/race/oem/tmp/mptr450_step530_ntrans_maz_ca.tmp
  

#STEP Step222R
  export STEPNAME=Step222R
+ STEPNAME=Step222R
+ export STEPNAME
  echo "\n\nSTART ---> ${PROCNAME} ${STEPNAME}" $(date +'%m/%d/%y %H:%M:%S')  " <--- START\n\n"
+ date '+%m/%d/%y %H:%M:%S'
+ echo '\n\nSTART ---> mptr450_oem_ref_trans_check_and_split Step222R' 08/25/26 08:54:29 ' <--- START\n\n'
\n\nSTART ---> mptr450_oem_ref_trans_check_and_split Step222R 08/25/26 08:54:29  <--- START\n\n
  oem_job_status_update.ksh "R" "${STEPNAME} Drop supersessions reported by pkg_oem_rpt_validate_supers"
+ oem_job_status_update.ksh R 'Step222R Drop supersessions reported by pkg_oem_rpt_validate_supers'
  #*************************************************************************************************
  #    *** Drop identified looping supersessions from Reformat File using these 6 steps          ***
  #    *** NOTE: at the end of this step, the REFORMAT_FILEIN is OVERLAYED                       ***
  #*************************************************************************************************
  # 1. awk to create subset of all Reformat Transactions EXCEPT for the ntrans in the Reformat File
  # 2. awk to create subset of all ntrans records in the Reformat
  # 3. cat to combine Reformat ntrans with LOOPING Ntrans (identified by pkg_oem_rpt_validate_supers)
  # 4. awk the 1st 56 bytes of the combined file to identify "duplicated" 'N' supersession records.
  #    *** This will get rid of BOTH duplicate records from the combined file which is effectively 
  #        eliminating the identifiable loops from being sent to the Update Job!
  # 5. sort "other trans" and "reduced ntrans" together to rebuild the "complete" Reformat transaction file
  #*************************************************************************************************
  SUPLOOPS_FILEIN=$(setgdg.ksh "${RACE}/dat/${REFORMATJOB}_looping_oem_ntrans_${JOBFILE_OEMCTRY}.dat(0)") 
+ setgdg.ksh '/prod/race/oem/dat/mptr450_looping_oem_ntrans_maz_ca.dat(0)'
+ SUPLOOPS_FILEIN=/prod/race/oem/dat/mptr450_looping_oem_ntrans_maz_ca.dat.g31
  REFORMAT_FILEIN=${RACE}/tmp/${JOBNAME}_step216_ref_${JOBFILE_OEMCTRY}.tmp                            
+ REFORMAT_FILEIN=/prod/race/oem/tmp/mptr450_step216_ref_maz_ca.tmp
  REFORMAT_FILEOUT=${RACE}/tmp/${JOBNAME}_step222_ref_${JOBFILE_OEMCTRY}.tmp
+ REFORMAT_FILEOUT=/prod/race/oem/tmp/mptr450_step222_ref_maz_ca.tmp
  #*************************************************************************************************
  # 1. Subset for REFORMAT File of all NON-supersession records ('A','C','D','P',etc)
  MAINREF_OTHERS=${RACE}/tmp/${JOBNAME}_step222_ref_others_${JOBFILE_OEMCTRY}.tmp
+ MAINREF_OTHERS=/prod/race/oem/tmp/mptr450_step222_ref_others_maz_ca.tmp
  awk '{ if (substr($0,1,1)!="N") print $0 }' ${REFORMAT_FILEIN} > ${MAINREF_OTHERS}
+ awk '{ if (substr($0,1,1)!="N") print $0 }' /prod/race/oem/tmp/mptr450_step216_ref_maz_ca.tmp
+ 1> /prod/race/oem/tmp/mptr450_step222_ref_others_maz_ca.tmp
  #*************************************************************************************************
  # 2. Subset for REFORMAT File of all supersession 'N' records
  MAINREF_NTRANS=${RACE}/tmp/${JOBNAME}_step222_ref_ntrans_${JOBFILE_OEMCTRY}.tmp
+ MAINREF_NTRANS=/prod/race/oem/tmp/mptr450_step222_ref_ntrans_maz_ca.tmp
  awk '{ if (substr($0,1,1)=="N") print $0 }' ${REFORMAT_FILEIN} > ${MAINREF_NTRANS}
+ awk '{ if (substr($0,1,1)=="N") print $0 }' /prod/race/oem/tmp/mptr450_step216_ref_maz_ca.tmp
+ 1> /prod/race/oem/tmp/mptr450_step222_ref_ntrans_maz_ca.tmp
  #*************************************************************************************************
  # 3. cat to Combine Reformat Ntrans with LOOPING Ntrans (identified by pkg_oem_rpt_validate_supers)
  MERGED_NTRANS=${RACE}/tmp/${JOBNAME}_step222_ntrans_merged_${JOBFILE_OEMCTRY}.tmp
+ MERGED_NTRANS=/prod/race/oem/tmp/mptr450_step222_ntrans_merged_maz_ca.tmp
  cat ${SUPLOOPS_FILEIN} ${MAINREF_NTRANS} > ${MERGED_NTRANS}   
+ cat /prod/race/oem/dat/mptr450_looping_oem_ntrans_maz_ca.dat.g31 /prod/race/oem/tmp/mptr450_step222_ref_ntrans_maz_ca.tmp
+ 1> /prod/race/oem/tmp/mptr450_step222_ntrans_merged_maz_ca.tmp
  #*************************************************************************************************
  # 4. awk the 1st 56 bytes of the combined file to identify "duplicate" 'N' supersession records.
  #    This will get rid of BOTH duplicate records from the combined file (effectively eliminating the identifiable loops)
  REDUCED_NTRANS=${RACE}/tmp/${JOBNAME}_step222_reduced_ntrans_${JOBFILE_OEMCTRY}.tmp
+ REDUCED_NTRANS=/prod/race/oem/tmp/mptr450_step222_reduced_ntrans_maz_ca.tmp
  awk '{ k=substr($0,1,56) ; line[k]=$0 ; freq[k]++ } END { for (x in freq) if (freq[x]==1) print line[x]}' ${MERGED_NTRANS} > ${REDUCED_NTRANS}
+ awk '{ k=substr($0,1,56) ; line[k]=$0 ; freq[k]++ } END { for (x in freq) if (freq[x]==1) print line[x]}' /prod/race/oem/tmp/mptr450_step222_ntrans_merged_maz_ca.tmp
+ 1> /prod/race/oem/tmp/mptr450_step222_reduced_ntrans_maz_ca.tmp
  #*************************************************************************************************
  # 5. sort "other trans" and "reduced ntrans" together to rebuild the "complete" Reformat transaction file
  #                  +---------+----------+-----------+------------+-----------------+
  #                  |Transcode| Old Part |  New Part |Price Revrsd| Descrip Reversed|
  #                  +---------+----------+-----------+------------+-----------------+                  
  SORTIN_BOTH="${MAINREF_OTHERS} ${REDUCED_NTRANS}"
+ SORTIN_BOTH='/prod/race/oem/tmp/mptr450_step222_ref_others_maz_ca.tmp /prod/race/oem/tmp/mptr450_step222_reduced_ntrans_maz_ca.tmp'
  
  sort -T ${RACE}/tmp -k1.1,1.1 -k1.7,1.31 -k1.32,1.56 -k1.57,1.71r -k1.88,1.167r -o ${REFORMAT_FILEOUT} ${SORTIN_BOTH}  


+ sort -T /prod/race/oem/tmp -k1.1,1.1 -k1.7,1.31 -k1.32,1.56 -k1.57,1.71r -k1.88,1.167r -o /prod/race/oem/tmp/mptr450_step222_ref_maz_ca.tmp /prod/race/oem/tmp/mptr450_step222_ref_others_maz_ca.tmp /prod/race/oem/tmp/mptr450_step222_reduced_ntrans_maz_ca.tmp
#STEP Step250R
  export STEPNAME=Step250R
+ STEPNAME=Step250R
+ export STEPNAME
  echo "    Start " ${STEPNAME} "    "$(date)
+ date
+ echo '    Start ' Step250R '    Tue' Aug 25 08:54:48 AM PDT 2026
    Start  Step250R     Tue Aug 25 08:54:48 AM PDT 2026
  oem_job_status_update.ksh "R" "${STEPNAME} pkg_oem_upd_utilities.p_electronic_balancing_check"
+ oem_job_status_update.ksh R 'Step250R pkg_oem_upd_utilities.p_electronic_balancing_check'
  #********************************************************************************************
  # Check p_electronic_balancing_check
  #********************************************************************************************
#----------------------------------------------------------------------------------------------
(sqlplus -s << % 2>&1)
${MPTUSERID}
SET VERIFY OFF
SET FEEDBACK OFF
SET TAB OFF
SET LINESIZE 100
SET PAGES 0
SET TRIMSPOOL ON
whenever sqlerror exit sql.sqlcode
    exec pkg_oem_upd_utilities.p_electronic_balancing_check(p_jobtype         => 'R',            \
                                                            p_jobname         => '${JOBNAME}',   \
                                                            p_log_directory   => '${OBJ_LOGDIR}',\
                                                            p_log_filename    => '${LOGFILE}',   \
                                                            p_input_directory => '${OBJ_PRMDIR}',\
                                                            p_input_filename  => '${JOBPARM}.prm');
QUIT;
%
+ sqlplus -s
+ 0<< \%
racejob/q1w2e3r4
SET VERIFY OFF
SET FEEDBACK OFF
SET TAB OFF
SET LINESIZE 100
SET PAGES 0
SET TRIMSPOOL ON
whenever sqlerror exit sql.sqlcode
    exec pkg_oem_upd_utilities.p_electronic_balancing_check(p_jobtype         => 'R',                                                                        p_jobname         => 'mptr450',                                                               p_log_directory   => 'RACE_OEM_LOG_DIR',                                                            p_log_filename    => 'mptr450_20260824133350.log',                                                               p_input_directory => 'RACE_OEM_PRM_DIR',                                                            p_input_filename  => 'zmpt451a.prm');
QUIT;
%
2>& 1
#----------------------------------------------------------------------------------------------


#STEP Step260R
  export STEPNAME=Step260R
+ STEPNAME=Step260R
+ export STEPNAME
  echo "\n\nSTART ---> ${PROCNAME} ${STEPNAME}" $(date +'%m/%d/%y %H:%M:%S')  " <--- START\n\n"
+ date '+%m/%d/%y %H:%M:%S'
+ echo '\n\nSTART ---> mptr450_oem_ref_trans_check_and_split Step260R' 08/25/26 08:54:49 ' <--- START\n\n'
\n\nSTART ---> mptr450_oem_ref_trans_check_and_split Step260R 08/25/26 08:54:49  <--- START\n\n
  oem_job_status_update.ksh "R" "${STEPNAME} Save 3 generations of Reformat Trans File"
+ oem_job_status_update.ksh R 'Step260R Save 3 generations of Reformat Trans File'
  #**************************************************************************************
  #  Save 3 generations of the reformated transaction file
  #**************************************************************************************
  REFORMAT_FILEIN=${RACE}/tmp/${JOBNAME}_step222_ref_${JOBFILE_OEMCTRY}.tmp
+ REFORMAT_FILEIN=/prod/race/oem/tmp/mptr450_step222_ref_maz_ca.tmp
  REFORMAT_GDG_OUT=$(setgdg.ksh "${RACE}/dat/${JOBNAME}_ref_${JOBFILE_OEMCTRY}.dat(+01)" NEW 3 )

+ setgdg.ksh '/prod/race/oem/dat/mptr450_ref_maz_ca.dat(+01)' NEW 3
+ REFORMAT_GDG_OUT=/prod/race/oem/dat/mptr450_ref_maz_ca.dat.g65
  cp ${REFORMAT_FILEIN} ${REFORMAT_GDG_OUT}
+ cp /prod/race/oem/tmp/mptr450_step222_ref_maz_ca.tmp /prod/race/oem/dat/mptr450_ref_maz_ca.dat.g65
  
  
#STEP Step270R
  export STEPNAME=Step270R
+ STEPNAME=Step270R
+ export STEPNAME
  echo "\n\nSTART ---> ${PROCNAME} ${STEPNAME}" $(date +'%m/%d/%y %H:%M:%S')  " <--- START\n\n"
+ date '+%m/%d/%y %H:%M:%S'
+ echo '\n\nSTART ---> mptr450_oem_ref_trans_check_and_split Step270R' 08/25/26 08:54:50 ' <--- START\n\n'
\n\nSTART ---> mptr450_oem_ref_trans_check_and_split Step270R 08/25/26 08:54:50  <--- START\n\n
  oem_job_status_update.ksh "R" "${STEPNAME} pkg_oem_ref_part_number_check"
+ oem_job_status_update.ksh R 'Step270R pkg_oem_ref_part_number_check'
  #**************************************************************************************
  #  Program: pkg_oem_ref_part_number_check
  #**************************************************************************************
  INPUT_FILEPATH=$(setgdg.ksh "${RACE}/dat/${JOBNAME}_ref_${JOBFILE_OEMCTRY}.dat(0)")
+ setgdg.ksh '/prod/race/oem/dat/mptr450_ref_maz_ca.dat(0)'
+ INPUT_FILEPATH=/prod/race/oem/dat/mptr450_ref_maz_ca.dat.g65
  INPUT_FILENAME=$(basename ${INPUT_FILEPATH})

+ basename /prod/race/oem/dat/mptr450_ref_maz_ca.dat.g65
+ INPUT_FILENAME=mptr450_ref_maz_ca.dat.g65
  REPORT_FILE_D=${JOBNAME}d_edt${REPORTSUFFIX}_$(date +'%C%y%m%d%H%M%S').rpt
+ date +%C%y%m%d%H%M%S
+ REPORT_FILE_D=mptr450d_edtmazca_20260825085450.rpt
  REPORT_FILE_C=${JOBNAME}c_cmp${REPORTSUFFIX}_$(date +'%C%y%m%d%H%M%S').rpt
+ date +%C%y%m%d%H%M%S
+ REPORT_FILE_C=mptr450c_cmpmazca_20260825085450.rpt
  REPORT_FILE_X=${JOBNAME}x_dup${REPORTSUFFIX}_$(date +'%C%y%m%d%H%M%S').rpt

+ date +%C%y%m%d%H%M%S
+ REPORT_FILE_X=mptr450x_dupmazca_20260825085450.rpt
#----------------------------------------------------------------------------------------
(sqlplus -s << % 2>&1)
${MPTUSERID}
SET ECHO ON;
SET FEEDBACK ON;
SET VERIFY ON;
SET LINESIZE 80;
SET SERVEROUTPUT ON;
whenever sqlerror exit sql.sqlcode
    exec pkg_oem_ref_part_number_check.p_main_procedure(p_reformat_job                => '${REFORMATJOB}',      \
                                                        p_log_directory               => '${OBJ_LOGDIR}',       \
                                                        p_log_filename                => '${LOGFILE}',          \
                                                        p_input_directory             => '${OBJ_DATDIR}',       \
                                                        p_input_filename              => '${INPUT_FILENAME}',   \
                                                        p_report_directory            => '${OBJ_RPTDIR}',       \
                                                        p_report_file_mask            => '${REPORT_FILE_D}', \
                                                        p_report_file_comp            => '${REPORT_FILE_C}', \
                                                        p_report_file_dups            => '${REPORT_FILE_X}', \
                                                        p_format_part_supplier_number => '${FORMATOEM}',        \
                                                        p_format_country_abbr         => '${FORMATCTRY}',       \
                                                        p_debug_level                 => '${RACE_DEBUG_LEVEL}', \
                                                        p_dbms_profiler_flag          => '${RACE_DBMS_PROFILER_FLAG}');
QUIT;
%
+ sqlplus -s
+ 0<< \%
racejob/q1w2e3r4
SET ECHO ON;
SET FEEDBACK ON;
SET VERIFY ON;
SET LINESIZE 80;
SET SERVEROUTPUT ON;
whenever sqlerror exit sql.sqlcode
    exec pkg_oem_ref_part_number_check.p_main_procedure(p_reformat_job                => 'mptr450',                                                              p_log_directory               => 'RACE_OEM_LOG_DIR',                                                               p_log_filename                => 'mptr450_20260824133350.log',                                                                  p_input_directory             => 'RACE_OEM_DAT_DIR',                                                               p_input_filename              => 'mptr450_ref_maz_ca.dat.g65',                                                           p_report_directory            => 'RACE_OEM_RPT_DIR',                                                               p_report_file_mask            => 'mptr450d_edtmazca_20260825085450.rpt',                                                         p_report_file_comp            => 'mptr450c_cmpmazca_20260825085450.rpt',                                                         p_report_file_dups            => 'mptr450x_dupmazca_20260825085450.rpt',                                                         p_format_part_supplier_number => '035',                                                                p_format_country_abbr         => 'CA',                                                               p_debug_level                 => '0',                                                         p_dbms_profiler_flag          => 'N');
QUIT;
%
2>& 1

PL/SQL procedure successfully completed.

#----------------------------------------------------------------------------------------


#STEP Step271R
  export STEPNAME=Step271R
+ STEPNAME=Step271R
+ export STEPNAME
  echo "\n\nSTART ---> ${PROCNAME} ${STEPNAME}" $(date +'%m/%d/%y %H:%M:%S')  " <--- START\n\n"
+ date '+%m/%d/%y %H:%M:%S'
+ echo '\n\nSTART ---> mptr450_oem_ref_trans_check_and_split Step271R' 08/25/26 08:55:20 ' <--- START\n\n'
\n\nSTART ---> mptr450_oem_ref_trans_check_and_split Step271R 08/25/26 08:55:20  <--- START\n\n
  oem_job_status_update.ksh "R" "${STEPNAME} Report Distribution"
+ oem_job_status_update.ksh R 'Step271R Report Distribution'
  #**************************************************************************************
  #  Emails and Handles Retention for Report(s) created in previous step  
  #**************************************************************************************
    
  email_rpt.ksh "${JOBNAME}d" 
+ email_rpt.ksh mptr450d
RCS : email_rpt.ksh,v 1.7 2021/11/02 19:13:13 pg2697 Exp $
LATEST REPORT TO BE EMAILED: mptr450d_edtmazca_20260825085450.txt from /prod/race/oem/tmp.
  rpt_log_retention.ksh "${JOBNAME}d"  

+ rpt_log_retention.ksh mptr450d
\n Begin rpt_log_retention.ksh \n
Processing REPORTID=mptr450d

SQL*Plus: Release 19.0.0.0.0 - Production on Tue Aug 25 08:55:22 2026
Version 19.29.0.0.0

Copyright (c) 1982, 2025, Oracle.  All rights reserved.

Enter user-name: Last Successful login time: Tue Aug 25 2026 08:55:20 -07:00

Connected to:
Oracle Database 19c Enterprise Edition Release 19.0.0.0.0 - Production
Version 19.30.0.0.0

SQL> SQL> SQL> 
PL/SQL procedure successfully completed.

SQL> SQL> Disconnected from Oracle Database 19c Enterprise Edition Release 19.0.0.0.0 - Production
Version 19.30.0.0.0
oldest file removed: /prod/race/oem/rpt/mptr450d_edtmazca_20260526061952.rpt (due to retention)
oldest file removed: /prod/race/oem/rpt/mptr450d_edtmazca_20260325115937.rpt (due to retention)
oldest file removed: /prod/race/oem/rpt/mptr450d_edtmazca_20260225055011.rpt (due to retention)
oldest file removed: /prod/race/oem/rpt/mptr450d_edtmazca_20260126082053.rpt (due to retention)
\n End rpt_log_retention.ksh
  email_rpt.ksh "${JOBNAME}c"
+ email_rpt.ksh mptr450c
RCS : email_rpt.ksh,v 1.7 2021/11/02 19:13:13 pg2697 Exp $
LATEST REPORT TO BE EMAILED: mptr450c_cmpmazca_20260825085450.txt from /prod/race/oem/tmp.
  rpt_log_retention.ksh "${JOBNAME}c"  

+ rpt_log_retention.ksh mptr450c
\n Begin rpt_log_retention.ksh \n
Processing REPORTID=mptr450c

SQL*Plus: Release 19.0.0.0.0 - Production on Tue Aug 25 08:55:23 2026
Version 19.29.0.0.0

Copyright (c) 1982, 2025, Oracle.  All rights reserved.

Enter user-name: Last Successful login time: Tue Aug 25 2026 08:55:23 -07:00

Connected to:
Oracle Database 19c Enterprise Edition Release 19.0.0.0.0 - Production
Version 19.30.0.0.0

SQL> SQL> SQL> 
PL/SQL procedure successfully completed.

SQL> SQL> Disconnected from Oracle Database 19c Enterprise Edition Release 19.0.0.0.0 - Production
Version 19.30.0.0.0
oldest file removed: /prod/race/oem/rpt/mptr450c_cmpmazca_20260526061952.rpt (due to retention)
oldest file removed: /prod/race/oem/rpt/mptr450c_cmpmazca_20260325115937.rpt (due to retention)
oldest file removed: /prod/race/oem/rpt/mptr450c_cmpmazca_20260225055011.rpt (due to retention)
oldest file removed: /prod/race/oem/rpt/mptr450c_cmpmazca_20260126082053.rpt (due to retention)
\n End rpt_log_retention.ksh
  email_rpt.ksh "${JOBNAME}x" 
+ email_rpt.ksh mptr450x
RCS : email_rpt.ksh,v 1.7 2021/11/02 19:13:13 pg2697 Exp $
LATEST REPORT TO BE EMAILED: mptr450x_dupmazca_20260825085450.txt from /prod/race/oem/tmp.
  rpt_log_retention.ksh "${JOBNAME}x"   

+ rpt_log_retention.ksh mptr450x
\n Begin rpt_log_retention.ksh \n
Processing REPORTID=mptr450x

SQL*Plus: Release 19.0.0.0.0 - Production on Tue Aug 25 08:55:24 2026
Version 19.29.0.0.0

Copyright (c) 1982, 2025, Oracle.  All rights reserved.

Enter user-name: Last Successful login time: Tue Aug 25 2026 08:55:24 -07:00

Connected to:
Oracle Database 19c Enterprise Edition Release 19.0.0.0.0 - Production
Version 19.30.0.0.0

SQL> SQL> SQL> 
PL/SQL procedure successfully completed.

SQL> SQL> Disconnected from Oracle Database 19c Enterprise Edition Release 19.0.0.0.0 - Production
Version 19.30.0.0.0
oldest file removed: /prod/race/oem/rpt/mptr450x_dupmazca_20260526061952.rpt (due to retention)
oldest file removed: /prod/race/oem/rpt/mptr450x_dupmazca_20260325115937.rpt (due to retention)
oldest file removed: /prod/race/oem/rpt/mptr450x_dupmazca_20260225055011.rpt (due to retention)
oldest file removed: /prod/race/oem/rpt/mptr450x_dupmazca_20260126082053.rpt (due to retention)
\n End rpt_log_retention.ksh
  
  
#STEP Step280R
  export STEPNAME=Step280R
+ STEPNAME=Step280R
+ export STEPNAME
  echo "\n\nSTART ---> ${PROCNAME} ${STEPNAME}" $(date +'%m/%d/%y %H:%M:%S')  " <--- START\n\n"
+ date '+%m/%d/%y %H:%M:%S'
+ echo '\n\nSTART ---> mptr450_oem_ref_trans_check_and_split Step280R' 08/25/26 08:55:25 ' <--- START\n\n'
\n\nSTART ---> mptr450_oem_ref_trans_check_and_split Step280R 08/25/26 08:55:25  <--- START\n\n
  oem_job_status_update.ksh "R" "${STEPNAME} pkg_oem_ref_actrans_preprocess"
+ oem_job_status_update.ksh R 'Step280R pkg_oem_ref_actrans_preprocess'
  #**************************************************************************************
  #  Program: pkg_oem_ref_actrans_preprocess
  #           Read old ACTRANS records and compare against the new Reformat records
  #           ACTRANS Old Part Numbers found in Reformat file are processed:
  #           Transaction type 'N' or 'P' --> drop ACTRANS
  #                            'A' or 'C' --> and new part number match rewrite ACTRANS
  #                                           otherwise, drop ACTRANS
  #                                   'D' --> rewrite ACTRANS
  #**************************************************************************************
  ACTRANS_FILEPATH=$(setgdg.ksh "${RACE}/dat/${UPDATEJOB}_actrans_${JOBFILE_OEMCTRY}.dat(0)")              
+ setgdg.ksh '/prod/race/oem/dat/mptr451_actrans_maz_ca.dat(0)'
+ ACTRANS_FILEPATH=/prod/race/oem/dat/mptr451_actrans_maz_ca.dat.g36
  INPUT_FILE_ACTRANS=$( basename ${ACTRANS_FILEPATH} )                               

+ basename /prod/race/oem/dat/mptr451_actrans_maz_ca.dat.g36
+ INPUT_FILE_ACTRANS=mptr451_actrans_maz_ca.dat.g36
  INPUT_FILEPATH=$(setgdg.ksh "${RACE}/dat/${JOBNAME}_ref_${JOBFILE_OEMCTRY}.dat(0)")
+ setgdg.ksh '/prod/race/oem/dat/mptr450_ref_maz_ca.dat(0)'
+ INPUT_FILEPATH=/prod/race/oem/dat/mptr450_ref_maz_ca.dat.g65
  INPUT_FILE_REF=$( basename ${INPUT_FILEPATH} )     

+ basename /prod/race/oem/dat/mptr450_ref_maz_ca.dat.g65
+ INPUT_FILE_REF=mptr450_ref_maz_ca.dat.g65
  OUTPUT_FILE_ACTRANS=${JOBNAME}_step280_actrans_${JOBFILE_OEMCTRY}.tmp

+ OUTPUT_FILE_ACTRANS=mptr450_step280_actrans_maz_ca.tmp
  REPORT_FILE_COUNTS=${JOBNAME}t_act${REPORTSUFFIX}_$(date +'%C%y%m%d%H%M%S').rpt
+ date +%C%y%m%d%H%M%S
+ REPORT_FILE_COUNTS=mptr450t_actmazca_20260825085525.rpt
 
  
#----------------------------------------------------------------------------------------
(sqlplus -s << % 2>&1)
${MPTUSERID}
SET ECHO ON;
SET FEEDBACK ON;
SET VERIFY ON;
SET LINESIZE 80;
SET SERVEROUTPUT ON;
whenever sqlerror exit sql.sqlcode
    exec pkg_oem_ref_actrans_preprocess.p_main_procedure(p_reformat_job        => '${REFORMATJOB}',         \
                                                         p_log_directory       => '${OBJ_LOGDIR}',          \
                                                         p_log_filename        => '${LOGFILE}',             \
                                                         p_input_directory     => '${OBJ_DATDIR}',          \
                                                         p_input_file_ref      => '${INPUT_FILE_REF}',      \
                                                         p_input_file_actrans  => '${INPUT_FILE_ACTRANS}',  \
                                                         p_output_directory    => '${OBJ_TMPDIR}',          \
                                                         p_output_file_actrans => '${OUTPUT_FILE_ACTRANS}', \
                                                         p_report_directory    => '${OBJ_RPTDIR}',          \
                                                         p_report_file_counts  => '${REPORT_FILE_COUNTS}',  \
                                                         p_debug_level         => '${RACE_DEBUG_LEVEL}',    \
                                                         p_dbms_profiler_flag  => '${RACE_DBMS_PROFILER_FLAG}');
QUIT;
%
+ sqlplus -s
+ 0<< \%
racejob/q1w2e3r4
SET ECHO ON;
SET FEEDBACK ON;
SET VERIFY ON;
SET LINESIZE 80;
SET SERVEROUTPUT ON;
whenever sqlerror exit sql.sqlcode
    exec pkg_oem_ref_actrans_preprocess.p_main_procedure(p_reformat_job        => 'mptr450',                                                                  p_log_directory       => 'RACE_OEM_LOG_DIR',                                                                   p_log_filename        => 'mptr450_20260824133350.log',                                                                      p_input_directory     => 'RACE_OEM_DAT_DIR',                                                                   p_input_file_ref      => 'mptr450_ref_maz_ca.dat.g65',                                                               p_input_file_actrans  => 'mptr451_actrans_maz_ca.dat.g36',                                                           p_output_directory    => 'RACE_OEM_TMP_DIR',                                                                   p_output_file_actrans => 'mptr450_step280_actrans_maz_ca.tmp',                                                          p_report_directory    => 'RACE_OEM_RPT_DIR',                                                                   p_report_file_counts  => 'mptr450t_actmazca_20260825085525.rpt',                                                           p_debug_level         => '0',                                                             p_dbms_profiler_flag  => 'N');
QUIT;
%
2>& 1

PL/SQL procedure successfully completed.

#----------------------------------------------------------------------------------------

#STEP Step281R
  export STEPNAME=Step281R
+ STEPNAME=Step281R
+ export STEPNAME
  echo "\n\nSTART ---> ${PROCNAME} ${STEPNAME}" $(date +'%m/%d/%y %H:%M:%S')  " <--- START\n\n"
+ date '+%m/%d/%y %H:%M:%S'
+ echo '\n\nSTART ---> mptr450_oem_ref_trans_check_and_split Step281R' 08/25/26 08:55:41 ' <--- START\n\n'
\n\nSTART ---> mptr450_oem_ref_trans_check_and_split Step281R 08/25/26 08:55:41  <--- START\n\n
  oem_job_status_update.ksh "R" "${STEPNAME} Report Distribution"
+ oem_job_status_update.ksh R 'Step281R Report Distribution'
  #**************************************************************************************
  #  Emails and Handles Retention for Report(s) created in previous step  
  #**************************************************************************************
  email_rpt.ksh "${JOBNAME}t" 
+ email_rpt.ksh mptr450t
RCS : email_rpt.ksh,v 1.7 2021/11/02 19:13:13 pg2697 Exp $
LATEST REPORT TO BE EMAILED: mptr450t_actmazca_20260825085525.txt from /prod/race/oem/tmp.
Report is empty or does not exist. Report will not be distributed.
  rpt_log_retention.ksh "${JOBNAME}t" 

+ rpt_log_retention.ksh mptr450t
\n Begin rpt_log_retention.ksh \n
Processing REPORTID=mptr450t

SQL*Plus: Release 19.0.0.0.0 - Production on Tue Aug 25 08:55:42 2026
Version 19.29.0.0.0

Copyright (c) 1982, 2025, Oracle.  All rights reserved.

Enter user-name: Last Successful login time: Tue Aug 25 2026 08:55:41 -07:00

Connected to:
Oracle Database 19c Enterprise Edition Release 19.0.0.0.0 - Production
Version 19.30.0.0.0

SQL> SQL> SQL> 
PL/SQL procedure successfully completed.

SQL> SQL> Disconnected from Oracle Database 19c Enterprise Edition Release 19.0.0.0.0 - Production
Version 19.30.0.0.0
oldest file removed: /prod/race/oem/rpt/mptr450t_actmazca_20260526062059.rpt (due to retention)
oldest file removed: /prod/race/oem/rpt/mptr450t_actmazca_20260325120048.rpt (due to retention)
oldest file removed: /prod/race/oem/rpt/mptr450t_actmazca_20260225055132.rpt (due to retention)
oldest file removed: /prod/race/oem/rpt/mptr450t_actmazca_20260126082159.rpt (due to retention)
\n End rpt_log_retention.ksh
  
#STEP Step290R
  export STEPNAME=Step290R
+ STEPNAME=Step290R
+ export STEPNAME
  echo "\n\nSTART ---> ${PROCNAME} ${STEPNAME}" $(date +'%m/%d/%y %H:%M:%S')  " <--- START\n\n"
+ date '+%m/%d/%y %H:%M:%S'
+ echo '\n\nSTART ---> mptr450_oem_ref_trans_check_and_split Step290R' 08/25/26 08:55:42 ' <--- START\n\n'
\n\nSTART ---> mptr450_oem_ref_trans_check_and_split Step290R 08/25/26 08:55:42  <--- START\n\n
  if [ ${JOBNAME} = ${REFORMATJOB} ]
  then
    oem_job_status_update.ksh "R" "${STEPNAME} Drop duplicated ACtrans"
    #*************************************************************************************************
    #    *** Isolate "new" actrans and merge with "previous" actrans records ... elimiate duplicates
    # 1. awk to create subset of all transactions except for 'A' and 'C')
    # 2. awk to create subset of all atrans and all ctrans records in the Reformat File 
    # 3. sort -u to remove duplicate actrans creating "reduced" actrans
    # 4. merge and sort NON-actrans with "reduced" actrans 
    #*************************************************************************************************
    REFORMAT_FILEIN=$(setgdg.ksh "${RACE}/dat/${JOBNAME}_ref_${JOBFILE_OEMCTRY}.dat(0)")   #From Step260R
    TEMP_ACTRANS=${RACE}/tmp/${JOBNAME}_step280_actrans_${JOBFILE_OEMCTRY}.tmp             #From Step280R
    #*************************************************************************************************
    # 1. awk to create subset of all transaction except for 'A' and 'C'
    REFTRANS_NOT_ACTRANS=${RACE}/tmp/${JOBNAME}_step290_not_actrans_${JOBFILE_OEMCTRY}.tmp
    awk '{ if (substr($0,1,1)!="A" && substr($0,1,1)!="C") print $0 }' ${REFORMAT_FILEIN} > ${REFTRANS_NOT_ACTRANS}
    #*************************************************************************************************
    # 2. awk to create subset of all ACTrans
    REFTRANS_ACTRANS=${RACE}/tmp/${JOBNAME}_step290_ref_actrans_${JOBFILE_OEMCTRY}.tmp
    awk '{ if (substr($0,1,1)=="A" || substr($0,1,1)=="C") print $0 }' ${REFORMAT_FILEIN} > ${REFTRANS_ACTRANS}
    #*************************************************************************************************
    # 3. UNIQUE sort together actrans files (this may drop records which is the desired result)
    SORTIN_BOTH1="${REFTRANS_ACTRANS} ${TEMP_ACTRANS}"
    ACTRANS_REDUCED=${RACE}/tmp/${JOBNAME}_step290_actrans_reduced_${JOBFILE_OEMCTRY}.tmp
    #                     +---------+----------+-----------+
    #                     |Transcode| Old Part | New Part  |
    #                     +---------+----------+-----------+
    sort -T ${RACE}/tmp -u -k1.1,1.1 -k1.7,1.31 -k1.32,1.56 -o ${ACTRANS_REDUCED} ${SORTIN_BOTH1}
    #*************************************************************************************************
    # 4. sort together actrans and the "other" transactions
    SORTIN_BOTH2="${ACTRANS_REDUCED} ${REFTRANS_NOT_ACTRANS}"
    REFORMAT_SORTOUT=${RACE}/tmp/${JOBNAME}_step290_ref_${JOBFILE_OEMCTRY}_sorted.tmp
    #                  +---------+----------+-----------+------------+-----------------+
    #                  |Transcode| Old Part |  New Part |Price Revrsd| Descrip Reversed|
    #                  +---------+----------+-----------+------------+-----------------+                      
    sort -T ${RACE}/tmp -k1.1,1.1 -k1.7,1.31 -k1.32,1.56 -k1.57,1.71r -k1.88,1.167r -o ${REFORMAT_SORTOUT} ${SORTIN_BOTH2}      
  fi


+ [ mptr450 '=' mptr450 ]
+ oem_job_status_update.ksh R 'Step290R Drop duplicated ACtrans'
+ setgdg.ksh '/prod/race/oem/dat/mptr450_ref_maz_ca.dat(0)'
+ REFORMAT_FILEIN=/prod/race/oem/dat/mptr450_ref_maz_ca.dat.g65
+ TEMP_ACTRANS=/prod/race/oem/tmp/mptr450_step280_actrans_maz_ca.tmp
+ REFTRANS_NOT_ACTRANS=/prod/race/oem/tmp/mptr450_step290_not_actrans_maz_ca.tmp
+ awk '{ if (substr($0,1,1)!="A" && substr($0,1,1)!="C") print $0 }' /prod/race/oem/dat/mptr450_ref_maz_ca.dat.g65
+ 1> /prod/race/oem/tmp/mptr450_step290_not_actrans_maz_ca.tmp
+ REFTRANS_ACTRANS=/prod/race/oem/tmp/mptr450_step290_ref_actrans_maz_ca.tmp
+ awk '{ if (substr($0,1,1)=="A" || substr($0,1,1)=="C") print $0 }' /prod/race/oem/dat/mptr450_ref_maz_ca.dat.g65
+ 1> /prod/race/oem/tmp/mptr450_step290_ref_actrans_maz_ca.tmp
+ SORTIN_BOTH1='/prod/race/oem/tmp/mptr450_step290_ref_actrans_maz_ca.tmp /prod/race/oem/tmp/mptr450_step280_actrans_maz_ca.tmp'
+ ACTRANS_REDUCED=/prod/race/oem/tmp/mptr450_step290_actrans_reduced_maz_ca.tmp
+ sort -T /prod/race/oem/tmp -u -k1.1,1.1 -k1.7,1.31 -k1.32,1.56 -o /prod/race/oem/tmp/mptr450_step290_actrans_reduced_maz_ca.tmp /prod/race/oem/tmp/mptr450_step290_ref_actrans_maz_ca.tmp /prod/race/oem/tmp/mptr450_step280_actrans_maz_ca.tmp
+ SORTIN_BOTH2='/prod/race/oem/tmp/mptr450_step290_actrans_reduced_maz_ca.tmp /prod/race/oem/tmp/mptr450_step290_not_actrans_maz_ca.tmp'
+ REFORMAT_SORTOUT=/prod/race/oem/tmp/mptr450_step290_ref_maz_ca_sorted.tmp
+ sort -T /prod/race/oem/tmp -k1.1,1.1 -k1.7,1.31 -k1.32,1.56 -k1.57,1.71r -k1.88,1.167r -o /prod/race/oem/tmp/mptr450_step290_ref_maz_ca_sorted.tmp /prod/race/oem/tmp/mptr450_step290_actrans_reduced_maz_ca.tmp /prod/race/oem/tmp/mptr450_step290_not_actrans_maz_ca.tmp
#STEP Step300R
  export STEPNAME=Step300R
+ STEPNAME=Step300R
+ export STEPNAME
  echo "\n\nSTART ---> ${PROCNAME} ${STEPNAME}" $(date +'%m/%d/%y %H:%M:%S')  " <--- START\n\n"
+ date '+%m/%d/%y %H:%M:%S'
+ echo '\n\nSTART ---> mptr450_oem_ref_trans_check_and_split Step300R' 08/25/26 08:55:56 ' <--- START\n\n'
\n\nSTART ---> mptr450_oem_ref_trans_check_and_split Step300R 08/25/26 08:55:56  <--- START\n\n
  oem_job_status_update.ksh "R" "${STEPNAME} mptz021 Transaction Split Processing"
+ oem_job_status_update.ksh R 'Step300R mptz021 Transaction Split Processing'
  #**************************************************************************************
  #  Executes mptz021 - Transaction Split Program
  #**************************************************************************************
  export DD_PARMSIN=${RACE}/prm/${JOBPARM}.prm

+ DD_PARMSIN=/prod/race/oem/prm/zmpt451a.prm
+ export DD_PARMSIN
  # NOTE: Use this "tmp" file because it contains the correct actrans records...
  #       It is tempting to use the new "ref" (0) file but don't do it.
  export DD_TRANSIN=${RACE}/tmp/${JOBNAME}_step290_ref_${JOBFILE_OEMCTRY}_sorted.tmp

+ DD_TRANSIN=/prod/race/oem/tmp/mptr450_step290_ref_maz_ca_sorted.tmp
+ export DD_TRANSIN
  export DD_ATRANS=${RACE}/dat/${JOBNAME}_atrans.tmp
+ DD_ATRANS=/prod/race/oem/dat/mptr450_atrans.tmp
+ export DD_ATRANS
  export DD_CTRANS=${RACE}/dat/${JOBNAME}_ctrans.tmp
+ DD_CTRANS=/prod/race/oem/dat/mptr450_ctrans.tmp
+ export DD_CTRANS
  export DD_NTRANS=${RACE}/dat/${JOBNAME}_ntrans.tmp
+ DD_NTRANS=/prod/race/oem/dat/mptr450_ntrans.tmp
+ export DD_NTRANS
  export DD_DTRANS=${RACE}/dat/${JOBNAME}_dtrans.tmp
+ DD_DTRANS=/prod/race/oem/dat/mptr450_dtrans.tmp
+ export DD_DTRANS
  export DD_PTRANS=${RACE}/dat/${JOBNAME}_ptrans.tmp
+ DD_PTRANS=/prod/race/oem/dat/mptr450_ptrans.tmp
+ export DD_PTRANS
  export DD_CNTLRPT=${RACE}/rpt/${JOBNAME}s_splt${REPORTSUFFIX}_$(date +'%C%y%m%d%H%M%S').rpt

+ date +%C%y%m%d%H%M%S
+ DD_CNTLRPT=/prod/race/oem/rpt/mptr450s_spltmazca_20260825085556.rpt
+ export DD_CNTLRPT
  mptz021 2>&1

+ mptz021
+ 2>& 1
Connected user(MFCONNECT) 
AUDITLOG.DISABLE_UDStamp
AUDITLOG.DISABLE_UpdateNonWipFix
AUDITLOG.DISABLE_LOGGING
WS-EFF-DT=09/01/2026
ALLOWABLE PERCENT =0010
   
EFF DATE OF LAST RUN=08/01/2026
RUN DATE OF LAST RUN=07/24/2026
   
HIST_SUPER_RECEIVED_FLAG = Y
    
LAST RUN INVLD-WRITTEN CNT=0000051
THIS RUN INVLD-WRITTEN CNT=0000051
CALCULATED PERCENT CHANGE IN THIS RUN=000000000
   
LAST RUN ASSY-WRITTEN CNT=0005250
THIS RUN ASSY-WRITTEN CNT=0005250
CALCULATED PERCENT CHANGE IN THIS RUN=000000000
   
LAST RUN COMPNT-WRITTEN CNT=0000000
THIS RUN COMPNT-WRITTEN CNT=0000000
  
LAST RUN SUPER-WRITTEN CNT=0208043
THIS RUN SUPER-WRITTEN CNT=0208153
CALCULATED PERCENT CHANGE IN THIS RUN=000000000
   
LAST RUN DISC-WRITTEN CNT=0000000
THIS RUN DISC-WRITTEN CNT=0000000
    
LAST RUN PRICE-WRITTEN CNT=0412429
THIS RUN PRICE-WRITTEN CNT=0412570
CALCULATED PERCENT CHANGE IN THIS RUN=000000000
#STEP Step301R
  export STEPNAME=Step301R
+ STEPNAME=Step301R
+ export STEPNAME
  echo "\n\nSTART ---> ${PROCNAME} ${STEPNAME}" $(date +'%m/%d/%y %H:%M:%S')  " <--- START\n\n"
+ date '+%m/%d/%y %H:%M:%S'
+ echo '\n\nSTART ---> mptr450_oem_ref_trans_check_and_split Step301R' 08/25/26 08:59:09 ' <--- START\n\n'
\n\nSTART ---> mptr450_oem_ref_trans_check_and_split Step301R 08/25/26 08:59:09  <--- START\n\n
  oem_job_status_update.ksh "R" "${STEPNAME} Report Distribution"
+ oem_job_status_update.ksh R 'Step301R Report Distribution'
  #**************************************************************************************
  #  Emails and Handles Retention for Report(s) created in previous step  
  #**************************************************************************************
  email_rpt.ksh "${JOBNAME}s"  
+ email_rpt.ksh mptr450s
RCS : email_rpt.ksh,v 1.7 2021/11/02 19:13:13 pg2697 Exp $
LATEST REPORT TO BE EMAILED: mptr450s_spltmazca_20260825085556.txt from /prod/race/oem/tmp.
  rpt_log_retention.ksh "${JOBNAME}s" 

+ rpt_log_retention.ksh mptr450s
\n Begin rpt_log_retention.ksh \n
Processing REPORTID=mptr450s

SQL*Plus: Release 19.0.0.0.0 - Production on Tue Aug 25 08:59:10 2026
Version 19.29.0.0.0

Copyright (c) 1982, 2025, Oracle.  All rights reserved.

Enter user-name: Last Successful login time: Tue Aug 25 2026 08:59:10 -07:00

Connected to:
Oracle Database 19c Enterprise Edition Release 19.0.0.0.0 - Production
Version 19.30.0.0.0

SQL> SQL> SQL> 
PL/SQL procedure successfully completed.

SQL> SQL> Disconnected from Oracle Database 19c Enterprise Edition Release 19.0.0.0.0 - Production
Version 19.30.0.0.0
oldest file removed: /prod/race/oem/rpt/mptr450s_spltmazca_20260225055220.rpt (due to retention)
oldest file removed: /prod/race/oem/rpt/mptr450s_spltmazca_20260126082245.rpt (due to retention)
oldest file removed: /prod/race/oem/rpt/mptr450s_spltmazca_20251219072829.rpt (due to retention)
oldest file removed: /prod/race/oem/rpt/mptr450s_spltmazca_20251124092735.rpt (due to retention)
oldest file removed: /prod/race/oem/rpt/mptr450s_spltmazca_20251024084527.rpt (due to retention)
\n End rpt_log_retention.ksh
#STEP Step999R
  export STEPNAME=Step999R
+ STEPNAME=Step999R
+ export STEPNAME
  echo "\n\nSTART ---> ${PROCNAME} ${STEPNAME}" $(date +'%m/%d/%y %H:%M:%S')  " <--- START\n\n"
+ date '+%m/%d/%y %H:%M:%S'
+ echo '\n\nSTART ---> mptr450_oem_ref_trans_check_and_split Step999R' 08/25/26 08:59:10 ' <--- START\n\n'
\n\nSTART ---> mptr450_oem_ref_trans_check_and_split Step999R 08/25/26 08:59:10  <--- START\n\n
  oem_job_status_update.ksh "P" "${STEPNAME} Reformat Job Complete"
+ oem_job_status_update.ksh P 'Step999R Reformat Job Complete'
  #**************************************************************************************
  #  Removes job temporary files
  #**************************************************************************************
  rm -f ${RACE}/tmp/${JOBNAME}*


+ rm -f /prod/race/oem/tmp/mptr450_oem_job_datafile.tmp /prod/race/oem/tmp/mptr450_oem_job_notify.tmp /prod/race/oem/tmp/mptr450_oem_job.tmp /prod/race/oem/tmp/mptr450_PRICEA.zip /prod/race/oem/tmp/mptr450_PriceA.zip_ftplist.tmp /prod/race/oem/tmp/mptr450_step020_maz_ca_file_1.tmp /prod/race/oem/tmp/mptr450_step020_maz_ca_filetmp_1.tmp /prod/race/oem/tmp/mptr450_step030_mazca.diff /prod/race/oem/tmp/mptr450_step050_transout.tmp /prod/race/oem/tmp/mptr450_step205_transout.tmp /prod/race/oem/tmp/mptr450_step215_transout_sorted.tmp /prod/race/oem/tmp/mptr450_step216_ref_maz_ca.tmp /prod/race/oem/tmp/mptr450_step222_ntrans_merged_maz_ca.tmp /prod/race/oem/tmp/mptr450_step222_reduced_ntrans_maz_ca.tmp /prod/race/oem/tmp/mptr450_step222_ref_maz_ca.tmp /prod/race/oem/tmp/mptr450_step222_ref_ntrans_maz_ca.tmp /prod/race/oem/tmp/mptr450_step222_ref_others_maz_ca.tmp /prod/race/oem/tmp/mptr450_step280_actrans_maz_ca.tmp /prod/race/oem/tmp/mptr450_step290_actrans_reduced_maz_ca.tmp /prod/race/oem/tmp/mptr450_step290_not_actrans_maz_ca.tmp /prod/race/oem/tmp/mptr450_step290_ref_actrans_maz_ca.tmp /prod/race/oem/tmp/mptr450_step290_ref_maz_ca_sorted.tmp /prod/race/oem/tmp/mptr450_xtabname.tmp /prod/race/oem/tmp/mptr450_xtab_oem_ref_mptr450_maz.log
#****************************************************************************************
# END oem_ref_trans_check_and_split.ksh
#****************************************************************************************
\n\n**************************************************************************************************************
Finished: oem_ref_trans_check_and_split.ksh Step205R   Datetime: 08/25/26 08:59:11   Script: /tmp/mptr450_oem_ref_trans_check_and_split.ksh_run
**************************************************************************************************************\n\n
\n Begin rpt_log_retention.ksh \n
Processing REPORTID=mptr450_

SQL*Plus: Release 19.0.0.0.0 - Production on Tue Aug 25 08:59:11 2026
Version 19.29.0.0.0

Copyright (c) 1982, 2025, Oracle.  All rights reserved.

Enter user-name: Last Successful login time: Tue Aug 25 2026 08:59:10 -07:00

Connected to:
Oracle Database 19c Enterprise Edition Release 19.0.0.0.0 - Production
Version 19.30.0.0.0

SQL> SQL> SQL> 
PL/SQL procedure successfully completed.

SQL> SQL> Disconnected from Oracle Database 19c Enterprise Edition Release 19.0.0.0.0 - Production
Version 19.30.0.0.0
oldest file removed: /prod/race/oem/log/mptr450_20260526061436.log (due to retention)
oldest file removed: /prod/race/oem/log/mptr450_20260325115414.log (due to retention)
oldest file removed: /prod/race/oem/log/mptr450_20260225054429.log (due to retention)
oldest file removed: /prod/race/oem/log/mptr450_20260126081546.log (due to retention)
\n End rpt_log_retention.ksh
    End    mptr450   Tue Aug 25 08:59:11 AM PDT 2026
